x1,x2,y
0.828034507512649,0.3923113695788203,0
-0.2326600306140678,0.3880213016327582,1
0.18642412737756936,0.889281078326319,0
-0.4760423980582183,0.2260332164570774,1
-0.24727817146926168,0.3859321947234193,1
0.2229090767645244,0.7544603032202079,0
-0.9829099005020072,-0.4369809038443071,0
0.24598299168232302,-0.9110670714817688,0
-0.24751703322895185,-0.3153097785846536,1
-0.9515341724171502,-0.25071570530929016,0
-0.23996604329954926,0.5973069333114949,1
0.2241398591292278,0.6096981465985478,1
-0.22419524993551174,-0.3291566470629683,1
0.5286835302499844,-0.053122265117184084,1
-0.04688762192441427,-0.531957366030319,1
-1.0520081008677709,0.17193482646100575,0
0.28789089875805557,0.44277863540201645,1
-0.08183668068403957,-0.9678801568632202,0
-0.25006470268520253,-0.9590841935649531,0
-0.2248162908064806,0.39540040425491935,1
-0.24831531576298377,0.498330067538496,1
-0.449094155712423,0.0015509660562714883,1
0.26436925864857097,-0.6250274132209687,1
0.20557212573719408,-0.4799076505771217,1
0.14893533241001392,-0.5599326892065779,1
-0.014298713206285986,1.0173346362172135,0
0.7310830273841695,0.7806774258333784,0
1.0389245116733412,-0.27679665086545474,0
-0.3992869852121897,0.05074240683932484,1
-0.010251661917421157,-0.9857895188096832,0
-0.1541619054168624,-0.4696071106592578,1
0.4078079223714269,0.21851919932096564,1
-0.2157167098794326,-0.49785716428649107,1
-0.393762895781413,0.1804633223459769,1
0.7835303989760473,-0.7825169511377277,0
-0.5366231538766283,-0.21135825258295948,1
-0.39491440050135257,-0.259284548138098,1
-1.0031199052444124,-0.27824717312659053,0
-0.7379531722847292,-0.7490889958043313,0
0.3179795186643889,0.2562077447861559,1
0.006010227621458148,-0.6025568743932617,1
-0.09745494298645677,1.0305778386734838,0
-0.24813161581346288,0.402662985975616,1
-0.5169885356521818,-0.9838333408748041,0
-0.2900261962552631,0.424638713715636,1
-0.15821893370502807,-1.0536426691410647,0
-0.6380339496368516,-0.1591328787568651,1
-0.06553098175605473,0.4670012011950281,1
0.4347411672760701,-0.7243331440500266,0
-0.727043020550074,-0.7379099145105035,0
-0.4870781691435429,-0.8401467022039235,0
-0.8318183559538588,0.567696438692627,0
0.8133382239459649,0.5774778376117651,0
-0.6179349061628117,0.7401461180869817,0
-0.008228433786452835,-0.6720227362329392,1
-0.9822054256130102,0.4755994440069408,0
-0.42335007741018926,0.1427662508181003,1
-0.45307519782137756,-0.1957805579475807,1
-0.9904592318685228,0.126973785180833,0
0.6950620352073205,0.6725143298720495,0
1.0731778550481315,-0.11405574796472466,0
-0.3050083202490679,0.8895078196558268,0
-0.46988036229043467,-0.12162503572057196,1
0.0808610625515245,-0.46135411684500793,1
-0.882521733632748,-0.05671528912570038,0
-0.8927271276733836,-0.6335051809347078,0
-0.17954501109240978,0.47331694079355907,1
-0.8147618440943795,-0.36151227950221754,0
0.37711179610679124,-0.9081362033751128,0
0.5562845222796441,0.2184263963028913,1
0.36328980646868136,0.10494536663308951,1
-0.23438823280828136,0.4885133835704045,1
-0.878450013691447,-0.6263966855522081,0
0.5122114644779822,-0.48412900355683863,1
0.02568336364091464,-0.5350631086228784,1
0.2836907877792109,0.3589338565818341,1
0.8438419567179097,-0.6354135244916904,0
-0.37439015275896653,0.9101024948823653,0
1.173039121349687,0.37042741729299034,0
0.4755422056443695,0.00863795804817026,1
-0.3204507644501315,-1.0206582097743238,0
0.832385617597399,-0.6542503390623785,0
-0.6224613059428902,-0.07727271431669046,1
0.24259396643634157,0.5267033816468542,1
0.3972678648996945,-0.7976996066736527,0
-1.101002075242853,-0.15748721729426596,0
0.36029847165731643,0.18180555898189887,1
-0.712292380469858,0.48264790896130816,0
0.3915353291518001,-0.12107149621956037,1
0.4243752598519684,-0.255555959415745,1
0.25960577770706983,0.9506962901368466,0
-0.6491092385487574,-0.7077661183899783,0
0.36181513121693654,-0.35951807223512366,1
0.04670938629835386,-0.4356683241916321,1
-0.10833018375362609,-0.8773476185931657,0
0.805432121063044,-0.5328138176111572,0
0.12149670066259088,0.5818715305574962,1
-0.10180539921650766,0.6776283737140995,1
0.052923721434619174,0.42029776604548424,1
-0.1949692171999975,0.4731872166915029,1
-0.025966730762305823,0.40842435443050723,1
-0.3726934712305372,-1.0731528337486687,0
-0.8495532833229537,0.6197471232612416,0
0.5666605986940223,0.20234629217906042,1
-0.4696662618610935,-0.11466012626475608,1
-0.818724167534626,-0.12404909563304597,0
0.031317872309796886,-0.3893836897979687,1
0.10917852816923533,-0.4386846568918876,1
0.29533146769467683,-0.9908460101047435,0
0.26071508055907056,-0.47078457925910355,1
-0.7533492708069537,-0.5094855643057995,0
-0.41869783694295953,-0.1254779907173665,1
-0.26494531787404074,-0.48684039063897055,1
0.4597114886772322,-0.26696019444118624,1
-0.3575996595858221,0.32446712559026136,1
0.7009237623104287,0.6343878208655148,0
-0.35938790979217516,-0.13244944883857554,1
0.45921620187172457,-0.4257135244668535,1
0.3992161050258016,0.8123151783679606,0
-0.3941676793604152,0.39116075018701446,1
-0.1602955111194431,-0.43482530337782854,1
0.8946792144219438,-0.06381640864565585,0
-0.3954412155293792,-0.79514536694889,0
0.9563759803223687,0.25144900015406724,0
0.17533827556519635,0.4667741095491835,1
-0.18256350255165948,0.9233644934994029,0
0.1396884230453289,-0.43092845438823124,1
0.10141676420988464,-1.1100314993476217,0
0.49861296201973876,-0.18100894599621759,1
-0.46237546350015685,0.9122189714136395,0
-0.031437116564370066,0.38556745591404584,1
0.03898931946085074,0.527899407083784,1
-0.9451418652138251,-0.37401275065702944,0
1.0544927500713246,0.024663946755712193,0
-0.9133290799034467,0.43670387300046776,0
-0.25369605470660744,-0.3799307982382075,1
-1.01543409335942,0.16087736710512662,0
-0.5035089185163241,-0.03331375674834637,1
-1.0908026524183987,0.059086699943954976,0
-0.2386323030201461,0.5017822529680209,1
-0.5192461741600976,0.04158560051929225,1
0.04609004985284633,-0.5530356045272068,1
-0.22170225097411655,-0.39003514975570525,1
-0.26799270153057353,-0.8851445256957485,0
0.11716295493785847,-0.48149667547348246,1
-0.07899817492002724,-0.43041721854432347,1
-0.42125183465245797,-0.24719368931941602,1
-0.32540492964958995,0.2916181961747287,1
-0.2191182776389046,-1.1107449127245577,0
0.2025079227750799,-1.0644732166171733,0
0.09676011193680506,-0.5961693236653766,1
-0.6897494266281051,0.6994350950043874,0
-0.8354368943504153,-0.5896952384933524,0
-1.0815831214996525,-0.08652912333540151,0
0.4484156851262247,-0.22614617528997813,1
-0.934562905508553,0.2670952187315939,0
-0.3734057944619926,-0.46357230546081357,1
0.697478500189729,-0.6314759971592628,0
0.08456815157295614,-0.40361338138735936,1
0.2209932031925653,-0.9935406298331699,0
-0.9608025778417207,0.38166517713221493,0
-0.17067285989481162,0.3974132300815162,1
0.3690706464434811,-0.22562606147553263,1
0.24682716797742402,-0.35126018445502705,1
-1.0094215394217576,-0.1967249731223069,0
-0.05703796871367339,-0.46981632351231206,1
-0.23412134096838533,-0.3144091127796914,1
-0.24374388322105775,0.4097233410835322,1
0.7479008837172277,0.7619350824332312,0
0.019223571088522906,0.5249561094755162,1
-0.6000835369138334,0.04713567688828067,1
-0.472411197320854,-0.14943541757284906,1
-0.9615098632905522,0.2888200451029453,0
-0.3910589538080896,0.2194919823113372,1
0.17536405244150036,0.5032358334918148,1
0.5116028987361539,0.23473151694516903,1
0.8566137077855003,0.4976846518036721,0
0.7884560412580328,-0.8890810020100987,0
0.010370800219549517,0.9609534584380685,0
-0.2199949404115928,0.4576918024886144,1
-0.7590336786049878,-0.5036498656468522,0
-0.21536096475075311,-0.4887578263693989,1
-0.15692942907945626,0.4585812532532816,1
-0.8057604010941588,-0.42666949077599614,0
-0.3780764224387242,0.006016635363925356,1
0.12901673840118982,-0.9493122413605385,0
-0.3552108305070903,0.22754304930646316,1
-0.46539693438226903,-0.06558797383265647,1
0.33845563366494086,1.0550655697859135,0
0.293666789971155,-0.4194544843220746,1
0.17728301958418208,-0.9953572908323975,0
-1.0537781222846805,0.2586573672108218,0
-0.4624699439648838,0.12398012743704882,1
0.9496420255542914,0.17608823206771052,0
0.44421047907279465,-0.13131542591815784,1
-0.4171512975976134,0.060126093598242086,1
0.15095205065734318,-0.5295231429539392,1
-0.6583001972910234,0.014233745751277664,1
0.19025486390641855,-0.4182026804978399,1
-0.5441655051169138,-0.10253822237014289,1
-0.2526672869619812,-0.4826776806045231,1
0.03099361954459859,-0.41906349521341013,1
-0.9562726294898294,0.2727263673498199,0
-0.08351147442921703,-0.4799139971066056,1
-0.9338831375138062,0.5061472364043698,0
0.6014394596381092,-0.17333381049542668,1
0.8330916754270603,-0.5624083564936332,0
0.3091083348777073,-0.13907199635715048,1
0.1685209260861658,0.5379829823945028,1
-0.35718091081685066,-1.0062642339556833,0
0.4924057409714222,-0.006930169871589981,1
0.8239988894055159,-0.45946399111351516,0
0.36570238511057807,-0.31229641450700263,1
0.24394162705992212,0.42019618052352126,1
-0.5708780543637948,0.24302942952541834,1
-0.3938957095271342,0.22440046032141497,1
0.4462040411898095,-0.3370284624872973,1
-0.6358653809138191,0.7108419548634529,0
0.689534850527362,-0.6779104355388528,0
0.3348526408893168,-0.2728929755512429,1
-0.08721873187684845,-0.47784679341331915,1
0.45431006353402964,-0.1932443040140595,1
0.7098018551579333,0.7984160994122286,0
0.24457435046440404,-0.517471597357707,1
0.08031015481613377,0.5413320117709866,1
-0.18354810910873173,0.5089775359489735,1
-0.6304643204506131,0.7064176056453171,0
0.6652058501258665,-0.5966194711943922,0
0.03802344894069462,-0.9522113460307611,0
-0.8227754769402436,0.5720562201787768,0
0.10830439495816094,0.4599430567395353,1
-0.5617528786400996,-0.007695555863385439,1
0.9436191390161558,-0.35910739195880814,0
0.11176441286405236,0.7329649137705307,1
0.37526740632026556,0.05552408861983711,1
0.9366568491684374,0.12634937917625766,0
0.15584134891373078,0.3069673303615201,1
0.8884564031188323,0.5227271640389726,0
-1.0387068765577656,0.1925723895547245,0
-0.30740818772285483,-0.18153672393549783,1
-0.689044551897863,0.5041434854507356,0
0.942887042127366,0.05572816086777683,0
-1.013642190292263,-0.07476058054442328,0
-0.3021073297193747,-0.9290382224542131,0
0.9496886158995286,-0.3268144276836632,0
-0.5616899015703374,0.9549417963485386,0
-0.42289313191115474,0.262539329154241,1
0.043388028492002934,1.0603744093682081,0
0.8111139041737604,-0.4200391155818986,0
-0.9575738337104329,-0.397862515245991,0
0.6707349820954802,-0.6979536365525544,0
0.496216105172567,0.04736413657404956,1
-0.19729890339376882,-0.9689708378936126,0
-0.4766599055804034,0.14892794437770646,1
-0.04207563401089523,0.8881618417577813,0
-0.009947615877545057,-0.4155079776109002,1
-0.682223466051506,-0.7135192864741648,0
-1.0466019414135646,-0.14529860396656846,0
-0.8014197106320977,0.6199348848793721,0
0.5819551752571328,0.9246039300085129,0
-0.4840614972947038,0.04264358132655008,1
-0.3814617532816419,0.16608451309852382,1
0.003973785836893328,-0.41554660321977205,1
1.06384119587317,-0.33689894950753196,0
0.38364107882980775,-0.9001060248664504,0
0.6094480888221024,-0.09299998217485454,1
-0.2772156487013432,0.3879934181175187,1
-0.25088924587405304,0.5139200228360836,1
0.4407583701125863,-0.1341712014549247,1
0.34327248606658783,0.10624720198767688,1
0.8628388806294418,-0.07568769967167864,0
-0.2582454340517338,-0.16813042681103754,1
0.41067526102754426,0.34686093019019826,1
0.7937762849344321,0.5705112373863408,0
0.5741813924276321,-0.29457811970648173,1
0.4842970251925657,-0.00622748727009558,1
-0.467562054193247,-0.22696052097955227,1
-0.5229836079028388,0.8221877110590052,0
0.8891131977734591,-0.6342422632973667,0
0.09940792486464885,0.24928852744230384,1
-0.339242324799908,0.14997193953372018,1
0.1565659325028385,-0.5211850700424937,1
0.6648807463004738,0.052594697905593554,1
-0.4155220276442637,0.22537004769212668,1
0.10101665546583644,0.509498814802207,1
-0.9097785403253866,-0.34656727557334327,0
-0.8609564311041035,0.8050666462985513,0
0.029962536704205317,-0.4838050010292087,1
0.7277806128869414,-0.5900717371020633,0
0.5414826108699557,0.34228228233148345,1
-0.16877320201148838,0.41848690782921316,1
-0.16709175968659867,0.4689135629884419,1
0.425761905900052,-0.12512734244615625,1
0.1394788022755563,0.26425534621642294,1
-0.7446600741206352,-0.6361786684928025,0
-0.3221731605585889,0.2479223079631137,1
0.6398391269354629,0.097822743118341,1
0.23718272507537533,1.0410717353159302,0
0.25753747154355733,0.42379818810830316,1
0.043247985622235696,-0.9519054322527268,0
0.4248637981536184,0.2898941816738375,1
0.20458919154067207,0.328192551641286,1
0.03998307440001076,-1.1260135486146536,0
-0.47787485813675484,-0.8651781057102375,0
-0.24711063258191301,0.40494332994301885,1
-0.08572817690779774,0.9913949568936076,0
0.8259196453332435,0.47869849985912677,0
0.04012700203353772,-0.34140818888391805,1
-0.025705290384647694,-0.5704881235339133,1
-0.9053530039208652,-0.46227193767021807,0
0.4733518311274051,-0.7938207932452591,0
0.07554711721156858,0.9397087270151709,0
-0.8264499193559627,0.6155110817273263,0
-0.43577247556585746,0.24251334347846792,1
-0.49891681141397,-0.1451561825818533,1
0.46183777696684786,0.025989573271821213,1
0.518530546438499,0.23810334070606196,1
-0.27908207543776226,-0.47370690561610024,1
0.6813102751018731,-0.713734161620278,0
0.7428866303443409,-0.6236487266762467,0
0.8792899920163376,-0.16639069990570673,0
-0.8005513246523699,0.884292556311591,0
-0.3995934712521878,-0.27922545774492136,1
-0.43518405312401837,-0.08331406617618242,1
0.9412054055411853,0.4511298684301672,0
-0.9232751499315314,0.09065583643291934,0
-0.5143467012767153,-0.8027864611475299,0
0.532159266147846,-0.23805075700102804,1
0.4888294718817645,-0.2832300862832214,1
0.31877149979852915,0.26493642469888073,1
-0.7794352159667811,0.5818883899667654,0
0.46530962738194814,-0.8939761959421675,0
-0.04780702837264077,-0.5333746534908935,1
0.35571033202122154,-0.310941666266765,1
-0.33689546853176056,-0.47003904809037467,1
0.24580430506767476,0.992526406129828,0
-0.8734595765669622,-0.46608743223036675,0
0.5259346595311363,0.21291052672408434,1
-1.04609012000283,0.10514394657134322,0
0.261830491288723,-0.31510553796870594,1
0.009930273164920685,-0.3655518041629404,1
-0.22982709650396282,-0.4247114335045633,1
0.5110258526175665,-0.04413463280502253,1
-0.226751673869251,-0.9505228060665948,0
0.4307546314223249,-0.20019176464014543,1
1.0023877701894164,-0.07731845875685789,0
0.6594501914069604,-0.6842501383875788,0
0.17013914064435778,0.3977800200458632,1
-0.49444489693838745,-0.7682448650372986,0
0.7725772068358344,0.5846406040715955,0
-0.32135561657144285,-0.17579616892960387,1
0.3495239074865961,-0.22919840838194339,1
0.8981430006718197,-0.3759498937498385,0
-1.1197653566388586,-0.0921717259503593,0
0.8151870656839327,0.6926652495660974,0
-0.1576453574341327,0.9853717104548952,0
-0.7436433618851495,-0.7607505396307923,0
0.16773659578992559,-0.41607952721271646,1
0.032956273528891106,1.0226005190253988,0
-0.9461252480946692,0.09579781073082051,0
0.8081889389105003,-0.7865869050577304,0
0.10128086112695876,-0.42276163235682296,1
-0.12054067803328672,-0.5218141611830011,1
0.9475099775156258,-0.25173716195415313,0
-0.7806119929914348,-0.6706068497653557,0
1.0111091493730435,0.40255192606612683,0
0.5709407092272047,-0.8760382675779904,0
0.4258872737740043,0.1932107838650587,1
-0.4627137817980975,0.9727908698597757,0
0.8768530573166944,-0.33687516938358064,0
0.44871373400699155,-0.4236931979232306,1
-0.7704100934580247,-0.4595620669235356,0
0.38231943044962924,-0.9773597851805694,0
0.5640994124741634,-0.6942606158727462,0
-0.36570107959622633,0.30777883224945907,1
0.9876643953195098,-0.2591152719242541,0
0.5517127219384044,-0.4630444234807545,1
0.3466675392183984,-0.41059345883816173,1
0.21653411314234453,0.3938487420538305,1
0.6487846964172912,0.8262899763129201,0
0.2793187092223563,-1.005932962156316,0
-1.0747646132295159,0.07399832671526771,0
0.7377029779100748,-0.729563887031203,0
0.16835281481579623,1.0605291910397048,0
-0.014884075253351808,-1.0063002531371235,0
0.41910954088744873,0.25523032807587337,1
-0.8425837109998175,-0.4827259920256572,0
-0.4784930702045001,0.06695585121390601,1
0.9298318803027141,0.28412725511946574,0
-0.9271862535145583,-0.575460218363394,0
-0.2050069950521291,0.4879811817896044,1
-0.3357640981677805,-0.4125718888621655,1
-0.07506285457788371,0.3938736820547091,1
0.6203926263331515,0.6143651531281126,0
-0.3761925135674397,0.24949417318884767,1
0.9382463798749952,0.39577183118855963,0
-0.3759997968601993,-0.4731687507067517,1
0.2372898519693985,0.5312559702182053,1
0.023856538702543846,-0.5278798383820416,1
0.4333571705178965,0.1851161978259876,1
0.26761777281398064,-0.438911464960652,1
-0.1640926180305556,0.42696215614431143,1
-0.9206160161550128,0.22915757421533645,0
-0.19779503173961352,-0.4825637985335546,1
-0.4078027347395595,0.4208448980627244,1
0.8485180318917186,0.5306379590490541,0
0.3299437819497971,-0.9616265033595169,0
-0.1559390210562215,0.45075657311059575,1
-0.4190107016002638,0.3127710192126081,1
-0.0647751342846258,-0.5311992054091614,1
-0.40206307953224746,-0.8768308352435071,0
-0.7538275475881094,0.6043254655558047,0
0.5108237357922156,0.3891215894486932,1
0.15058745553645483,-0.3727922811334008,1
0.5256681585965796,-0.08271933550261279,1
0.4494747625723078,0.24324172260889543,1
0.5395673808290464,0.04169285940567844,1
-0.17607585151440966,0.39319383760008647,1
-0.3563991218660256,0.2511987245410292,1
1.0541189806464248,-0.07477013459693879,0
0.5113786626838761,-0.02363626639664592,1
0.38310437994917274,0.21317495585235297,1
-0.3571508925425864,0.9916456688667212,0
1.051921474712006,-0.11514274978076075,0
-0.5866450057215447,0.7514306929249155,0
-0.9258958955075877,0.11115152642658384,0
0.15613776318883407,1.0065073547055232,0
0.6612356273709634,0.6885208292034356,0
-0.517217771869459,0.15555945778019065,1
0.5336184892647308,0.32057697660518997,1
-0.932484878380884,0.6257766645578562,0
-0.5310971673473861,0.14181369877425704,1
-0.7588453801278605,-0.6540599488597717,0
-0.36993123506170167,-0.42839715572145176,1
0.44599232985956994,-0.14350960306485389,1
-0.04099205562650157,0.3973384393602306,1
-0.9412104304178257,0.2946213967678025,0
-0.45229128634884347,-0.060697395894714845,1
0.4968877602861833,-0.9029481788189571,0
-0.42720750430082527,0.4103197392425735,1
-0.33989561753435654,-1.0150903635855613,0
0.005821670733471063,0.47332378599257385,1
0.07632834252730608,1.006911287379231,0
0.45540401165532324,0.24015632501904627,1
0.4968115524276656,0.9266339234492755,0
0.019024846345224375,-0.4189625881538407,1
-0.36351077028890055,-0.9334253870941788,0
-0.754879457787839,0.6875148500883675,0
-0.12696297898020872,0.49028770148527123,1
0.16922034557060206,0.369591537732059,1
-0.11127564335804527,1.0225227560372416,0
-0.6832294665350598,-0.8993882659374558,0
-0.12481672613933442,0.4067412693087067,1
0.5582667053139507,0.07442365601772996,1
0.21990950259884268,-0.3672311741109507,1
0.04940417198288627,0.5383840564836246,1
-0.48937083911377355,0.14842035564042688,1
0.6010172255734552,-0.4440030179751109,1
-0.21138072395634322,0.48777581034722284,1
0.34909218740704073,0.44738267461084036,1
-0.6993229228275953,0.6810736175928895,0
-0.6468773536307479,-0.6569500272628934,0
0.87571410278323,-0.6400856190904157,0
0.47351630967480585,0.12228857940628757,1
-0.9245148210995834,0.5328170231715449,0
-0.9090215281836354,0.06627594035032344,0
0.23104251835680661,0.33219350394785746,1
0.2558116885811721,0.5039150314830763,1
-1.0040159703469693,-0.4282458564777141,0
-0.22946984987366803,-0.23198525177874113,1
-0.4435778408215174,-0.08988487102848151,1
-0.0010471857062396873,-0.3953163532022966,1
-0.3393954105953495,-0.36485798576859213,1
-0.508054240229002,0.0590819565425946,1
-0.12274154867539183,0.4862102116110257,1
-0.544872636196494,-0.0796263493302575,1
-0.2640001203016291,0.2443928934464265,1
0.41544950874139785,-0.23021210931674496,1
0.10678361696568439,-0.939521093376496,0
0.44271290047118306,-0.074470449960551,1
0.10764177443800976,-0.40912688391877444,1
-0.1744040253754725,-0.507557925595324,1
-0.5795695770985554,0.16176620293148075,1
-0.94684578928889,-0.3627346705497672,0
-0.21810792082863537,0.975319555880115,0
0.0863012855851033,-0.9079144085631672,0
0.30307348550373053,0.30090919468934707,1
0.711217920031054,-0.6470980776055263,0
0.6143625832020334,-0.659853158097981,0
-0.47626466229918757,0.0999808289659298,1
0.7657655780833356,-0.6338626109484281,0
0.2443841079107243,-0.28900674692698736,1
0.43866115628275393,0.1255482327577094,1
0.6479864458310519,0.8657139756486057,0
0.08007609088746577,-0.5298711422027663,1
0.36769172963083774,0.32173982122640943,1
0.3892056645427991,0.0834151150970241,1
-0.4467111920666501,-0.893547671719516,0
0.9722544111379742,0.1907496868685304,0
-0.32660509454452263,0.3730598089283338,1
-0.9096693589805839,0.4525850699796803,0
-0.3624519949948239,-0.3579011171745581,1
-0.4009210368637065,0.8818395924476103,0
-0.427847692765104,0.8717764996491048,0
-0.5712005025853472,-0.6369775261802639,0
0.16179641184588478,-0.5818707498405967,1
-0.9326469735036288,-0.02339263532132941,0
-0.5256930995992017,0.06332394600517513,1
-0.4829188343518574,-0.0268711216303381,1
-0.6227989620896867,0.7290380742903909,0
-0.5481283132651608,-0.11316979532136635,1
0.36289818126522483,-0.06089398472919674,1
-0.4217440983388231,0.23154730447653,1
0.3767163212047608,-0.2736059212567143,1
0.3626520290017743,-0.8898891607945585,0
-0.7334259399916429,-0.800479756843773,0
0.4771601224983939,-0.29914768406657644,1
-0.7567759784424848,0.6213057415686248,0
-0.025119050561865794,0.5499360399716637,1
-0.23420955698871615,0.44129435283336704,1
0.5416662930519485,0.8173935370356362,0
0.16587173426396204,0.45157877034174365,1
0.36846587854246216,0.6941766244084339,0
-0.12297121948509906,0.4233652086361113,1
0.5971221242736932,0.8657231633240213,0
-0.026185904764074563,0.5257312250617303,1
1.0072150950881111,0.3922594708156547,0
-0.40288942172412606,0.11144844014396055,1
0.002637630183270692,-0.6116467497182426,1
-0.7717310180613466,0.5753281475418337,0
-0.14081990651746468,0.5357973059898521,1
0.843471072169375,0.4682507724902788,0
0.42570364173720754,0.14848904510633215,1
-0.23394029980106168,-1.0299433995999878,0
0.5440884491695916,0.16266408099523558,1
0.05227095618306862,-0.5113331956282812,1
0.5382949727822408,-0.6828930940135365,0
-0.8601417141797606,0.2952034882746482,0
-0.6777994216247082,0.6623072141893103,0
-0.5241288832824924,-0.3308807188800649,1
-0.5351325202602512,-0.8621347010864808,0
-0.11303784624502586,-0.3513131172838846,1
0.05819677183077647,0.40347969246516213,1
-0.04948877678482269,0.4678401846356214,1
-0.5297421438938509,0.4239758435696411,1
-0.6349851154248306,0.14851016206249107,1
-0.28867375734318423,-0.3565196826971524,1
0.8974122315953345,-0.5582444642788196,0
0.7591298154716251,0.5990042329208043,0
0.9582450319622575,0.5691680496294023,0
0.5676974582926466,-0.0789114308560263,1
-0.07381347066139662,0.5570182182192788,1
-0.3814350521923434,0.09859030180727335,1
-0.5027965736790276,-0.4143635342159341,1
-1.016120753122652,-0.10934338126988183,0
-0.7842690428568985,-0.7114643840890068,0
0.42692562193384864,-0.2156883770277923,1
0.24942582754716836,-0.46158600246018533,1
-0.4867550246118408,0.1486544007150445,1
0.40147525101455406,0.38432557800677924,1
-1.0177147341245503,-0.19129496599282603,0
-0.5245254068325413,-0.8082896592931282,0
-0.2066297439936915,-0.4077981359636073,1
-0.3820164262558504,0.2352197988370735,1
0.5009663716972458,0.7040342437551331,0
0.42194584322563733,-0.05760494900413628,1
-0.13469941474647126,0.3315754770785423,1
0.054901962625967346,-0.832253320604285,0
-0.7726184980087146,0.6832382385020849,0
-0.47671046986248705,-0.010023055582404294,1
-0.5886508267719632,0.8133107847344255,0
-1.1154092794932382,-0.050298769563892676,0
0.09548515875310776,0.3843950825325371,1
-0.09627735274331309,-0.5964070914879918,1
-0.22642816957380152,0.34836150740736027,1
-0.8860668757542638,0.39090913347169554,0
-0.007176925227140779,-0.49881158461411834,1
-0.999007852866877,0.10877954082274593,0
-0.3407964846734827,1.0533161855929405,0
-0.4679525471409624,0.03238129028264468,1
-0.11190965520977093,0.429506355094279,1
-0.1850773192810245,-0.4506160520541606,1
-0.34061570986471684,0.5392501181777585,1
0.819930699604817,-0.17354756853157227,0
0.433123343132768,-0.991790712020038,0
-0.9579674055993961,0.3489857581892844,0
-0.8935528849533073,-0.08237205367078063,0
-0.3570590240202902,-0.12140986193550238,1
-0.04178886289091692,-0.5836591124905393,1
0.5874395140206728,-0.05298294722429067,1
-0.24717537345436164,0.5433588780142936,1
-0.2584457224858511,0.528419653375602,1
-1.0695690774205668,0.26281809797186845,0
0.4747263813297062,-0.2230402203422053,1
-0.3023582267731083,0.3550409188630279,1
0.0583917845903652,-0.2995090950539687,1
-0.584994517433342,0.8416988073007766,0
-0.24811562584659547,-0.583515005467174,1
-0.2465304908881523,-1.067007686916765,0
0.5017967551546975,0.1986545583622819,1
-0.006123455907929551,-1.0443678878560922,0
-0.04877417480750552,-0.5301882943704136,1
0.3104483940022074,-0.8091677792620681,0
-0.5782197926166581,-0.7532018708011821,0
0.8553272825816317,-0.5423747875828496,0
-0.28546474101016256,-0.3276588974644844,1
0.554665267062028,0.3259142375669026,1
-0.06012946884785056,-0.44519572310467537,1
-1.1363310618449134,0.0356276424511053,0
0.5091124159567183,-0.018739014600060083,1
-0.9371783305579064,0.6890346573364231,0
0.49885970189127204,0.1794048850826154,1
-0.38949298923875936,-0.14459452209108556,1
0.5149770406603732,0.7888487076758536,0
-0.4302688154412958,0.23131082726492136,1
-0.8836451607634118,-0.6223318785722952,0
-0.5432031946240473,0.281410139516402,1
0.12392211762291842,1.0032386747588342,0
-1.001094561516902,-0.41393174903806995,0
-0.422224197517569,-0.05625725481456274,1
-0.9882445529175806,-0.4594706083058313,0
0.14472942920912477,-0.5154441353919866,1
-0.48061618008904705,-0.337693198456705,1
-0.5320438149776989,0.9439772720813435,0
-0.9472020555480929,-0.7267931327290911,0
-0.47926035241380566,-0.8895793530988605,0
0.2576188012534101,-1.1024509548519839,0
-0.2988628092139923,0.38826187179659805,1
0.5622341813949945,-0.8242855368069829,0
-0.03550346490459241,-0.31117916966812287,1
0.3032471771280293,0.9008380282001378,0
-0.04977770515529136,-0.9217186488065313,0
-0.7631583138205748,-0.8045140944453094,0
-0.4456051286751603,0.2878156081566941,1
-0.8083408041086549,-0.5893248169170261,0
-0.7983104322285985,0.4427192473406032,0
-0.6353075274099343,0.7288458536739365,0
0.3808615987984594,-0.21485221987032244,1
0.6231549550431905,0.68862263454873,0
-0.1989895467558515,-0.9894394621046296,0
0.381862716695383,0.40103371330331544,1
0.5695214612692184,-0.885439443594505,0
-0.8523751791700439,0.3908049639177396,0
-0.9419324877030507,-0.5895645578302426,0
0.40068805838799193,1.034301723505453,0
-1.0087081386981827,0.43959306861644026,0
0.20328867372904555,-1.0763526261054903,0
-0.5481480092536032,0.19704517654586853,1
-0.6765167379593072,0.017251533048073094,1
1.0333876114799236,-0.14819824342311155,0
0.355379004236733,0.4049112845930789,1
-1.0427314885439891,0.2006209146259222,0
0.5114635143289931,-0.24100258557128634,1
0.3297114187853044,1.0126688118931901,0
-0.9284206288201395,0.02477956926493402,0
-0.35488239372685876,-0.36943432249169844,1
0.6277287958256356,-0.8013561788864056,0
0.35802802415648594,0.10681347847906252,1
0.9396999878213457,-0.17725373420773088,0
0.4931843556610126,0.7550974575773665,0
-0.7090900147582072,-0.7444516584018878,0
-0.46058472327002475,-0.27634336965950057,1
0.36439112316619393,-0.9767670425093016,0
-0.17405021761246164,0.5262746716738297,1
0.1753398047367214,0.9428700450520575,0
-0.3598922288322727,0.2234194636332421,1
0.12980030704476206,0.5225682773642839,1
0.22029496663480663,-0.4861813179196861,1
-0.8667420248428163,0.7403824789273789,0
-0.69561652756042,0.7681449489209512,0
-0.167609149746488,0.6619172732554222,1
0.47241269329372343,0.03261728061185879,1
0.6781434892351053,0.5002645729047268,0
-0.3954670466332316,0.848426507775391,0
-0.8562391480552249,-0.2984495625002723,0
0.6603596968357853,0.6464120805755116,0
0.041910774732302036,0.44010626086874105,1
0.2931655631185416,0.8068223944961773,0
0.022855313244638627,-1.062844044556053,0
0.7532860308631554,-0.703550727049443,0
0.06061800873160635,-0.42955022702076817,1
0.10028331919846649,-0.9829119367936251,0
-0.5839906748578765,0.8984911284113888,0
0.2784725257543244,-0.4927614381767216,1
0.27137559202650546,-0.32066224340584765,1
-0.8767323138645711,0.4985391355138141,0
0.9688112532306087,0.07121168292656634,0
0.23484675457037818,0.41637127271006036,1
-0.5014482192892554,0.2747944462039281,1
-0.7439593380298957,-0.684592279423986,0
-0.2549101155864455,0.31636451981265057,1
0.4957269724735393,0.13997710115799789,1
-0.11557361142162492,0.5564236028974117,1
-0.48846264954873225,0.25209269055506756,1
-0.053232290817226406,0.468969876162383,1
-1.0129716962220705,0.08282021511327396,0
0.4090963570195021,-0.09775330434268747,1
0.22086003516488345,-0.54378182113798,1
-0.5919950249514986,0.13547799167641567,1
-0.7597841442916026,-0.6944491750233563,0
0.7919395974162105,-0.42830339302739734,0
0.17723493825592465,0.8992335915873458,0
-0.7054991626973279,-0.814663396222444,0
0.05107038484152976,1.1227090113838132,0
-0.8948597599396135,0.15325355820795045,0
0.531163671904156,-0.06017563843895257,1
0.11366345503530006,-0.5662610339416789,1
-0.5603328243699105,0.02298816918062091,1
0.6085960805112773,-0.6905868178219688,0
-1.0629084366567796,-0.11582326747001587,0
0.528236961358081,0.04937728813664643,1
-0.8892397903963967,-0.025199473907154532,0
-0.32260256722602454,-0.5140597467237712,1
-0.22497100125426123,0.3590809347691969,1
0.822296715547865,0.41148894533005953,0
-0.3129682118449438,0.32818700516234,1
0.9325338685978058,-0.04331766992959892,0
0.1324047847981606,-0.46501409727263526,1
0.31408447479367896,0.8041854430347536,0
0.8187144321242265,0.4532273356895259,0
0.00814754996609443,-0.6046278051772286,1
-0.4029576942723202,0.10130241427292372,1
-0.6662866845021627,0.7060964599246333,0
0.16017599097925023,0.8693930187921745,0
0.4613996073413869,0.47510919547063907,1
-0.07519845265850104,0.6208903390254226,1
-0.24753300990977686,0.9531261795644225,0
-0.13625109857166767,-0.34425196557050963,1
-0.29270411237739635,0.22590127870400625,1
-0.3931269242042248,-0.7886061637946308,0
0.011557762239393463,-0.5949942101111277,1
0.05811884909662503,-0.4639185105856358,1
-0.8049026176139057,0.6190914607026892,0
-0.9715136122134596,-0.32676332531737307,0
-0.3121139530892769,-0.10999185570895224,1
0.025905071348682196,-0.8617034881620953,0
0.4284099226225252,0.14596752267636365,1
-0.9173062576709082,-0.35168878272680026,0
-0.48263603670624505,-0.182286809707389,1
0.4825858181217999,0.06010737735014922,1
0.2484778029536232,1.060522467585407,0
-0.37804924390088906,0.828238592047366,0
0.775428593738324,-0.7455023597886755,0
0.28830320818389327,0.3778106300035655,1
0.6085315121299357,-0.16437509213966678,1
-0.9805110512385437,0.2001210508326454,0
-0.014036900581811111,0.9964101883468626,0
0.343952256992112,0.8455321874735656,0
-0.7347007517430484,-0.8152502807576062,0
1.0028450014145867,0.12353001661800168,0
-0.35238784534887757,0.8647214536355281,0
-0.07302665336884362,0.5385959536179205,1
0.9735400606473292,-0.3380418415782901,0
-0.00666749690276458,0.9446491029965359,0
-0.48752776912523604,-0.2832445517344788,1
-0.32512644017199105,-0.8357702084285632,0
-0.42648053842130346,-0.24603870453165233,1
-0.9108056234319879,-0.3203607390876128,0
0.5723170866570705,-0.1705833693215473,1
-0.8773831618238566,0.34181329625144097,0
-0.4694206122636066,0.03840682028472377,1
-0.3545702574423748,-1.029601182814873,0
0.44350081271245473,0.02078293949244729,1
0.5414739549710255,-0.040756596969458256,1
-0.24645062601415857,-0.45212952849762095,1
-0.7978276551393619,-0.5001636971124932,0
0.1660502842573585,-0.3673189389288094,1
0.9658053840292931,0.00047379217074002694,0
-0.047758419025134946,-0.9960888316383942,0
-0.1461102435722498,0.9347653510621181,0
-0.6419311700411057,0.8146114888784761,0
0.1794971758079467,-1.0753082095998123,0
-0.7931878191835046,0.15554280207449322,0
-0.918730397240898,-0.23220930011770058,0
0.5328254553518377,0.12752571309539146,1
0.921867411022353,0.364257549139002,0
-0.04250254209316533,0.4223386975691311,1
0.9967217366881149,-0.450423402302978,0
0.11830151718333992,-0.9672454561383939,0
-0.6185068953364926,0.4819918362020357,0
-0.27253079004223796,-0.32232635924897346,1
-0.5873453661290475,-0.7646816718892154,0
0.4646633891195633,-0.38177545834198356,1
1.0413672496064819,-0.146287559629409,0
0.46674210225587803,-0.40935654786820114,1
-0.430056315143995,-0.3700612920021905,1
0.4851079351821874,0.9462845220530337,0
-0.7586938766488084,-0.6459601503348036,0
-0.7333056031986482,0.6908582194131754,0
-0.5612715966174803,0.001772989160860286,1
-0.4419299563892965,-0.04922003636942679,1
0.019138883991224938,0.6528274974338499,1
0.08798704241294818,-0.47806199815303113,1
0.08438712802837631,-0.48620235588431043,1
0.7813370660556755,0.5187330460237248,0
0.32311570562323605,0.5571436222105866,1
-0.30557261711134814,-0.08687847571792309,1
0.11713961108370054,0.6254832246380346,1
-0.8739217393519811,0.4460427046694,0
-0.5526999271204163,-0.05881761518216892,1
0.480957014050692,-0.30510755304109516,1
-0.9727229845680131,0.21955359389422904,0
0.5554824466353597,-0.052054185033865615,1
0.8634460291445306,-0.2952150122974681,0
0.49012843943358275,-0.1622382222436063,1
0.003863708780105765,1.017845052163784,0
-0.5833013443064736,0.1267178568766911,1
-0.18125634658914172,-0.28384863527802706,1
0.06478383742281177,0.3501808692462628,1
0.9130958134033202,0.2736587382353926,0
-0.15335402112265242,-0.3864748417197629,1
0.49977986766053123,0.39393574370904805,1
0.2089634578856068,0.6162879386013471,1
-0.7715899934625128,-0.545977065508343,0
-0.40306451907519175,-1.0523394158610033,0
-0.4566013606302831,-0.8404397189004381,0
-0.08144041961020387,-0.4484184292634632,1
1.0488425298627078,0.2690700596351954,0
-0.41327621867876385,-0.12421643118238866,1
-0.5188358450178242,0.23698219540253027,1
0.5078955310903897,0.10398295803321554,1
-0.5709880113311019,0.03116967245407698,1
0.7645965923004876,-0.792316766401301,0
-0.5981502499941126,-0.7585108930524059,0
-0.4381486969596048,-0.9850588193576315,0
-0.17432866083457912,0.5081721976483558,1
-0.8552693120604454,0.12884515986731865,0
-0.3736341305742821,-0.9668197767406552,0
0.42721311563453757,0.3225022088376075,1
0.4304513112945451,-0.42054467187841427,1
0.150399728981293,1.1062691951252002,0
-0.5847831141085831,-0.2882662967276999,1
0.027984257545738578,-0.33701093425147255,1
-0.36402651232914396,-0.24676340160933563,1
-1.0230428148577422,-0.24336368812163517,0
0.26389956016226684,-0.29425847991040893,1
0.2450746711751744,0.3444504317879886,1
0.03260407283419025,-0.5380540795415927,1
0.3292557251236742,0.17644864640554608,1
-0.3686733083245893,0.9575885695827936,0
-0.30092569203493097,0.22427642163512132,1
-0.08735834438430765,-0.5784606496549662,1
-0.1645343114998619,-0.3550792005571269,1
-0.4890379291847521,0.798880242813771,0
-0.7522510866305137,0.5374992526415655,0
0.2798229579421798,-0.9085372910005216,0
0.7311628270303357,-0.6055405162634655,0
-0.5504661784698214,0.08792256663458832,1
0.4533729832992165,-0.06320304234658261,1
0.5615811625372634,0.8227853717956513,0
0.1689838051558718,-1.0397912057202576,0
-1.096914375009527,-0.2441597838241117,0
0.45096643301981065,-0.10637715749055449,1
0.39078581048903127,-0.7772874590009402,0
-0.0734663518414632,0.9723621197579665,0
0.8813422916597439,-0.4803123799301417,0
0.15692772878602768,0.4076694330840145,1
-0.41970827309901726,0.03580546024159537,1
-0.9198166850175029,0.2334752402798764,0
0.1372846597423609,0.35486253520237554,1
-0.2719296837544939,-0.6077287112983509,1
-0.7427223024380968,-0.6450575504902656,0
-0.42439439162588366,0.28628603637455213,1
0.14714223930603826,0.9865840253703451,0
0.8112738505611425,0.681051083234255,0
0.057091965900833,0.4469702974878721,1
-0.056243563600266,0.4968745273454139,1
-0.5928857745449464,-0.8119146809455555,0
0.6498240564381129,-0.7774213545089006,0
0.52511624509287,-0.08644215196048258,1
0.43178604660314984,0.3159600131131765,1
0.371157942594166,0.07905946518604874,1
0.40586423966765994,0.43188905377193176,1
0.5076249046268607,-0.024423998579068636,1
-0.28607049916664634,-0.3382292100214312,1
-0.5103109836613922,-0.13591439238820335,1
0.16696576565497304,-0.9648263699135123,0
-0.9633983853923254,-0.3965470144000473,0
-0.4354582202918569,0.7694191982707235,0
-0.27401579509760476,0.3979680515271119,1
-0.26072832700032184,-0.4691144009123506,1
0.2135539790036815,-0.47151112214475377,1
-0.22373447257101234,-0.6252293671057316,1
-0.4343769738237709,0.8382471626748816,0
-0.3708221412979158,-0.2796050042902933,1
-0.5852125858651384,0.1314709436890984,1
-0.4746578435441931,0.3104849239401292,1
-0.5683081012566678,0.01537755921067227,1
-0.2709819063812331,0.41606014034369,1
0.3035872620997989,0.3656523616153179,1
0.25615007233970893,-0.4643779790613814,1
-0.9834669565512089,-0.15281435558385448,0
-0.07345920689286994,0.533598142807783,1
0.2217001165850137,-0.5204663754287852,1
0.2308135223822398,-0.9001626491499197,0
0.8926277633944177,-0.14593167410888505,0
-0.2700931095945608,1.0665069779739396,0
0.16605918860033708,0.38933937249859313,1
0.9666672206050017,0.20869812532054655,0
-0.8101805902924508,-0.7627020693027835,0
0.2686731012698371,0.4042785599381651,1
0.39525943418702075,0.18218439325264105,1
0.3586259274732287,-0.8404114467872744,0
0.1603752402540789,-0.355334308896513,1
-0.9261823116865366,0.2906762273357568,0
-0.13935386467027122,-0.5218372062485498,1
-0.16756887863725,-0.9007416983181384,0
0.08164559756779637,-1.0722336662953178,0
0.2648052279104711,0.36617247352279697,1
0.45915250099271365,-0.2055655762027296,1
0.30197471502098727,0.4258149041870767,1
0.5503516663141246,0.1506283013443687,1
1.0108256000993465,0.032676410030075126,0
0.3803458978520514,-0.14072585721962094,1
0.3512257754145181,-0.23630471126253721,1
-0.4386660853525478,0.8747640454231942,0
0.5085011354954934,-0.48192190803370427,1
-0.9037695734403441,0.5159492349944738,0
-0.44607809486204975,0.3104673670983698,1
0.3576057813532884,-0.21726392948948067,1
0.36457626032519524,-0.3420778677241726,1
0.44052078629428676,-0.3020712706418665,1
-0.2733753232871715,0.47767816715441164,1
0.09652368569120574,1.1740854540175087,0
-0.4764503067553696,-0.8191754588624487,0
1.0439290625623223,0.3329862526054323,0
-1.010314885273815,0.3942372766831258,0
-0.6235750099619393,0.09607076465575731,1
-0.2121394527201686,0.9498876100433107,0
-0.8306639209731886,-0.47581859535272586,0
0.5425984422267208,0.06244137931378765,1
-1.076555972564844,0.040637124182347974,0
-0.3618375656065151,0.31721119021137895,1
0.3991181437792495,0.28222411477137455,1
-0.4824025059232326,-0.06828581992475069,1
0.9526369819773589,0.4427370357041289,0
-0.81928992432666,-0.15319094425747024,0
-0.5249681779796568,0.2812591243410949,1
-0.14571741949488978,1.0640455839399154,0
0.01195285547762441,-0.4717484354066602,1
1.0685269167981644,-0.159373111398554,0
-0.8316099805780185,0.3503849155631164,0
-0.5106832822719951,0.863763248008029,0
1.0154651419884224,-0.1632009391112516,0
-0.9311054753952204,0.560228873128298,0
-0.8339725941548951,0.42727353585349065,0
-0.33886135015360147,0.3282610606040003,1
0.32814233795731496,-0.08766974330962957,1
0.19788448179663448,-0.3454858389441723,1
0.2650459669507885,-0.9491243312860739,0
0.3190983022116474,0.4601714541527541,1
-0.10524515676747545,0.5980720415692581,1
0.36717971990275394,0.2820965243417054,1
-0.7994764379375604,-0.3150283800259749,0
-0.8281982455722495,0.4742004094759876,0
-0.45243443260462696,0.3585207051800289,1
-0.3463338421218278,0.2691026672586765,1
-0.31412837278543415,0.9107327025783136,0
-0.008536383819659927,-1.0673511323696876,0
-0.4154569059720016,0.16116253939890224,1
-0.23480570878033225,-0.40847683125305057,1
0.026478924181147022,0.5129443013370608,1
-0.1714453337080138,-0.9925493219799512,0
-0.4803180304558371,0.8032118297517595,0
-0.43781360429468485,0.9926325308277928,0
-0.21351596551431876,-0.4502849919326733,1
-0.5111508996426894,0.1955548076426722,1
0.5881749457617066,-0.7983027669361502,0
0.05681296971078474,-1.072855698209294,0
0.7634476130060137,0.6624763572286818,0
-0.39731453772475617,0.07733534462481592,1
-0.17377393959114826,0.8239484875293078,0
0.7031003780492449,-0.6995356651963918,0
0.31111715002819773,-1.031282914244198,0
-0.35216241383456776,0.2514190586205911,1
0.9393734145935403,0.41083725778298474,0
-0.042820556503937734,-0.4791511343550895,1
0.28477251276942295,-0.261698720282513,1
-0.4562427913839384,-0.9190055391876498,0
0.42965121155968916,0.4673767831891535,1
0.38618854365757804,0.3567829787300015,1
0.9651652459105218,0.10625796208170607,0
-0.5473343141140256,-0.935680058430699,0
-0.983200646282533,-0.3207448456344527,0
0.742407013829796,0.595832769292467,0
0.3304131196005856,0.2325712211282771,1
0.8952307133525265,0.23416106739528483,0
0.0502085488332544,-0.31052100438213526,1
0.3528937229025052,0.43962815308516473,1
0.6618338022021766,0.8833861060451207,0
0.7176700053664444,-0.5335587107447054,0
-0.3410204883892544,-0.1799009330079824,1
-0.3492338933296255,0.38162478454926724,1
-0.9031791070500044,-0.4004762722102416,0
0.5758047185425483,0.8573988996666616,0
0.28488847420282315,-0.42479262457411116,1
0.8755123910076218,0.4366351271000881,0
0.6519270217316622,0.8813906194373451,0
-1.0149508034440775,-0.1437637031324822,0
-0.49198098763304754,0.8032885772126029,0
-0.11596277363849876,-0.9603053761432577,0
0.7265133304417152,0.6405997710741712,0
-0.34250272010840166,0.2864232534251033,1
-0.5353177227476446,0.18144236874671046,1
-0.3453810207284127,0.9325737971800903,0
0.15400133571897215,0.3964382633419171,1
-0.9550016875852592,-0.05111642738704651,0
0.5985525667970728,0.7159459555461508,0
-0.5396318780395704,-0.8630144796723848,0
0.5300274196344535,-0.12113443736150264,1
-0.2968321890378838,-0.9845245816745303,0
0.28986234239638053,0.5977295472725561,1
0.2626588463558727,-0.3783503529186172,1
-0.10298550749468816,-0.9683709619844968,0
0.46258397388816974,0.09520587950063877,1
0.39014257539473274,0.8240605793029416,0
0.5317614766355979,-0.8468095853781787,0
-0.9437166552978984,0.000999937891871111,0
0.32043496974101887,-0.9514094359901184,0
-0.5259040078128325,0.8356185265872564,0
0.46124950420423805,-0.04737952217471475,1
-0.9978259010119845,-0.08283825398056878,0
0.08741846099228413,-0.4145145623391086,1
-0.6013973439570484,0.020037064910221114,1
-0.053126029898314095,-0.5957465273260338,1
0.6543396999077847,0.6609267396132797,0
0.014137595467964087,0.43786582918776423,1
1.1620578908754102,0.12074208702747415,0
0.3139105066902106,0.5163487273167655,1
0.04237107862267612,-1.0413272354576553,0
0.9221725881185879,-0.4645368850775452,0
-0.5604255816698617,-0.14191291123005284,1
-0.01197580318849624,0.4957374259717918,1
0.3033026701133127,-0.22452524963516424,1
0.06553810610772498,0.8585713846137575,0
-0.4759530887043112,0.1455987546532148,1
0.1747480760879251,-0.40691371537805243,1
-0.3509161704515625,-0.9645358827264605,0
0.46799776053512576,-0.20948101108086714,1
-0.5546095001892041,0.21299919998016603,1
0.2654660948406813,0.4295698929173883,1
0.9726636453077355,0.15961276259847268,0
-0.044251576511717836,-0.6342891521533652,1
1.0178437787105155,0.5674329731873933,0
-0.28180513843412897,0.9308409967740396,0
-0.10487445757286072,0.44060279515995626,1
0.5485916134316307,0.019012747991229456,1
0.8689939295843985,0.5322888895422937,0
0.06989938240358551,0.6217047439157278,1
0.012418966100650346,-0.8606049233774427,0
0.7386499635760504,0.37780166445748303,0
0.5341923112001485,-0.08622127650479808,1
-0.9468483928230492,-0.26698740115187936,0
0.41586872717579726,-0.12007856857859057,1
-0.23403717696570805,-0.5017262191010298,1
0.64781794966752,0.6835519544344437,0
-0.21869222261648688,0.35686254896527714,1
0.7765132394908247,-0.4768801893040089,0
-0.8818822812796596,-0.32643482823234016,0
0.4450384852438018,0.4936333764526447,1
-0.3469802394431246,-0.9157133669841819,0
-0.842136429547516,0.5971806115722438,0
-0.37221716709628566,-1.035947172656013,0
0.9974367833065981,-0.160800913955884,0
0.34538185994431564,0.9825347820867649,0
-0.9633431582823972,0.09544122744264034,0
-0.41424093096244263,0.8526715426276386,0
0.008490846705379142,-0.4659241530429663,1
0.26995602213512543,-0.3676642324466652,1
-0.4826024869836672,0.12215882695665596,1
0.49906511919826874,-0.05145188395127963,1
-0.25562757196577196,0.48296970428754454,1
0.3689170764744507,-0.5429650638486766,1
0.1880029229153623,0.4830838955010241,1
0.3386589254690889,-0.5737581026076919,1
-0.5504572430779161,0.1489265517892917,1
0.8213772142052979,0.5696574595043349,0
-0.9442651349241944,0.15025391014716408,0
0.9607498761526418,0.38972166050962226,0
0.5726027950083614,0.05120117732873469,1
-0.443024125688973,-0.2528510809449063,1
-0.597449626343605,0.8607757288062073,0
0.9877141808525604,0.40214950658808213,0
0.16781281464190667,-1.0818359298120575,0
-0.17575204723089854,-0.5038089262911402,1
-0.8846651190901503,-0.42724734889790605,0
-0.36330892194006814,-0.2551087940833252,1
0.7153885421658002,-0.706663662505429,0
0.31056173956676425,0.3941550879216858,1
0.028958428467486932,-1.1140049613285807,0
-0.7125706756815313,0.9535750406506273,0
0.6799716677179507,0.5519114845491155,0
-0.2565174696226123,1.0066028271776417,0
0.7063666170017777,-0.7788323131958212,0
0.4647667587598026,0.16516194375366877,1
0.5263756804203701,-0.12778366976795882,1
-0.9413856376355114,0.37774191163484283,0
-0.5546883957675262,0.6243119340213965,0
0.08527381333280444,0.9944588040683111,0
-0.2572723078698686,0.369401690470642,1
0.09182695354581831,-0.5543240811972698,1
-0.7467546716583958,-0.6227158294793996,0
-0.9607959859238919,-0.11051624806941626,0
0.4012676911552055,0.8566107837215765,0
0.39452110553802666,0.3169747250190103,1
-0.3699080821602104,-0.27946945968527626,1
-0.42794974742011105,0.9600504421631784,0
0.41200085183791374,0.38715600901542,1
-0.3186397027767852,-0.28435081142440205,1
0.9148659472359536,-0.2934905660079225,0
-0.4880007498090189,-0.2580449326658714,1
0.60872432113782,0.8067672987027859,0
0.44580857731319623,-0.9724901870015749,0
0.4956047658200246,0.3868160918200252,1
0.23422366696846555,0.4626174588113414,1
-0.45634834366736793,0.05273861533399579,1
0.45073253949080866,0.1222892367740678,1
-0.1969312620164085,-0.49735786476946925,1
0.9754387744916313,0.06766822672690047,0
0.7997003472881518,-0.3918834715496047,0
0.2852302626881296,-0.41156679860846807,1
0.7007348960525752,-0.8436450620995906,0
0.019782927156721065,0.9417071750267749,0
0.35849923380786636,0.46319797489798487,1
1.0520374403363166,0.49808524602563886,0
-0.7987737355656181,-0.07029918913200013,0
0.07336086413338688,0.4281747070821087,1
0.3549990947144135,0.48305519394685237,1
-0.8428183183635604,0.2674990398361575,0
0.28698716057407603,-0.4523296101829991,1
-0.8796249891048106,-0.038373556444912166,0
0.012812358114662213,0.5278734834453558,1
-1.007208872237251,0.3038906891460907,0
-0.45644495976621036,-0.4199458170978307,1
-0.358483987706417,-0.24077563489860968,1
-0.06816107425109695,1.0772759308881803,0
-0.7761392360948703,0.6397922410638791,0
0.5050054916065114,-0.7647937535719616,0
-0.47420340474713873,0.3378837542389063,1
-0.2004959819735762,0.4498048338018854,1
-0.42479482408032504,0.24730778410037085,1
-0.39390564087106267,-0.2992610793181474,1
-0.5662350360869215,0.6980069685698801,0
-0.8894153705910111,-0.5294603709688772,0
-0.8565629818032804,-0.270240428223382,0
-0.4166256423898746,0.482467328082664,1
0.08673592479239539,0.9077374412022494,0
0.40375789003883067,0.1824724725819672,1
-0.43062340106956853,-0.7421931858427303,0
-0.6213626974495514,-0.28984192034565004,1
0.5277333030302142,0.08264550164124328,1
-0.6547343716206425,0.6383567307518087,0
-0.349129747552932,-1.0593171752672215,0
0.4097443395507723,-0.36411119127671676,1
0.4220420177653571,0.9567242306772222,0
-0.6148902419890708,0.7235081746167308,0
-0.35605883036788594,-0.3316253146407825,1
0.9141989310313701,0.16443099614337525,0
-0.4275511097095287,0.24640078330248297,1
-0.1759145286538692,1.0950671237158824,0
-0.11239639112851804,0.5020558735536056,1
-0.7309956559544941,0.3784482604474162,0
0.812914352859603,0.42174084369029247,0
-0.027079153548240302,-1.1053950784753037,0
0.24042577479674535,-0.9693406587888411,0
-0.7744361606224017,-0.6933424831723856,0
0.4903833858784773,-0.08199301109650299,1
-0.1784234783212592,-0.9801253479727042,0
-0.037755271964359155,-0.3788484199637967,1
0.32152937862086794,0.8333264764904262,0
-0.09247445405487845,-0.374079627328684,1
-0.45409015959308807,0.19106735836281097,1
-0.3962650914896441,0.5349976331610913,1
-0.924428608307415,0.36228916138700484,0
-0.8713185179944866,-0.4597579173037455,0
-0.05349289775281471,-0.963854512985648,0
-0.2734248916339587,-0.49356010702722086,1
0.3959542281789815,0.8342418473955242,0
-0.3077754546169963,-0.11472151231632949,1
0.6923987913000976,-0.8929292616786886,0
0.7927443668582533,0.5554359787878456,0
-0.798803567050473,-0.5089155979826996,0
0.6751368688944052,-0.6917310748636017,0
-0.9104906399321504,0.1498538722512766,0
-0.19706666864704325,0.3828631388707069,1
-0.17255514899475136,-0.3959195238857396,1
0.1347754638068569,-1.0500455403311966,0
-0.8805134624651149,0.5534092558563909,0
0.3905074998991458,-0.29738081561621765,1
-0.10178853813967616,-0.4811257658699078,1
0.6989295519248448,-0.6515244540984352,0
-0.8822123836307647,-0.5015465422254364,0
-0.330283702870704,0.32894721875458816,1
-0.9848305045503559,0.39033490814498517,0
-0.4338474529610196,0.10852037715570718,1
0.04231207834325722,0.49555831588284116,1
-0.5367552236183265,-0.05339625461151923,1
-0.8733504903750046,0.23284279931031995,0
-0.8018429301696064,0.18722686253996293,0
-0.5220610591163637,-0.10772854144210929,1
0.706284919143304,-0.5403733388028785,0
0.45737935021365,0.8815402556936365,0
-0.11521531286558331,0.9558299817193909,0
-0.1593269637535686,0.526785277405837,1
-0.4551289520267821,0.0032299507635165092,1
0.14147400421531378,0.3634078183690794,1
-0.06330602491619255,1.0700127870534055,0
0.24490843353555375,0.44169781644368244,1
0.9662803744459209,0.3328677229108932,0
0.4091917635947977,0.902892691265158,0
-0.06636230081782434,0.49124058323751935,1
-0.7052509275627933,-0.6470884596175196,0
-0.3878632446560806,0.332553908344035,1
-0.47343590870318386,-0.024028031432730218,1
0.49934155121361534,0.045562112650098976,1
0.035188144783660676,-1.1300628852456265,0
0.9892687251943505,0.5813080215123918,0
0.6724857393561009,-0.5385943483609998,0
-0.9428776174870768,-0.40107264828617595,0
-0.44610999633531717,0.09361350610055051,1
0.2725038912708128,0.9149936008358107,0
0.2949650422337204,-1.0438260329917768,0
-0.6728056408918136,-0.602383530014023,0
1.1173976243824493,0.32972725095035094,0
0.3664619198418185,0.2998858712361378,1
0.5514642152939516,-0.8272584673507195,0
0.23016231725770614,-0.8953014317395441,0
-0.30782401386838976,1.0266025965677943,0
0.9295000314988595,0.06624630828334889,0
0.05128984295670769,-0.2000780145726065,1
-0.24553852767273057,-0.4568119756468636,1
0.039181332608204236,-0.4586120255345564,1
0.12183831004663014,-0.4442842288352119,1
0.4413175066045186,0.14151079549227036,1
-0.5053714850003409,0.9401978405327689,0
0.09777068546229721,1.0011786345313576,0
0.47543498729906813,0.015280655164867832,1
-0.14651554201907072,0.5515173961275784,1
0.5425924597407752,0.7308278696897683,0
1.0155676395339799,0.4493062534543377,0
-1.1095537750647286,0.17913615007013356,0
0.9777171851985105,-0.36383045578296114,0
0.13486058321087319,0.8559824140572566,0
0.13207953237770195,-0.4050483445028378,1
0.09465562736053817,0.4677752098651074,1
-0.6698871660957403,0.8462262855662854,0
0.8190028991030631,0.5357204830166323,0
-0.2681087643592708,-0.9393108390131157,0
-0.03409548295433304,0.9852106612966943,0
0.5292572559403231,-0.23322816108952288,1
0.579892150497387,-0.25599462766610337,1
-0.2355258992449994,0.05142296390440296,1
0.38796394530949574,-0.21702241389032603,1
-0.824304142726587,0.4686961562203578,0
0.04811637257290717,-0.5343667612587468,1
0.7090870475219544,0.794099385250687,0
0.4651223291137365,0.04129641092067603,1
-0.09566255853403119,-0.5087871068399266,1
0.3059076528861846,0.46537248528795816,1
0.4762827558058565,0.29326974923263804,1
-0.9356077146609558,-0.182068429461544,0
0.17515738079865195,-0.41392562395359045,1
0.408481263104075,-0.19124533216299416,1
0.00131299266379023,-0.8975139435468924,0
0.16336910230911572,-0.43943796109263,1
-0.6331663725162197,-2.3558650574545537e-05,1
-1.020958568735533,-0.0009845068076280855,0
-0.2763236544775608,-0.8847937811830083,0
0.013803106346278321,0.549885455876126,1
0.610434333615837,0.058536585808471084,1
0.19532158343394218,0.5201368594667277,1
0.26342596613522096,-0.343255612901354,1
-0.5573216871785287,-0.88427885950435,0
-0.5525083267301317,0.07362274633800857,1
0.7903006520889506,-0.40922064488692067,0
0.36510898302859385,0.19287375170511206,1
-0.4087240447736969,-0.2483830181655543,1
0.35622820414278833,-1.0155266766477524,0
-0.9437383055018728,-0.538901766627576,0
-0.19543286211471975,0.26606971575547095,1
-0.09991852078086091,-0.8947854047327308,0
0.9253666446567543,0.6526062828555699,0
-0.051577373668160544,0.41888660512897913,1
-0.9568342894959018,-0.013306398404168751,0
-0.7987793707542249,-0.4318904575467546,0
-0.13681409357166593,0.4864832210988141,1
-0.4889539541690537,-0.10755099291831302,1
-0.950621942213686,0.1749336118316216,0
0.3935098518987414,0.2401144256083265,1
-0.397386784511031,-0.8733543784859946,0
-0.5697671241458804,0.2723871484272066,1
-0.3247680518215763,-0.3826059526867963,1
0.7887271593623456,-0.653627223196904,0
0.9375786845007135,0.46151842364139284,0
0.042807377398794186,0.47490878850029355,1
-0.3871504652806633,0.04359422821124545,1
-0.40115908499610226,0.11483750936553787,1
0.41000105256567976,-0.044511973162856586,1
-0.6524588593475584,-0.6788486280865056,0
0.5170617142392144,-0.9503831988292433,0
-0.8156953942295331,0.21579052149196995,0
-0.41743621960807753,-0.49396790210676456,1
0.42951979442155025,0.28859508659368976,1
-0.3855026554323617,0.24343684894110607,1
0.18876657360464105,0.5036422082717079,1
-0.1538538586200881,-0.3214328308098194,1
1.030657733970728,-0.21963069983852992,0
0.6792843521374864,0.695814423218942,0
-0.09015263971861563,-0.4717122516591189,1
-0.31054384295406723,-0.22314681506549,1
-0.33678152567271746,-0.8345303289977238,0
-0.5412619712065478,-0.31928745630120237,1
-0.06468000263906479,0.4933615201937058,1
0.7868826348213658,-0.6628425539314357,0
-0.5099768584268233,0.039505216365784995,1
0.6412254245162345,-0.7408083856023754,0
-0.07662523430616652,0.6121409679277998,1
0.8646931285425855,0.3998461230533529,0
-0.6240028104814297,0.8976664016650718,0
-0.46112348032066497,0.11469824330016502,1
-0.13889912463315932,-0.9669352536115249,0
-0.6030324121896249,-0.23763703718837598,1
0.5020645272725472,-0.13019949692383725,1
1.0039481215709312,-0.14178803635304318,0
0.5246437641218292,-0.006250970852446851,1
-0.3552330593306954,-0.3228621947369839,1
-0.2733280282650804,-1.02499204560735,0
0.36046461589335177,0.9979855340774614,0
-0.06873724006270654,-1.1234056192428123,0
0.8609481707153209,-0.19144437112777218,0
-0.4783235994865708,0.3661231761106823,1
-1.0397706012340022,-0.2736628612426474,0
-1.0220126364799418,-0.4606591920612042,0
-1.085937169885029,-0.17009917095157365,0
1.0651063857181733,0.27624172026356175,0
0.7368616650104994,0.675497280833955,0
0.46245626477755863,0.20730995940684338,1
0.3172328323644748,-0.8877099523017464,0
0.5635110953627915,-0.26860971009982926,1
0.9232367991447719,0.3129056828758393,0
-1.0627748723449935,0.2842495462524886,0
0.395833031669225,0.07266883982091182,1
-1.0056314010701468,0.03602142734389986,0
-0.6271055479909544,0.2236590961896631,1
0.5732689029482076,-0.14708667506771067,1
-0.012042352272683507,-0.37979115306108036,1
-0.30986251430397727,-1.021828635282799,0
0.43524246011504564,0.9687959861206675,0
-0.6828232258684523,-0.7290721518340475,0
-0.2911979390196193,0.40218668444832817,1
-0.7776740214650362,0.2641821740041614,0
-0.668754082453352,-0.8700875398571701,0
0.0004197852659175161,0.9407627222184511,0
-0.2796664902304886,0.3371632469015275,1
-0.623623292621671,-0.17853936441391388,1
-0.6322141216839846,-0.6826223208444384,0
-0.06909106105653587,-0.46416745994800085,1
0.34290027756887437,-0.9557691755846272,0
-0.4769985635446132,-0.16270850064424283,1
0.22659817825730183,-0.3725898735273747,1
-0.3895875862477789,0.35356583745910447,1
0.18367463939008338,0.444218559564342,1
1.0274303345367963,0.07390636868705511,0
0.656298961056216,-0.5720798621707298,0
0.914111497078123,-0.365684116081947,0
0.9797866906305743,0.034786319114832265,0
0.7129018432649787,0.796632864255406,0
-0.03111669311467799,-0.4883564085901591,1
0.8574804853539482,0.5929372063185164,0
0.06104203080878753,-0.5420982900896756,1
0.4179106190344812,0.2880670565472512,1
-0.06631981938046871,-1.1409381010698578,0
-0.20480271510759585,1.009889694809374,0
0.12385054035077092,-0.5344729418320011,1
0.10809999275397468,0.9164193154671946,0
0.9824898090520726,-0.19368309899309633,0
0.058146916274502955,-0.39672206394842247,1
0.4317275078910695,0.16466829487427176,1
0.02599045646034999,-0.9474892570715209,0
-0.5079994294345187,-0.7165099384584366,0
0.9642659060456962,-0.47447145479035874,0
-0.011217102180574359,0.5032052209272067,1
-0.26979055849782,0.9384370938559211,0
0.49869759523537094,0.2576106477026015,1
0.7927522991682804,0.6145254927788348,0
0.4559285142535901,-0.38685950361943067,1
0.7447725685474321,-0.525464630880484,0
0.2718394799612339,-0.313929908932191,1
0.10403554312576992,-0.6254862317310284,1
-0.09344394312322721,-0.3523982875398269,1
0.5072718022179914,0.06765628768075059,1
-0.07823586708986968,-0.5071466094044621,1
-0.38189590194919554,0.3267135811554815,1
1.0634178386568478,-0.3481537737065265,0
0.034434380215671564,0.8932277849719241,0
0.23099343787395604,0.5263695216830576,1
0.2367200657820694,-0.4742948497393069,1
-0.6882455904814544,0.7503388642048907,0
-0.00846493771813997,0.3755333380999616,1
-0.3893930435379953,0.46738470137239224,1
-0.2935126434861755,0.4044406661035219,1
-0.15345084837981135,0.43427560543161886,1
-0.4369626868669364,0.1435011212743663,1
0.22542755856557264,-0.3813676371137333,1
0.3478917867950685,0.28148134710254274,1
-0.803116448948742,-0.7472724686914876,0
0.15126485563570802,0.9873911894358174,0
-0.21809505803321175,0.8872042407261841,0
-0.7522236950488753,-0.5117690483682892,0
-0.41152221213927825,-0.24641730672090428,1
0.31632065602992976,-0.5227995201888106,1
-0.28986727225439823,-0.34035162050269907,1
-0.38259654094957996,-0.32378671614013654,1
0.03006832750364176,0.6285303968352399,1
-0.18549025948620998,-0.8718426353052874,0
-0.900332012086967,0.2152084940221657,0
-0.05257273123429776,-0.5550875804004017,1
-0.01787280281093548,0.46584321982354004,1
0.2883621518060673,-0.24566269621919518,1
0.530534198441888,0.028352036938413,1
0.764872716971531,-0.6635360039324038,0
0.9714689710305561,0.16214356805129612,0
0.3713552830427397,-0.36593815569071947,1
0.16841405017404004,0.8589571651821726,0
-0.3608386917054075,0.24063404025999574,1
-0.3155162373955887,-0.2374169570562002,1
0.31102452831513544,-0.5132925061756552,1
0.44995039379164714,0.01645166537378665,1
-0.6459138547383767,0.6915932272650869,0
0.15090575528864295,-1.130263778243285,0
-0.5171860494337098,0.2579512521090157,1
-0.30591766153573074,0.3566245003498506,1
0.9054001219562227,-0.3941380599659582,0
-0.548618510735367,-0.059397009311374885,1
0.3184989114174715,-0.3786611780237642,1
0.4532388716684907,0.04690003864741844,1
0.4193307167403612,-0.14081894829788083,1
0.46712796064356454,0.35852899588480464,1
-0.48040837356180444,-0.11222021470374992,1
-0.08344205294497341,-0.9903787581961911,0
0.5398677875770643,-0.1279042991245071,1
0.2093520697736956,0.5242390039104463,1
-0.5553937877476859,-0.047143522476855854,1
0.10718774288229473,0.606688507067279,1
-0.6448943025269274,0.6348118303564083,0
-0.493960145013281,-0.39042763417120785,1
0.37916585465269026,0.7331146609857343,0
-0.9520801783767253,0.18616107308019497,0
-0.3581880295030012,-0.3998974186506261,1
-0.30715646142023545,-0.39853013608454463,1
-1.0039639028633895,0.16408265320784082,0
0.35363804741613575,-0.3405757121031162,1
0.878534527993469,-0.44379449179193875,0
-0.4968670681892753,-0.17204483210278296,1
-0.8426597461282147,-0.41677215609748336,0
0.35664733112973734,-0.2812677551833172,1
0.9322703474484583,-0.08912297884835824,0
0.35765157392514724,0.404534567957141,1
0.7082676076953183,-0.7145713111958037,0
-0.7230237817062595,-0.7107111690394785,0
-0.6769064196517117,0.8684903737139161,0
-0.39888016810196936,0.2085668848923182,1
-0.24173754664818536,0.37739418317436385,1
-0.6501939489346269,0.6120725303861139,0
-0.6017395377449093,0.10456380514256995,1
0.5137724149081356,-0.3831333900979189,1
-0.6039804138418045,-0.07274925470774882,1
1.0088425280953872,0.5097726792216732,0
-0.9589813450366088,0.09324797185685674,0
-0.9812768616490314,0.3384120420753915,0
0.5968851417952509,0.8406467330030846,0
0.07041045764376885,0.3935847407172304,1
-0.6417163464559436,0.7843156165610373,0
-0.627359109217603,-0.6721809418231401,0
0.11609423096180833,1.0413762477813835,0
0.8131447650696374,0.5828897631947485,0
0.49308550289044534,0.18748867656079002,1
0.39891153807061047,-0.3817877805387556,1
0.09657204838962981,0.4566652421354865,1
-0.9595175823981924,0.25142464225591526,0
-0.3802380501378228,0.34762239714700793,1
0.4782279862111628,-0.04756190969599629,1
0.37276930635400274,0.382945568448559,1
-0.6592579057439579,-0.11770761305601163,1
-0.6474107397244844,0.4969462069595278,0
-0.4335900304212482,0.26201211838906496,1
0.3097465751125755,0.24137048856652446,1
-0.8310693528561065,0.295352886792074,0
-0.3187229914854281,0.8786498783760583,0
0.580306632337776,0.01258700587598352,1
-0.7211577924114507,0.23705630301971042,0
0.7694554453724464,0.5121663211296771,0
1.004199268925776,-0.01112249863087942,0
0.562661778097889,-0.7614731317957077,0
0.10176771690581146,-0.41294049273222166,1
0.38920078346313963,0.345992845403432,1
0.7366876645778827,0.4108424097124634,0
0.3990193856672958,-0.23172135483249878,1
-0.5462915464387614,-0.07723388028053205,1
-1.1323611042096042,-0.15057024026885374,0
0.0849999021523075,0.964815113869316,0
1.0008826922071412,-0.42824791995371336,0
0.4008532275936954,-0.34105112859416575,1
0.044647839950917145,0.4504707919458086,1
0.7775574045908705,0.49392438803259453,0
-0.06399568383721975,-0.48332818618522727,1
-0.3746498082599136,0.22588403951725902,1
0.06644034729498939,-0.5085918263396718,1
-0.19087614756809418,0.9186407490348298,0
0.2490754196205023,0.4576261450262921,1
0.5833804329114313,0.7323892656580848,0
-0.2565897071486025,1.0968627020640225,0
0.23756411285840698,0.3605448023588277,1
-0.30827947129112615,-0.35915895765166767,1
0.8257151980902345,0.9298526892420114,0
0.7714811545335927,0.6669765081187041,0
-0.475408159437871,0.013566184666288013,1
0.02944160380055158,0.47379037441478,1
0.40674963644834594,-0.2778855637249434,1
-0.1342290751482057,1.0190223735298611,0
0.43448760151316634,0.09978550718951525,1
0.32571276670160637,0.22233752047599825,1
-0.7816281984306113,-0.4996711846289069,0
1.0262406988624433,0.18415410247218222,0
0.2833341901328833,-0.37074234429867287,1
-0.6931322827771162,-0.5084994846814128,0
0.4659311994677312,0.31900986754550475,1
-0.32693979775242155,0.8624671973224192,0
-0.5236296396023471,0.8729756537629594,0
-0.4076418801049385,0.23632377050175662,1
0.2969676337808858,-0.49246099784006625,1
-0.7665071987894249,0.8810337667433293,0
0.299284373823734,0.723455314666414,0
0.4727072432991942,-0.2535306497085056,1
-0.4705191752780156,0.5874117243567034,1
-0.270503875579048,0.4576444225869325,1
-0.23547338433431533,-0.3904668122143224,1
-0.496879547103997,-0.2747439605479269,1
0.8896812977696887,-0.33044836768509706,0
-1.0601351804073527,0.6192940995911114,0
0.4665122741465748,-0.020289610637916997,1
-0.594232753683525,0.7691314357819299,0
0.44012301512205226,0.3424755761212867,1
0.44851897958138087,0.1426204398066011,1
0.25655877065932087,0.5798004050454122,1
0.4350362479970861,-0.10017344959465423,1
0.25536443035078066,-0.7265270354748719,1
-0.8342646404497351,-0.413686343575122,0
0.37748235495434035,-0.16070305491467424,1
-0.14818621309879887,0.44521778941214785,1
-0.5270980783978476,0.015383545191918068,1
-0.4528997951697397,0.0002060957613644887,1
0.278634769875934,-0.8907405918674727,0
0.5038234182046318,-0.26674031633613493,1
0.8886089651703826,-0.42648394305929,0
-0.4976216112042048,0.27438807763346534,1
-1.036079326590286,0.2968978641449661,0
0.3641147513327656,-0.8499611897029873,0
-0.807598257752256,-0.45475129059745095,0
-0.16305214263950726,0.39973433633456845,1
0.09338011145320388,-0.8284955085618827,0
0.17481131775181502,0.5607868126417187,1
-0.4947472812393852,0.12837630813663378,1
-0.2970196825116158,-0.4654848218516247,1
-0.954345168530992,-0.16217471176466358,0
0.04530130858280719,-0.3685885880366184,1
-0.9118264215535596,0.6488224391634938,0
-0.6105063757648672,-0.827057732013308,0
0.3315515122350091,-0.4342554438685363,1
0.16261866929647165,1.0203363829875143,0
-0.7289956161141122,0.6522158959836886,0
0.2884318614867202,0.527113451675231,1
-0.21978682702964455,-0.912524196206227,0
-0.47524886907857294,-0.907575472962885,0
0.9449121404481654,-0.15209980737974066,0
-0.17053243869546036,-0.9501307923756936,0
-0.3534584581456858,-0.28455284352825744,1
0.1791517447763653,0.39771687785864895,1
-0.5017150671999878,-0.18434294733820722,1
-0.49943436734952984,-0.21907428077362362,1
-0.41414930750927526,-0.8903559495507458,0
-0.2431835877468118,-0.20131673532277455,1
0.6275905321342597,0.7719816014753191,0
-0.9011606663519267,-0.12144733320117623,0
0.039987280675146654,-0.5069620028419378,1
0.6058686075176144,0.8549421113998161,0
0.5142753432509124,-0.8100918395518488,0
0.8840520437432802,0.5345456566101529,0
-0.8579236888142675,-0.6611923324441713,0
-0.63592195210907,0.800924187524683,0
0.194133014186244,0.35829547649536514,1
0.15209279543078155,-0.3796155932647356,1
0.32852009851399366,-0.4733374286319768,1
1.008455041283007,-0.3575003748325797,0
0.58753777467559,-0.7766193297381966,0
0.7674655634126148,-0.632011872119472,0
-0.4651489264088028,0.055978408015676454,1
-0.21180054792315017,0.540748291253351,1
-0.04916509874768266,-0.42163766857169976,1
0.5388482412641413,-0.3015829166497089,1
-0.46018933006548945,-0.17877677647980306,1
-0.4728596184661133,-0.3194411424094256,1
-0.5172727711271732,0.05750343093399581,1
0.4852747736372177,0.45386590527995563,1
-0.46061945453578373,0.33772689215528734,1
0.2679232722665401,0.8498767549141852,0
-0.34450036506617354,0.7644349683336192,0
-0.48314091194179365,0.21569561384479236,1
0.226584590625873,0.9638737954896679,0
-0.11429700566227788,0.4371774508284911,1
-0.4094188739269284,0.195771731668484,1
-0.46075025695934146,0.0656407382624327,1
-0.4273928425497415,0.3614446112465528,1
-0.47523279698916865,-0.1336914113710169,1
-0.4678511539703382,-0.24264858833320607,1
-0.092472388220101,0.5039607647711578,1
-0.3830169307643258,0.09559592443362852,1
0.38314386299026504,0.24430227509663938,1
0.8154872769809571,-0.4379610904435797,0
0.50523883574563,0.2698749415733475,1
0.38083554630907135,-0.00023457541670435234,1
0.022431613191793265,0.5470592817574318,1
-0.40796050566498365,0.25589695484798664,1
-0.373094994697291,0.4279068275590625,1
0.4927898673803792,0.8176900523935822,0
-0.3759856342173216,-0.3029944698365337,1
0.9636056612425107,-0.21243001163954475,0
0.28903857858575405,0.8185363846221457,0
-0.5656566385564028,0.009559800013532705,1
-0.4358909476592864,0.8593092247882069,0
0.9545902459103335,0.20727609225168317,0
0.5888087376641444,-0.05812930085602264,1
0.2993120032457519,0.8450022941272974,0
-0.36212750021774476,0.3981624831401117,1
-1.0120988599575764,0.2103726807503027,0
0.007869890717265052,0.562074421462226,1
0.904926913999454,-0.19074299132670974,0
-0.2016319756024245,-0.47258778992793204,1
0.910116023034149,0.3764337886638386,0
-0.6198091118634542,-0.7736248985166418,0
-0.3795694917792639,0.23697587041388002,1
0.31594279467735026,-0.19805665708874814,1
0.9549046432762903,0.11356794258729926,0
0.060292918681139965,-0.9854521999330578,0
-0.13887302254731704,0.927932684374978,0
-0.7860595696527112,-0.6173717177974032,0
0.2922897383700222,-0.4689679451758154,1
-0.40092669225420974,-0.6069079657238602,1
-0.4937459927201642,0.5140911393412786,1
-0.601237819404027,0.6981384371586092,0
0.6542125418403812,0.6756994565513843,0
-0.3267221844761564,-0.28491056562909123,1
0.36619613287853564,0.3329538350318387,1
0.9432020902612795,-0.2650719843688176,0
-0.5689495572083176,-0.7922520575273192,0
0.4466983873755368,-0.2579271175634371,1
-0.25909117200783227,0.38652381029774197,1
-0.595301305236142,-0.0532166827499176,1
-0.04227180399397353,-0.4220744760126548,1
0.38139139289075163,0.06808886026169635,1
1.0180230804403754,0.12857968477866955,0
0.2307876920203391,-0.35314434342192985,1
0.7192389536601418,-0.6071779031515633,0
0.06292962120416604,-0.3893511046372834,1
0.8926135748014915,0.38961925329606617,0
-0.3818639421022301,0.8644470352388735,0
-0.3200656986329401,0.4752225349419421,1
-0.2582620462001542,0.8624972750608199,0
0.3831912835155027,0.8333564002330275,0
1.0314165511766291,-0.40654663811181435,0
0.09284602531908526,-0.4273081255720055,1
0.5610447131229505,-0.1621203739135599,1
0.5260377783073908,0.03135234681751953,1
-0.7951073625968885,-0.3880091556477313,0
0.37743450409270224,-0.3166695374696896,1
-0.910427540734426,-0.48969900065607863,0
-0.4681090676770512,0.2977522351876921,1
-0.2200558389118611,-0.460627999082754,1
-0.2392542212646284,0.8366176367273124,0
-0.6956186039433717,0.9101249884242184,0
0.949655944438052,-0.3768563206752912,0
0.7782640476588264,-0.7586709869140109,0
0.2900144629298905,-0.9236244429097227,0
0.5056718682687743,-0.12676719380001666,1
-0.29776510056007977,0.9849368603361421,0
0.46681703924494056,0.06991621398810252,1
-0.21135607189507885,0.9401114569056733,0
0.37372891402970865,-0.8476823658536237,0
0.14785764360394443,-0.45987899758196643,1
-0.3301193136171349,0.5010331121944509,1
-0.7835234635629856,0.6702451187555345,0
-0.29351394833065136,0.4909490344930241,1
-0.30029550429345786,-0.5036703589497555,1
0.5881969897023761,0.02920343930739685,1
-0.4816520729550311,-0.20307588947554223,1
0.2115719275124539,-0.3137634202934362,1
-0.7328181655124812,-0.6468385385183354,0
0.7165491493293532,0.5121058346613636,0
0.9523344536072448,-0.2644609063925523,0
-0.4801261084188698,-0.09099559494501097,1
0.9986187570956208,-0.2949631218784453,0
0.9661888410661914,0.4562482047771844,0
0.6689608206059013,-0.7825794643408471,0
-0.3688498585218041,0.34155135857968166,1
0.13783882460307592,-0.4487775248270852,1
-0.5393103939601883,0.9201485541651576,0
-0.34571102980296375,0.5152630007625625,1
-0.8311519045101687,-0.3066270495487632,0
-0.15569647177921617,0.5161663205496798,1
-0.8584955282467905,0.3099264712079175,0
-0.4913088814998077,0.8455839940320272,0
0.017035622813040774,-0.5417718619003926,1
-0.04635891207766432,0.47479572754686467,1
0.4984222428066778,-0.041826196041299626,1
0.12965299397940594,0.9478826083050003,0
0.043739347643837745,-0.5390354678820144,1
0.6803869389115776,-0.7652502098348779,0
-0.5871151391361643,-0.1599107167996402,1
0.4294895828787621,-0.37682789982617243,1
-0.20755007263246633,0.51168911846115,1
0.36617644333002136,0.3129535803650641,1
0.2959551952211037,0.9375789260476021,0
-0.2742534732100481,-0.3521243367335051,1
0.7011916025340917,-0.5714680420845782,0
-0.03636244741132605,0.4157877232755675,1
-0.5237248070275003,-0.974556886056736,0
0.20737505087486136,0.48551031630536917,1
0.4280015740619997,0.39505076227478514,1
-0.034730748675984746,-1.0791449656526846,0
0.19383227192894778,0.4818318381336176,1
0.5597825615840102,0.03457558048567614,1
0.3535620300815879,0.3792810227002603,1
0.11712373459991446,-0.5369870273972033,1
-0.3790525858699545,-0.4328349050201104,1
-0.2763242621531429,0.7253716854289718,0
0.8154533319782673,0.5348696061039032,0
-0.4751399109575912,0.8299767300285241,0
1.0939558854274092,-0.0059788385881116846,0
-0.9825762101128835,0.13178391492244407,0
0.3671214935250059,0.46446026928178147,1
-0.6907465870082528,0.7991564555236356,0
-0.14190807466681307,0.5195028406548052,1
0.651071623324767,0.5563224253521256,0
-0.4935285793526793,0.9326409626489562,0
0.4281818218917648,-1.013315441564993,0
-0.7163275234083943,0.6144276695410056,0
-0.11583315677952619,0.45527931209848876,1
-0.777101608271077,0.856700630259598,0
-0.18460503327102945,-0.49999023614326105,1
-0.020421033225321295,1.030130488358837,0
-0.6632747428443044,0.6008259601499286,0
0.003915315389123673,0.40410364896272283,1
0.34793449712376484,-0.49640372034960206,1
0.03230682286972864,-0.5408615745174977,1
-0.3930398718799304,-0.24828666548964798,1
-0.6576564826615658,0.6197937472920245,0
0.23226442743341705,-0.5215639727143805,1
-0.9584128073938322,0.32769640991261995,0
-0.03975353582918088,0.9985452082055949,0
0.5004150080853285,0.13616755486686163,1
-0.32535076478603997,-0.36484369152330515,1
-0.17190427788242496,0.5399242745411613,1
0.9214731721447429,-0.20064556568508363,0
-0.08115633858422755,-0.5446424914267362,1
-0.2797978880861741,0.45065022795631404,1
-0.09715396595330451,-0.40782757372753,1
-0.4259728289991972,-0.34112326444108004,1
0.3460399601524755,0.04062407358999269,1
-0.9203757865930552,0.4031324482221668,0
-0.49534794570212376,0.3173320775481074,1
0.2194837028277228,-0.3104478298863951,1
-0.9187287175671313,-0.44341830587338316,0
0.25723641938547515,-0.5982223629739277,1
0.5451788542707097,0.2566618020482467,1
-0.20898846499649593,0.9045069881181442,0
-0.502682948918688,0.9001063629323512,0
-0.9167237023987579,-0.09080643228177186,0
0.2668086269216663,-0.7571636735116264,0
0.9886506573330557,0.3637806553855281,0
-0.43918417632165296,0.015780116472473862,1
-0.2714134177597153,0.7857812363636448,0
0.5604821099539428,-0.8867194227982873,0
-0.6485899118798705,0.7137974731298213,0
-0.8657585707664527,0.20853617706415473,0
0.3885898196922034,0.23290174876589045,1
-0.4967200289971062,0.27791661244290733,1
-0.31673934267751747,-0.3436626453996592,1
-0.09088313473626011,0.9143821972611195,0
-0.7852185077431795,0.5201792345782242,0
0.4826157593237929,0.8169241814992259,0
0.13958553567167445,-0.3969346423380409,1
1.1258599749456968,0.1382363454694724,0
-0.9830979866929943,0.2275998773649383,0
-0.24457844460311381,0.34552405782208817,1
-0.7036256178500654,-0.6771173586541661,0
1.0758709381857567,-0.021739232585901828,0
0.6703028001215532,-1.0101283383381399,0
0.885746369518286,0.4511174401183311,0
-0.21651084358315273,0.8438658641236074,0
-0.18354373148036246,0.9968446996980568,0
-0.2761085285918651,-0.8708181826833108,0
0.9448893063788455,0.006254077985708942,0
1.014756454538942,0.08247515795634808,0
-0.16778546846884976,0.4153615590840313,1
-0.6252925782173331,0.8122672879065069,0
-0.3319679318040672,-0.24433655736744173,1
-0.2702430756415248,-1.062810569970376,0
-0.8953528625085015,-0.37570287491747517,0
-0.5221835023160564,-0.4408074939670895,1
-0.5112977718280152,-0.19792783931815594,1
-0.13786978154006746,0.6639893053540182,1
-0.7321159052423016,-0.3697179294285847,0
-0.5729328927313981,0.8882817747441041,0
0.35717481618428615,0.4505875784507278,1
-0.036345562649079836,0.9285236021654564,0
0.36143333995600524,0.29982468047343436,1
-0.23529211780693954,0.5636059257582109,1
0.21501580410567192,0.9816592866483651,0
1.0053574347658634,-0.08402140985118299,0
0.3434111633870692,-0.22260931677224838,1
0.1952848397629776,0.3778004442764804,1
-0.2119370298724207,0.37001061121717593,1
0.24679960455779393,-0.3852264994778902,1
0.06571334168940784,0.4888159318053936,1
-1.1687974566099555,-0.3849364404731557,0
0.9978040299637658,0.5471040802201373,0
-0.021849093957489935,0.4488630408072209,1
0.3814977744828185,0.0809127961793149,1
-0.9475866565305426,0.06407672125566011,0
0.8603950110211107,-0.7003952377782726,0
-0.030876147213970046,-1.0474292311619007,0
-0.921690415374256,0.003950400936123137,0
-0.1413083076901862,0.4518758628289023,1
0.2127404584477612,0.3158514758240172,1
0.9362513578939751,-0.03214418905071453,0
-0.8157708567570378,-0.445514828064968,0
-0.44653425606574054,-0.32847005474918034,1
0.3875667557034438,0.4614244524254719,1
0.5887979979287953,0.8437083092010348,0
0.6160470699992516,0.9090942117616445,0
-0.07178959235816171,-1.0236719833957055,0
-0.08401284414943644,-0.9585179187214207,0
-0.35210958179006346,0.14879249789905133,1
-0.2683676733943383,0.32242196383061644,1
-0.8672882316328663,0.28536926254744205,0
-0.35954484882844756,-1.0096658899352282,0
-0.4565486155978868,-0.24039372573276238,1
0.35064422587033456,0.3274485610924799,1
0.5157881283299588,0.7721814621495392,0
0.11767879080029969,0.5904505146708049,1
-0.9608977148474827,-0.3868649312468071,0
0.5349545854640468,-0.168639290991348,1
-0.9370583907931564,-0.15356024600180482,0
-0.419448002572295,-0.19280325467463183,1
0.8425889158164916,-0.3703978182909047,0
-0.012476351172739819,-0.33868624957611093,1
0.2742881244726961,-0.4015118068935414,1
-0.278629399861746,0.23339814104335208,1
-0.06508449369707223,1.0217532508644014,0
-0.4037792605906315,-0.1036268616821806,1
0.677245029902922,0.7060120322311559,0
0.578845004711763,0.876900862231964,0
-0.6144933308675353,0.74163142940901,0
-0.4410946783274984,-0.3683067711761291,1
-0.5807109348005657,-0.8681618301479244,0
0.04591781827964657,-0.48126755906470414,1
-0.5011135020203459,-0.9053202869421688,0
0.8696511895268957,-0.5136633428546233,0
-0.32300201287312424,-0.5137399117247274,1
0.4519541698489851,-0.48984639168863364,1
-0.8325580599883184,0.7064757442613573,0
0.1422119783952909,0.4656079598800895,1
0.0011078090173044803,-0.9578632416756093,0
0.6576444213745425,-0.7252004249509814,0
-0.21139927472475034,-0.517736007143921,1
-0.3486502102266892,0.83442742637147,0
-0.46630903853305733,-0.2674882715231551,1
-0.17539569977501354,-1.0107297849513615,0
-1.0247348810967976,0.35592957478703957,0
0.5404269739766148,0.842534059119862,0
-0.36140620301181814,-0.2065811491670673,1
0.8486416895790982,0.6357744179132375,0
-0.4109864498203947,-0.38085456948519025,1
0.06354120428744044,0.3778686229903523,1
-0.7572683566081763,0.4748402442380672,0
-1.1415122509554598,0.31369518275078767,0
0.24191053298263832,-0.9339415378852515,0
-0.10181038292731653,0.44324079417795403,1
-1.004631042549612,0.3132369307384071,0
0.4490088549912663,-0.1650642857113368,1
0.34789638995162697,0.1837717884700606,1
0.4208651269064805,0.15348822584680472,1
-0.4828354216311254,0.20734443569973562,1
-0.0547235410007752,-0.9178225146093776,0
0.31656675578333676,-0.4125195044492781,1
0.37881405191486744,0.8314617176865681,0
0.6325227287030889,-0.7618287550894064,0
0.2452320999453559,0.8687284867975126,0
-0.29448965397158977,-0.4040852405938764,1
0.01868792501347255,-0.3898960613236033,1
0.26492615754290216,-0.4595088740257086,1
0.2330374927346031,-1.0060401750178631,0
0.9571179811274214,0.14257173940138965,0
-0.7294644045241209,0.5747363657609347,0
-0.6128623650953605,0.7284346362556272,0
-0.3476045213073582,0.22332880014473444,1
0.25684109730724836,1.0075856354622996,0
-0.5812148660846898,-0.8445679024431696,0
-0.8494873081941743,0.5609646928789953,0
-0.4446853473858156,-0.016302752273628526,1
-0.32290346451002133,0.9600059461374888,0
0.9363573667806324,0.25696687546449193,0
-1.1232144772315436,0.07798615650992566,0
0.009821539876895075,0.5226795084189817,1
-0.14298510401963943,-1.0521616647566696,0
-0.4985150042950558,-0.18760973493102234,1
-0.47202542377146756,-0.011722568244533244,1
-0.11514011331418755,0.43712617033951723,1
-0.8694262740967525,0.5957736862901503,0
0.36983506183270604,0.27063778010193473,1
-0.33312505155540767,0.8977434827324132,0
1.074789353147518,-0.06812387488222327,0
-0.4326169492533396,0.2898775750327572,1
0.5495597702779155,-0.12838441391855687,1
-0.37301771801357975,-0.34618462324939236,1
-0.8390921672970554,0.09898207407959239,0
-0.39594579244169015,0.15633052332940653,1
-0.46942914734143854,-0.11591585210593192,1
-0.31530409750896315,0.39022786278933896,1
0.7020685887960565,0.09156010541021463,1
-0.3932087358890884,0.38819713365196246,1
-0.06030614105317596,-0.9796174478034134,0
0.37889727709041604,-0.33789836662826317,1
-0.4393446454932377,-0.24765903230446723,1
0.37854264814397737,0.38474980093640543,1
0.3131394380593577,0.19794666951020362,1
-0.03256946657638684,-0.42327083351376255,1
0.23744426421689283,-0.955792775112099,0
-1.0368159347341919,0.015365462548027484,0
-0.3487101682710271,-0.8954084434864711,0
-0.33111875663846685,-0.8433844791062186,0
-0.4685000880570926,-0.28364630041372035,1
0.7244227385410753,-0.7152062153725077,0
1.0143197805931379,0.12753781881442136,0
-0.46956634527469177,-0.10761334674457732,1
-0.06348417981773204,-0.6071574583784388,1
0.005372952235080098,1.0397199262945833,0
-0.5337803246052221,-0.215205670656693,1
-0.3263318794591362,0.3568779600949068,1
-0.5279481851408329,0.8586270561224956,0
0.02505380904603151,-0.5145190587125595,1
0.2434562432322999,0.9106623381413007,0
0.9934011356079921,0.21379122520263202,0
-0.20255059941475986,-0.9291470607080259,0
-0.4970232207171681,0.10455966082392454,1
-0.9125358173177964,0.21045653702242806,0
0.6505846066054264,-0.10568877277925383,1
0.4500582679112759,0.22939280592876501,1
-0.37879575628339335,0.19765736676896406,1
1.0137866653339507,0.2513798620791965,0
-0.02111120117768775,0.5044435119177682,1
0.4122159662880855,-0.35554577186276276,1
0.8245240853721549,0.5316478934823271,0
0.6990816993004112,0.7681517447421727,0
0.2705252600445836,0.8124400181994489,0
0.38994649554572913,-0.3913270643936868,1
0.5312596625775626,0.9409216504378806,0
-0.41102497581038977,-0.41996238088499793,1
0.6208809584160438,0.7816836053383049,0
0.8382521805183034,-0.5755343104406102,0
0.04470158081585449,0.39196008091576745,1
-0.4070100650608429,0.7875843525170855,0
-0.28430501595423724,-0.9578584631674646,0
0.8486141663474429,-0.49195474829647323,0
0.8434049331646019,0.5016429777038893,0
0.27400195294340396,-0.3723093292356598,1
0.5762646884022742,-0.795176781264567,0
0.8843540852633767,0.25197667656931927,0
0.8150287101858578,0.6462878777350678,0
-0.34532165791937725,-0.33714051562388764,1
0.11418494934903155,-0.5181549435468327,1
0.7692476297023293,-0.48488937364361157,0
0.17907683864109858,1.0208569087582173,0
0.31578632341313445,-0.9718233946420731,0
-0.5750629977609317,0.893441487288711,0
0.3339985314932984,0.9063067664425876,0
-0.26050429003842035,-0.33765798428169713,1
0.052289545682671926,1.078881640103264,0
0.15927383713907525,1.0573430520145677,0
-0.34668438340537333,-0.00339961205061777,1
-0.23209226800189714,0.33613631866439275,1
0.1708984034536089,0.9977669097390316,0
0.6009740011693376,-0.05938965339593804,1
0.5527597942503845,-0.24912427515877378,1
-0.28862527743597705,-0.47624346890471164,1
0.20631241171315107,0.4355488383718825,1
-0.7172732516617912,0.7999091945587847,0
-0.38552533713458365,0.1191293589600669,1
-0.15981160716255322,-0.33351070758828205,1
-0.20441294663796716,-0.4658592860544058,1
0.7415929909989876,0.42154510453539723,0
-0.17831719944428964,-0.5162427628194124,1
-0.14972504948305965,0.35743855844846856,1
-0.0067148081934636505,0.36854633092837086,1
0.5824568999474652,0.9514125846024181,0
-0.01005552720582148,-0.5014366347716659,1
0.47561829059105837,-0.06856537375505625,1
-0.4039816812768935,0.31097932393071037,1
0.3052748236849967,-0.3846571040338019,1
-1.088052381441388,0.1975721202698894,0
0.8130399912290598,0.6689979777069536,0
0.42672335271673084,0.7726464379848461,0
-0.1360841005049035,-0.5283221193874199,1
-0.15982707940308793,1.0089291380342493,0
0.000528156481554313,0.9354884313615046,0
0.1942238950590198,0.3948774576133883,1
0.33236044298434025,0.3638393967049147,1
-0.4897113349408578,-0.02501230836490334,1
-0.07266768618880075,0.4298758686867412,1
0.2101647077988293,0.5348485701519662,1
-0.8992922767246999,-0.41154604920216903,0
-0.4862035964907714,-0.1857736824202348,1
0.24726801495657535,-0.39395537019809407,1
-0.44657826745783014,-0.9871196572317978,0
0.4251276789671783,-0.2387288049779836,1
0.448141578743606,0.7741507261929843,0
-0.30054747699296824,-0.24572641458283595,1
0.37064709837823256,1.1023516140647844,0
-0.4802024370825334,-0.22103090306837464,1
-0.05630452098287411,-0.48418997186962304,1
-0.325455208899178,-0.3165951533596995,1
-0.65756020609198,0.7270560571108401,0
0.3394530035424529,0.45649992898346575,1
-0.8965783949308275,-0.480664469527193,0
-0.0027435744302385934,-0.43679466233010533,1
-0.667184157143172,0.7285199315301653,0
-0.7022110170888616,0.8297164963351759,0
-0.11640819268508537,0.48470438498530993,1
-0.508059300156748,0.8612636488245975,0
-0.9295617745818661,-0.38675957189965543,0
0.4467842444686901,-0.4001145022876802,1
-0.2167336947679758,0.43833684125966355,1
0.8433503446643974,-0.5833128058851108,0
-0.8328720138839134,-0.5333986917519692,0
-0.7117568733591874,-0.8125521780608214,0
-0.40588923989297376,0.4162276632405322,1
-0.43376677086394544,-0.26776896988412613,1
-0.24672741751307997,-0.48394814166494404,1
-0.17305313621884497,-0.3485664745297615,1
0.09127533724549267,0.7137667666317964,1
0.3541742155365145,0.0070202725906015895,1
-0.5535363859210497,-0.7978453363137712,0
-0.672851462930418,-0.8732301748881037,0
-0.13282018059952364,-0.5571646586555016,1
-0.1091678210450242,-1.1984558755012455,0
0.23147405076170657,-0.48904202084930287,1
0.701440068537153,-0.7559068709527852,0
0.41726759468334573,0.9729064117628354,0
0.41529159302584107,-0.09857106435126281,1
0.569072744423796,-0.7265915192383933,0
-0.28677604990323524,0.40677597019706163,1
-0.4119754262114683,-0.8355093097205335,0
-0.5374356413555604,0.03154994453235456,1
1.0273807710636405,-0.18390729472336753,0
-0.18461972779484248,-0.5344657044753081,1
0.07830737238839931,0.5596984984500443,1
-0.5203429119336331,-0.7731000419605061,0
0.4949292156627649,-0.1572684018045143,1
-0.687629628333213,0.5285462390116455,0
0.6399553927968002,-0.7207155117467661,0
-1.0186771563929167,0.029991879898451826,0
-0.7113274994820232,-0.5563891008464679,0
0.9116024617993876,0.20739143421567208,0
0.8960308852564909,0.0011773155225257223,0
-0.4598895529641932,0.16059055601522249,1
-0.5136628285686105,-0.7839270763132512,0
0.9952668055420576,0.24275443437530853,0
0.040481529208723235,-0.4798287825393831,1
0.5579156581321769,0.07002451900453635,1
-1.0462182161990126,-0.1831244393774708,0
-0.3803722806560534,-0.9016988559609476,0
-0.4838944918049186,-0.09295657455059944,1
0.3822796864661012,-0.2900303072210489,1
-0.5160045197869,-0.1130092080882995,1
0.682754430051683,0.922869229198497,0
-0.9125694774324109,0.4475222412452978,0
-0.8364792284157195,-0.4929320222959985,0
-0.4896873840712271,0.013628031622014612,1
-0.39029406459592675,-0.3485028478491076,1
-0.39339948301799066,0.25725125402258053,1
0.40975542802365816,0.8320341415859518,0
-0.48403150576493853,-0.31603685801309267,1
-0.4931483667961317,0.2660436978712341,1
-0.11954913575620468,0.3934504900874078,1
0.4927078369876517,-0.46259872843102245,1
-0.4718667308980414,0.3228361627647146,1
0.7482517729652962,0.6198810734500481,0
-0.38317015175775465,-0.34352715980187976,1
0.17679812441396667,0.5410043265318066,1
0.1832403856175801,0.5014735172174376,1
0.11003716920533951,-0.5265001689986208,1
0.20866793602949732,0.45482237594334657,1
-0.8843263369892733,0.4288143633496668,0
1.0611124057178825,0.0034193075334284784,0
0.25823887171604365,-0.277617739941065,1
-0.3226026233225917,-0.14551279978300913,1
-0.05559559584112472,0.3225236507247988,1
-0.9663735820860699,-0.436096104235137,0
0.6603607175765441,0.5111099913415413,0
-0.5537393082439669,-0.9491450435575549,0
0.47903891898146234,0.8515094125532355,0
-0.4016800033523852,-0.07997012523267491,1
0.12572896771209333,0.47721017624862755,1
-0.9963663391826771,-0.5362345484175975,0
0.899634172161739,-0.4432152999638165,0
0.5968775758787687,0.8675491641203392,0
-0.9036983064621922,0.40637675256873745,0
0.3289999837432583,-0.40209166446627914,1
-0.4307293626729149,-0.18437595085071384,1
0.5625326396109285,-0.9545074303425435,0
0.8907071052949955,-0.43854654584732344,0
0.611797363082957,-0.6780573241065129,0
0.3053401807214093,-0.5138683526431747,1
0.29461432170090684,-0.47134616610262775,1
0.3506076499920994,0.3912554518072599,1
-0.9217695829975153,0.3402455170173132,0
0.5113914700602711,0.11887796182441365,1
-0.8877776752138619,0.4336234493572938,0
-0.01549475206188107,-1.025511090939043,0
0.7614470115003705,-0.5535035161350037,0
0.9435188292298454,0.2951181474878347,0
-0.7887041573687543,-0.7067222975225746,0
0.5054238548845396,0.3913262430420057,1
-0.22360260641677554,0.4859316847197894,1
-0.29687587816130623,-0.4784249015764844,1
0.8376114215933821,0.6239119031759661,0
0.18044797357104753,0.49749472972725556,1
-0.11374605003516161,1.0118779886184777,0
-0.3900996650634014,-0.21861290909594006,1
-0.4915525290283298,0.9343460939441832,0
-0.024888880462851454,-0.4427497261949423,1
-0.30664004394354816,0.16837094400827257,1
0.43505830523603123,-0.8438008874749656,0
0.26990267592169914,-0.3863148100047659,1
-0.3298402446627774,0.9079647113067697,0
0.3620416190785571,0.269508852360442,1
-0.26631260180486077,-0.44148015395007606,1
-0.27586804067488274,-0.9298407669697798,0
-0.9640465155497863,0.2294507262345229,0
0.7757816056262037,0.6580021297862377,0
0.1804933280581132,0.547740268451441,1
-0.9743562176356202,0.022094923304278147,0
0.6488953374828325,-0.729497769373174,0
-0.3926268572470714,-0.10660778609161128,1
-0.628968127940796,-0.6873480227345845,0
-0.9815937459776168,-0.3462837014079977,0
0.5981752049617505,0.023632782245412584,1
-0.9015692184509413,-0.14635529550897905,0
0.06548490701351123,0.9879613577882258,0
-1.0735761037291394,-0.47160072810279685,0
0.19922277713598596,0.418828117429639,1
-0.032945387155318015,0.5306238233924039,1
0.10269652788725245,-1.066430343244246,0
-0.48126049498769485,0.7748074355413155,0
-0.4433016544072669,-0.9553560281016694,0
-0.3863783580884803,0.3085334448441184,1
0.8041913020782231,-0.48248783668634126,0
0.9104303747203252,-0.3990468517488588,0
0.07626058324111679,1.0153643864296211,0
-0.018834082315688325,-0.4868787646934711,1
0.13588737079903807,0.4712374827321557,1
-0.8422451113384832,0.3032680255507955,0
0.40279787577880094,0.9919552433390995,0
0.45367071856597585,-0.07987951114524959,1
0.4388929301466421,0.3515003149247892,1
0.12009713197924049,1.0770212871523825,0
-0.7401142484031128,0.3978467536709366,0
-0.6642077524615825,-0.5900331307142463,0
-0.26528321135274424,-0.8282035171369635,0
-0.41811680826764147,0.9189488305532093,0
0.14590212115746393,0.39557418747445205,1
-0.06304392257992217,-0.5837157564154021,1
-0.16125347595022807,0.43142524549537425,1
-1.0100885519814542,0.05505965626565077,0
-0.6254768394749732,-0.5972373506308963,0
-0.4410815259457053,0.8272418560454947,0
0.6192228089394102,0.6800335185571548,0
-0.7281681758097189,0.5538803607964682,0
0.20335490830266822,0.9868962004954989,0
-0.0817276375447134,0.3978236890548782,1
-0.8359882367644984,0.35150900782839856,0
0.6594042171228739,-0.8217507836045418,0
0.6337728225820227,0.06829190656528662,1
0.9799927160525741,0.4107377791379016,0
0.07294087440217023,-0.856637721804003,0
-0.7482499781142746,-0.1418423963509678,1
-0.5386573723343702,0.2447819196654561,1
1.0720610913562714,-0.31867639035201706,0
-0.4365532993000914,-0.8532909158784739,0
0.21557243757817282,-0.5220140238322135,1
0.1469915446823627,-0.5009184071663637,1
0.8485711417679078,0.3287768642429849,0
0.35473003109137846,-1.0733898420645704,0
-0.06639156835275545,-0.852337110547047,0
0.7654467307440533,0.39088034646238656,0
-0.07241337907664874,0.998339603914742,0
-0.33247475820047756,0.23963817879438756,1
-0.06882994916686501,-0.5734889842267612,1
0.3596445535381685,0.30071995618523695,1
0.1805161558699598,0.4416054192309422,1
-1.159182370864357,0.024998064665346115,0
-1.0688004022468776,-0.09405070273791884,0
-0.07069631367032356,0.9922837392532388,0
-0.476809115052441,-0.7715014699098229,0
-0.8895209459314285,-0.3242487114573879,0
0.47045267604709107,-0.3100575291499159,1
0.37997310923733424,0.19685193536442663,1
-0.39268581360603383,0.2532936538387314,1
-0.02347744704185316,0.3888166705450447,1
-0.9071493742201846,-0.2436892760146012,0
-0.4187619861490465,0.26608216103215343,1
0.690812594423163,0.7489713281780801,0
-0.5576943938580692,-0.8426758187494138,0
0.25482656846636104,-0.39060868132719073,1
0.7678975616255723,0.6550204777221079,0
-0.40904614518886695,0.9912087638419813,0
-0.8007550440557795,0.5926179523664725,0
-1.0373157485618394,0.3683427997292169,0
0.11487367172602045,0.951648838425966,0
0.24233095919482575,-0.3801564591627657,1
-0.4544372098695567,0.8909181771514295,0
-1.04255017918521,-0.04146430661363708,0
0.967251866496069,-0.1193645778734678,0
0.5323019409644243,0.06837292649097529,1
0.015450427809464908,-0.8935198597261693,0
-0.9307596429734829,-0.12924620447387733,0
0.6926002867071647,0.6882775304274016,0
0.9294923246082119,0.41348183122744264,0
-0.4064797107771212,-0.2783760125141774,1
-0.9788277180504127,0.28909524953788945,0
-1.0443121129573851,0.32925185216981334,0
0.16236371006882963,1.1207067058324387,0
-0.39725790291121577,-0.04887677628758649,1
-0.8930615018798804,0.12788212197998636,0
-0.3049489815600575,0.6046803573878388,1
0.39566274220854647,-0.2781322868766777,1
0.6499456742152255,-0.43281831614569904,0
-0.5363068713613608,0.1400916784886036,1
0.03825570111065747,0.38579810992469943,1
-0.002051934672354952,-0.933646507343105,0
0.9119595705461533,-0.4317801542327019,0
-0.536492904445952,0.7940898391885901,0
-0.7107803615297511,-0.667775303146132,0
0.13603738618443853,0.8155845672868159,0
-0.19997547809929,-0.4637283196814968,1
0.3915654625567445,-0.5442730725887033,1
-0.17490295752227358,-0.6371275196404564,1
0.13313950659644883,0.29496060165111376,1
-0.31503182010660014,1.079916475543692,0
-0.6821622726218924,0.6933472614815297,0
0.43924385335907357,0.921337412900625,0
-0.39694708876770607,-0.3376426509459959,1
1.0047849358718517,-0.3758067595382202,0
0.07652525541070425,0.9622444284309732,0
-0.5726193869964161,-0.7009796516067202,0
-0.07877062950691069,0.5223914749466755,1
0.32783803117228993,-0.4424284626811242,1
-0.411687243268527,-0.0972211244729041,1
1.0169718236584355,-0.07527640862202749,0
0.8319373350066053,-0.5610013284432602,0
-0.4332181624622474,0.13066898832254856,1
1.044074036742386,-0.30222583305327233,0
-0.4221801566744973,-0.3740394518790967,1
0.011533947548892531,-0.5086204911914035,1
-1.0046763270797339,-0.2598431361440534,0
-0.34295054663713986,-0.2953876780043876,1
0.1305592713509516,0.8869953009935052,0
1.0506196762855415,-0.12936917915603857,0
-0.47105289858566096,-0.21478955597080776,1
0.44046605317070187,-0.2594362246645834,1
-0.8551047953202742,-0.5701938622160432,0
-0.08181548083654377,-0.5101347295927412,1
-0.02288357850635795,0.9779249768497482,0
-0.29703900767683816,0.5386861853102002,1
0.5325624794767692,-0.9475313364318189,0
-0.01950013883055805,0.6788604448558169,1
0.20371305976983103,0.14483618766429324,1
-0.19897952284354345,-0.5003705470613,1
0.20276964352198076,-0.2988340870138514,1
-0.7714549331591629,0.3717192352756254,0
0.8280221486849384,0.31320695276342825,0
-0.011032054964915133,-0.9831338989793097,0
-0.2482058592893979,0.36335963176784025,1
-0.3760290864248128,-0.16732746585746494,1
0.14397265882182067,-0.41618113322105804,1
-0.01727524141282165,-0.5036947742800688,1
0.49952086616182023,-0.18364585812689646,1
-0.19329315870947664,-0.8641207313239527,0
-0.4344620033233236,-0.12239465918250368,1
0.9111535974517269,0.6908558557443979,0
-0.10156218783169478,0.6175918571671097,1
0.5654857554961912,-0.8012941047717654,0
0.36082603269219976,-1.0857710806033687,0
0.05354556686030973,-0.6723598275930615,1
0.47001088051515844,-0.2243809976671885,1
-0.6731460922476958,-0.6833381891365411,0
-1.103051222084878,0.02994063725345194,0
0.31340392791543964,0.49986918987915413,1
0.9231577166611875,0.17974731129320676,0
0.054215884394108196,-0.5474612358208707,1
0.2055062261517939,-0.4724602304227524,1
1.0463316171086068,-0.37328097854334524,0
-0.891448173262896,-0.9789336850617107,0
-0.729571324248353,0.474277270829499,0
0.336970013870839,-0.32670186288310005,1
0.21755330326251957,0.4823402563818951,1
0.03956196901583582,0.501820328247871,1
-0.8874010095890615,-0.37927241697796077,0
0.33122272175475437,-0.9364326331029055,0
0.834243439150841,0.3807189845020199,0
-0.7703169388267979,-0.8308197965400623,0
0.09584009012273906,-0.6951710226322941,1
-0.19432444384388994,0.30281360557588294,1
-0.32323507604117185,0.1877633205501396,1
0.15984750961016597,0.9814037148707107,0
0.29617073233516794,-0.4165610998017563,1
0.5254152668709705,0.10347430023913191,1
-0.2662104076004573,0.36932932476153774,1
-0.15136078048866378,-0.38958392081886584,1
-0.8600783786404832,-0.4273202141378174,0
0.499404858661407,0.7471410764998925,0
-0.3652563380522477,-0.28087254411378093,1
-0.9161627185770025,-0.030117666917764664,0
-0.2283068228652036,-0.5123815354905452,1
-0.9570185702629701,-0.37556347796366685,0
0.16807442454872668,-0.5568487990189708,1
0.4897583802895786,0.09953242681442173,1
-0.3382584889761476,-0.8666756736075705,0
-0.2225459263450386,-0.39936210171665265,1
-0.22044672611461802,0.9446190125319058,0
0.5038417758331047,0.6595599241811853,0
0.4118052031685213,0.37131142757691127,1
-0.4486692162831969,0.3670721741160268,1
0.6142447875637325,-0.716017336113329,0
-0.9273047619355402,0.4716157777964186,0
-0.3963177182084938,-0.3032291728380839,1
0.5826109089797195,0.24868719496779818,1
0.46499673440188405,0.40812217513483173,1
0.3404768070158318,-0.20991790388088008,1
-0.12147405890220411,0.5224426402830769,1
-1.0358516852854667,0.504495414133334,0
-0.9212902293257009,-0.4771268513876623,0
-0.9412433777184109,0.07232050602863413,0
-0.410748832736288,0.004754161238213204,1
-0.4948261822590803,0.15565075450911658,1
-1.044914618610135,0.272798371046738,0
0.9265887447587224,0.28744150307302363,0
-0.9287791801191657,-0.23760803318881266,0
0.4980125380480379,0.17988877597659306,1
0.2841770778461849,-0.31847347447468877,1
-0.8936569875611383,0.34012595052655137,0
-0.04505015193732112,0.4701880138725285,1
-0.2250434021458871,-0.3505976662773276,1
-0.27174210144609334,0.3681820448263271,1
0.5193953547881749,-0.09919407125313584,1
0.1585350799905504,0.4912083449340056,1
0.1940919219976205,1.0447252749374176,0
0.45243711158143163,0.12371078844778968,1
-0.4097341947612016,0.1526183581961853,1
0.8338711950643131,-0.6085758745776626,0
0.43563823657713885,-0.9442920512883045,0
0.16938978153352968,0.3388989419930984,1
-0.4473996301947914,0.43874291112545705,1
0.34314928029152725,0.3514297016060841,1
0.3727799062860293,-0.37607462734500224,1
0.1509124896989271,-0.4018950537542695,1
0.25001593715956744,-0.22937144395226428,1
-0.2849984296512234,-0.27856665275752857,1
-0.95537226472586,-0.3166118194629055,0
0.6174684307602835,-0.8668850935036918,0
0.43048637886883495,-1.0359298557096623,0
0.579710593718011,0.977656425424615,0
1.0034329802006106,-0.2884266060898446,0
-0.11189693006079554,0.41215150313040966,1
-0.6752651756502637,0.6478590845500006,0
0.013076491918717834,-0.5751461546592005,1
0.44392165689727536,0.8974597578992616,0
-0.2776637433237006,0.022309096907432942,1
0.4664360001253384,0.3155057031587186,1
1.1246716815474462,-0.4355134522615351,0
-0.3613133631496691,0.5481193740910429,1
-0.7439919782512897,0.6891024975908782,0
-0.18822467767165718,-0.9766927529619095,0
1.0277802792309332,0.1263139999929493,0
0.26988078704580787,0.31706887719297594,1
0.780520648521595,0.7575681452726973,0
-0.40830074049655757,1.04638642547324,0
0.8838305982603292,-0.4736874961732966,0
0.06853723287082006,-1.0024321423800922,0
-0.06708663967614482,-0.9063542371479565,0
-0.44012273667526464,-0.2023794251394654,1
0.6401652240454834,0.038853265353489236,1
-0.8483138866646621,0.07195461850137341,0
-0.6168243510888021,0.06549969061475408,1
-0.3692553996127387,0.2583254717019783,1
0.2830916502284782,-1.077517234647093,0
-0.5874436846352139,0.8484993705173458,0
-0.022305602025897243,-0.549513669057788,1
-0.6430988994843763,-0.6076041894417608,0
-0.4122743521116481,-0.9489869619508845,0
-0.06587497220803191,-0.9965331965196693,0
-0.16525652213429443,-0.49418523105201956,1
0.6191483097330838,-0.532850775311864,0
0.03107284296408025,0.5553183083875368,1
0.03754734684521468,-0.5468080088112013,1
0.5121069124437205,-0.14591538332491047,1
-0.31372768729696965,-0.5104130612478911,1
-0.449422452773005,-0.25311108855101333,1
-0.8597338916592657,0.48683286647755347,0
0.4236242859705729,-0.2066707352698615,1
0.01991785208723631,0.45529798572569297,1
-0.4429707510353699,0.23235090328577648,1
0.9093430085440819,0.3572702852412199,0
0.027280688671853133,-0.9299468317424945,0
0.89954197128158,-0.20081684999461674,0
-0.032215228101598,-0.5795867436708367,1
-1.105474147376944,-0.10137317119598621,0
0.9543432124796007,-0.09677458226521768,0
0.23814040049192778,-1.0774742302218705,0
-0.39837929295650315,-0.32740014771609555,1
0.8774102511598809,-0.3723704855866913,0
0.3424379648520368,-0.39532782529826305,1
-0.09816457560522583,1.055170563233077,0
0.27017594090950803,0.45777673628574783,1
-0.5877839630771972,-0.20143194646323337,1
-0.07176213669717013,-1.032724344490559,0
-0.3642772172201992,0.39111506810538815,1
0.5516413308821841,-0.01946728097446672,1
-0.3221372466212352,1.0929126160619587,0
0.9768151271686928,-0.26524419210945693,0
0.26134991859414436,0.31655301209322956,1
0.046731535857613554,-0.38222232337625706,1
-0.36566786156059844,0.23970928294294264,1
-0.9613436816874217,0.358119145287611,0
0.3511836981129909,0.5685095163572043,1
-0.34682959775004923,0.3513743904077735,1
-0.9629403587284601,0.3725342863852278,0
-0.3603818674778309,-0.4093876146014769,1
-0.3860308238285856,-0.17981202131131685,1
1.0672470349327903,0.5826409202917526,0
-0.3240647600423847,-0.8594595356972052,0
0.15565807233546766,-0.44033237757302823,1
0.7085436642942464,0.6552303582804879,0
0.38101724675616,-0.15611109557526398,1
-0.8978926600541358,-0.3702661794682379,0
0.13746344206508887,-0.4955396325036168,1
-0.6053706522479148,-0.6935612001779553,0
-1.0229601191571098,0.043622980102980345,0
0.9677344378791838,0.11316599613032767,0
-0.5284778494952254,0.0012805396144494816,1
0.16022934858963342,-0.5233380775892196,1
0.14131544666093585,0.5621294898083344,1
-0.6454571810229406,-0.6989435920911206,0
-0.786214548215571,-0.5337720455693791,0
0.1583482002264284,0.5549284046390541,1
-0.8935038102392304,0.5209775468702587,0
-0.4995743363317534,0.8744357646056632,0
-0.21764968505277732,-0.2984250522637659,1
-0.4298822643751671,0.1073973336742051,1
0.16814341771758168,0.8098387658135677,0
-0.8093108297668865,0.640582476435057,0
0.4244714236266572,-0.1388044859639249,1
0.17634029584120953,-0.47161144016396245,1
-0.41374527464017097,-0.18338360562785994,1
-0.9726872255631297,-0.22271575295742008,0
-0.9197341585779653,0.36102878293536056,0
0.3469662844386774,-0.9752155278238007,0
0.9098211991368207,0.48544838017926806,0
0.40541288166936446,-0.04154816532908254,1
-0.6165697106175588,0.5078054455208709,0
-0.4258847873231391,-0.3009609777933858,1
0.3455012783780105,-0.35175489518308634,1
0.018923763986119765,1.042529397413714,0
-0.6572204445113268,-0.04828042879403062,1
-0.1399107826391284,-0.5748691381528923,1
-0.1645189854183444,-0.957462496734075,0
0.6159555036176756,-0.8498667740135036,0
-0.8638242849326117,-0.06878382000108739,0
0.13163427722110166,-0.3796070296311035,1
0.7251392752293184,-0.5124893075908868,0
-0.3590068808516251,0.3535883916698331,1
0.9710057908357954,0.35191670946604536,0
0.9246642030147574,0.2878209846134338,0
0.12888785169518188,0.9541181287975729,0
-0.38961874355114634,-0.35314795434878943,1
0.26341274117106867,0.4346462641285801,1
0.9369261452217149,-0.19927462236430626,0
-1.0801485174092753,-0.1695988068236995,0
-0.9490820814863491,-0.7301340361241371,0
0.44883858021469997,-0.27621988116298885,1
-0.9860495621147238,-0.3418805894841059,0
0.1840938799218347,0.29853401914454997,1
0.8784573779315832,-0.32775701095241677,0
0.6556552765318064,0.7692776399363185,0
-0.6046211787895268,-0.6802270578651967,0
0.5857932624851542,-0.9327469909903732,0
-0.0723376487373534,0.8429595391933693,0
0.30973616043580277,-0.35944683867267546,1
-0.15806387934566923,-0.4234828781268651,1
-0.41976396679929595,-0.28746677541229176,1
-0.2548517552970926,-0.3918720359214362,1
-0.5656962995717476,-0.08539446945335577,1
-0.3016639374813806,-0.9523508390452758,0
-1.0029499571482778,-0.28332571118952155,0
-0.4505206375304315,0.25507291512972585,1
-0.9276497593228239,-0.40318998987307975,0
-0.39898251210666036,-0.27122626854720594,1
-0.8573987877654736,-0.6350867149718336,0
0.5300264254789945,0.9570937303965167,0
-0.4092680808991983,-0.24388779812197572,1
0.3120545795688154,0.16604959209429393,1
0.75376069308405,0.5539225764810181,0
-0.948767777257697,-0.3003026895662834,0
-0.807154036909245,-0.4670475432346443,0
0.4532424076969609,-0.21809949374239124,1
-0.5063860466623246,-0.7793841139693456,0
0.13418135624216915,-1.0358876726376407,0
-0.36820678391707273,0.24723924016301285,1
0.9190297234842533,0.0669868845134086,0
-0.26171160311576525,-0.46686874590558064,1
0.4468563655510241,-0.13167677681968473,1
0.9169212404986538,-0.5264958754652296,0
-0.22484508386294436,-0.4653580505397598,1
-0.9132011703721946,-0.04008868827032878,0
1.024877649720062,0.3750292346320155,0
0.09426523802348297,-0.9759878089769158,0
0.336822195940753,-1.056774700676444,0
-0.4596876192260985,-0.14651306043782497,1
0.47351869072086494,-0.9187385385613707,0
0.9257077758513417,0.2681902217982827,0
0.3582824447037867,0.7327299116836091,0
0.48169718681408735,0.07823569821933504,1
-0.5253716084835036,-0.7863535845031466,0
0.3124724284811991,0.2269194115181126,1
0.1287475429884314,-0.4323055393277395,1
0.0457002547247877,0.5250661112562127,1
-0.10108953000344759,-1.1088724244510169,0
0.6339743491631925,-0.7385997560113077,0
0.3062110189685901,0.9266942511331097,0
-0.1415134492352376,0.43144227848101574,1
0.5335150882069897,0.14190726834174855,1
0.6352266665570824,0.048427049796806204,1
0.18744975627265809,-0.38182320797675595,1
-0.34034315178691377,-0.39509293396058237,1
-1.0262421384335398,0.4087825355389975,0
-0.9448377049237927,-0.38740321499065544,0
-0.27184339541501756,-0.16931409248401946,1
-0.34400834662334995,0.24084267474609766,1
0.30660616792262163,0.46368072290255824,1
-0.4106914919339194,0.36093957639167523,1
-0.7531941499381174,0.5581087540468375,0
-0.3972933076427957,0.2682829303041706,1
0.8308076229981702,-0.5283707934687283,0
0.695335748568201,-0.6507509401200373,0
0.15298493586148504,0.809813182437466,0
0.31944917195749273,0.33752870659795803,1
0.9811106141479222,-0.2170596225027409,0
-0.36033764679501035,0.2768750728268476,1
0.906795963281746,-0.5761143004036163,0
1.063041859747803,-0.23607846471141444,0
-0.34632122836092016,-0.39111823074989305,1
0.4741705734674432,-0.07994414500652158,1
0.6279307917195109,0.7523433841352312,0
-0.22595123959751828,0.8578830098824107,0
-0.9544398299182707,0.42868667341262856,0
-0.20722563658448967,-0.9352954082929172,0
0.5534761450753903,0.10621021367290226,1
0.8783418299719657,0.14158795652896444,0
0.2405125243577089,-0.3680562830425694,1
-0.47016586873421823,0.04273310757239376,1
0.7186609499012363,-0.79473592958873,0
0.11645523938968926,0.6060246032606618,1
-0.6994297204517808,0.6941561868417914,0
-0.0009235799947154566,1.0546589157488142,0
0.9695782206082425,0.0195022383030312,0
0.061379899623046005,0.42281240781286716,1
0.75281665962716,-0.6895763927405563,0
0.6915517026170761,-0.8332097447765664,0
0.13583231707719162,-0.3788622792866865,1
0.0066097960260358,-0.8566599065954819,0
0.9303994893013704,-0.20452646732767624,0
-0.14283768879589942,0.5071490224013336,1
1.1531153463411281,-0.21574325269734493,0
0.9645265579867965,-0.10841934164756105,0
-0.5960534424242969,-0.8676624216536225,0
-0.3949099138511594,-0.006550918145609961,1
0.2860671946530032,-0.328774612883525,1
0.4085580918408802,0.710510837527613,0
-0.5356574791948583,-0.6044534598410566,0
-0.380375642955141,-0.9355682056168156,0
-0.2902105431910068,0.44975175726107425,1
0.8281459612683713,-0.5463728062463795,0
0.506766172408829,0.5768308586861373,0
0.44320747056658,-0.10521154705703367,1
0.4141723135239465,-0.07807088210929752,1
0.6254891673734772,-0.1324400350702703,1
-0.16442979121404627,0.8906302255076204,0
-0.02515914583181175,1.0196131234181192,0
0.384537892951781,-0.38846963498678033,1
-0.2891091399346566,0.5203739694147221,1
0.5282955193198126,-0.06586783399454854,1
-0.19358011574583409,-0.3710179992040812,1
0.9772425438424707,0.002654152557204331,0
-0.36280692763572586,0.12831314654658096,1
-0.10297829194867963,0.3973578652072415,1
-0.20363088450287434,0.5030038637229576,1
-0.5918125895257088,0.8660579374673845,0
0.07406714210100857,0.3998987980499645,1
-0.6307244959254636,0.07494973174837663,1
-0.3181706918379405,-0.28890794858581836,1
0.6449795158382525,0.0022344451356442335,1
-0.3704396875283567,0.42108902387589414,1
-0.7489766913873825,0.14444448850637462,0
-0.925237308320209,-0.23486825659531804,0
-0.5062229582259032,0.6839798283381945,0
-0.33413717720048264,-0.4936851107669329,1
-0.09975324931814583,0.38971866261818616,1
0.9040136662035173,-0.06529536680142907,0
-0.11369634066597507,-0.35406906067486843,1
-0.3017087358311862,-0.4081661146050548,1
0.9379053318636195,-0.15498013969253507,0
0.950765644524167,-0.5346142313146174,0
-0.9931090817757846,-0.2712344849454774,0
0.24847234038521088,0.3709687899514542,1
-0.12703664882625,-0.41486941962415425,1
-0.3724551773272628,0.4787683738505938,1
0.2629200898780169,-0.3614133967691808,1
0.2396704580974106,0.400616225906472,1
0.23340654506191064,1.0680337819389873,0
-0.5613854912730819,-0.17219853009041336,1
0.49318034688111045,-0.10413145926089418,1
0.37021374694095066,-0.3369823142789143,1
-0.6965750941078637,-0.4267258969676996,0
-0.6302590746352171,0.61650510452186,0
-0.5266310996961067,-0.892532386937166,0
-0.03486147945562451,-0.9504794450464453,0
-0.17289625517138563,0.44397856707000377,1
-0.5022933219304991,-0.2179184332462613,1
0.9254430766573252,0.12663865849892741,0
0.9631022088982332,0.0025849886778188946,0
0.5407317743018675,-0.9582945175145817,0
0.09949645205654502,-0.5598398706624461,1
-0.10467471174444522,-1.0091494837999766,0
-0.2846715827587726,-0.9860566293083194,0
-0.03698199891385535,-0.538088752428786,1
-0.08903937243849927,0.4112173390573998,1
0.40178855871160624,-0.20476472415376423,1
-0.40894314071524024,0.7294077950280557,0
0.4993617578930965,-0.07784295724609411,1
-0.015878327561064515,-0.9294291588309463,0
0.4378109347487065,-0.8179135712261209,0
0.5514869266274081,-0.016195185355634543,1
0.07424515726414374,-0.9932560735538931,0
0.5598554508834747,-0.9232561371935437,0
-1.02132019076738,-0.4867921806594115,0
-0.7260834072140877,0.6810334354107688,0
-0.2120124094181393,0.9751610630871045,0
-0.18506452050022848,-0.8558336416439022,0
0.24976841836613167,-0.9289771390155572,0
-0.6707348800731255,-0.03044700625015926,1
0.18636934458334592,0.42128699525145313,1
-0.4252016321920691,-0.046548110614255456,1
-0.11582477900635232,-0.5061417388189177,1
-0.2534148224976457,-0.8242745105086251,0
-0.5449615345975213,-0.9839804448022098,0
0.8948301363608506,-0.13677529471371802,0
-0.8981706303559598,-0.2831701994298724,0
-0.293460346161085,0.32626784038097234,1
0.8774154791902682,-0.506093008135664,0
-0.03266145525610184,0.4588454572943318,1
-0.46630444765766516,0.9907786316103989,0
0.24131466677481317,0.3071676168839417,1
-0.2711255472594983,-0.3112515005729589,1
-0.26617728726319145,-1.0839402692985096,0
-0.08476173063753431,0.6074192060587827,1
-0.045282108663916645,0.5184504168367525,1
0.8672354481235073,-0.25609391386644786,0
-0.5866143234568856,-0.5753425515164774,0
-0.12140385340861351,-1.0340485430394621,0
1.1174888402474374,-0.028984942173119782,0
-0.0977093658325276,0.4177862338183498,1
0.9573330496247192,0.3541510935529103,0
-0.42837097938089236,0.05487947911423319,1
-0.32711183964638907,0.19417502778678952,1
-0.6722666958580693,-0.7278968773673475,0
-0.28764358248013794,-0.35780458457206626,1
0.39489674436996314,0.08653311291978348,1
-1.0724868951586755,-0.13081631164355917,0
-0.09755484114253897,0.9993916368639941,0
-0.5429622824291579,0.8530815549248679,0
-0.5062538867749652,-0.8814624037162831,0
-0.4148012427242135,0.03946826093541134,1
-0.42163188788978895,-0.10389055314837373,1
0.6865361516827391,0.8183157806621654,0
-0.5930180924902375,-0.853551511922096,0
-0.2465108317712233,-0.27557441756320966,1
-0.14323920034306964,-0.9433238385246383,0
0.9278485120694897,-0.23644481496713177,0
-0.5422577561918148,-0.8868587665814438,0
0.46464779547647617,-0.14042426227921662,1
0.3163564348308,0.8623141115851146,0
0.7179439264605318,-0.0758909405420238,1
-0.42966257447428124,-0.31498928020283296,1
0.4558552498819877,-0.08469394825018059,1
0.916886817110229,-0.49973740616467344,0
0.5240666384953973,0.3594766183774764,1
0.35376424288477515,-0.3823233910158019,1
0.8850822198401349,0.08974934166079554,0
-0.24272851368838314,-0.3985143877336749,1
-0.1964050228800019,0.4222804635189139,1
-0.8501323966081483,0.5488047675997483,0
-1.1611003750756996,0.163173377002427,0
0.7561822597456729,0.730422893231539,0
1.0246387668995263,0.07347580200071482,0
0.8843887602674062,-0.6011742774862409,0
0.06710170195768272,0.4512856906589935,1
-0.28513869027863914,0.35391346370833804,1
0.6131295530409223,-0.7802338607493162,0
0.019531458434864923,-0.5152976842311505,1
-0.3234073214371344,-0.24309887548423523,1
-0.12738925543439875,-0.9512049530474727,0
0.3350053288452155,1.129537629874175,0
0.25859700745892783,-0.4315030106959189,1
0.6552077383808627,0.7464487000583993,0
0.441794973432319,-0.3461361733709734,1
0.02532494682952051,0.38633223247162796,1
-0.2345671881979269,-0.2742089778349171,1
-0.17745381557687817,0.4967563122461188,1
0.37162561484033385,-0.1978842054349038,1
0.7411580964940446,0.5612550293587991,0
0.41154198946458254,-0.27695994388378914,1
-0.061442236806492426,-0.45938588944034187,1
-0.34696348006999106,-0.28798418252101177,1
0.13598840588314237,-0.5394452712157284,1
0.2645243397443179,-0.3814502590717559,1
0.24703342867260886,-0.3237664713153429,1
-0.18803316171304124,-0.9240636818961749,0
0.35118666223556183,-0.4641625706060265,1
-0.9278035172737303,0.08860488545145029,0
0.2548474820253037,-0.5050869893480363,1
-0.941261591068631,0.32512848905099134,0
-0.4298073504467893,-0.8412474244847101,0
-0.0805890148628403,-0.4763602727009367,1
0.13683432367859102,-0.4006628168507383,1
-0.8813157282094597,0.3396256173392336,0
-0.2667875895684947,-0.6218137614983105,1
-0.1014086331846912,-0.5657937954377046,1
-0.352085287429029,0.3777830939528651,1
0.09995057583639796,0.43457748432298376,1
-0.29315382517760014,0.4866293626800775,1
0.4676196874858557,0.01276433311313836,1
-0.274159362276435,0.4104431611094027,1
0.14918563232621573,-1.0379435596399713,0
0.5537163450248311,0.23551544525007828,1
-0.5118008223857646,0.19191794661683736,1
0.8376406194984404,-0.60374580131414,0
0.7119304187656221,0.6736151438751209,0
0.43900969514298865,0.22793627414342033,1
-0.5392176479457755,0.3091766920850513,1
0.1417724214336852,-0.501012269160385,1
0.22458769901410036,0.3352105111238681,1
0.7519676468608352,-0.7448171296626523,0
0.1618112744433521,-1.0922064300573826,0
0.2088058542731638,-0.46919660411923947,1
-0.25554631761213825,-0.9858845056442345,0
1.0996500830557738,0.3851465139717636,0
-0.3652702018393792,-0.9919466182796209,0
0.5202319516575669,0.10541972149146049,1
0.4717253048883306,0.059938062531065164,1
0.2198774977596888,-0.3875237133999898,1
-0.3736387552347311,-0.11340786471312402,1
0.6788151435909825,-0.5551077208417852,0
-0.8909605248711009,-0.5910602451765046,0
0.021599294306624734,-0.9683026870180784,0
-0.8274018807154386,-0.23379735941641056,0
0.5906159987741327,-0.6684510367478712,0
-0.15756535130616328,-0.4396451060128591,1
-0.44837481325471124,-0.3031151653955806,1
-0.7134044826857108,-0.7025769424833637,0
-0.91423355234851,0.3437412453439388,0
-0.285550200043542,0.3154537767014046,1
-0.12309067894104164,0.49471999749377865,1
0.26027793347310507,-0.517494221458764,1
-0.9750473809011676,-0.027438822078209982,0
-0.4610219525815459,1.080553004604292,0
-0.5287900561234988,-0.9719214236544498,0
0.21862046313065253,0.302840698762334,1
-0.3724665322732839,-0.24765120035379196,1
-0.42032088682001856,-0.9443378697417013,0
-0.0462546862066157,-0.9635510283984771,0
-0.6876035719617778,0.6573971671869785,0
0.3592563001371284,-1.0566297666956648,0
-0.44151130188019805,-0.9195265959267008,0
-0.8843708979763886,-0.17829417176084958,0
-0.36395929131163424,-0.47205870485775986,1
-1.1251271435024324,-0.256288916787888,0
0.30432491081844837,-1.0531671073686526,0
-1.0168092031325073,-0.18570574562233666,0
0.22954579694792476,0.41304191006730323,1
0.17283141439367322,0.5298509990157356,1
-0.5329276404357924,-1.0575677933343652,0
-0.002474185888794486,0.3061145154013909,1
1.0794758773770314,0.06534713269230523,0
-0.7982827270130077,0.7715334492797153,0
-0.44075384090332265,-0.08795353752377326,1
0.09529630574820264,1.0129431312347696,0
0.5320153238427161,0.0890573908135974,1
-0.39087986313480577,0.32396300852097504,1
-0.5193662400788567,0.1581713304863025,1
-0.5745606919459252,-0.7158814527389813,0
0.2829417986807354,0.46382892147017063,1
-0.5250745206618497,-0.04276308737246949,1
-0.14463308251458426,0.5487270557823553,1
-0.4612769987272167,0.2222155836082223,1
-0.5150399095094567,-0.18109038603598193,1
0.3260581440721089,-0.7790551346686992,0
0.47768627556629906,-0.8836738950908554,0
0.20649418745483553,0.6074298721479278,1
-0.16623695659587484,-0.5555045031551276,1
-0.15014546256947378,0.4051337517958524,1
0.12069777425582516,-0.3897496678557191,1
0.7243250939709457,-0.5466230994152793,0
-0.04217135125974583,0.5681384579144775,1
-0.49558179187199863,-0.1461449053253626,1
0.42519217334641213,0.27134465281228415,1
-1.1027100846069307,-0.05115950602988012,0
1.031712763150926,-0.044318518190221534,0
-0.7498946657641534,0.4942332491328209,0
-0.7468171999599331,0.7222436040213746,0
0.02430554810082848,0.6893555701935103,1
0.9640967686574542,-0.05448358969070935,0
0.010068870677043783,-0.5146935307622825,1
0.4914303126702154,-0.02858538845845926,1
-0.8925027604290238,0.0012542062430919293,0
0.6794025493327384,-0.871371089374285,0
-0.7979206407495105,-0.5766410944341516,0
0.47851005876333524,0.05760249850890178,1
0.5358289329532049,-0.08215498860277566,1
-0.932920355942463,0.2749897668851435,0
-0.5286214589451615,0.26891961748522825,1
0.3921377229541848,-0.2983499162019224,1
-0.47464116644959586,0.7703461570449769,0
0.9044474886582721,0.29217412515615165,0
-0.8372682721554882,0.4726020561611272,0
-0.27090142845455256,-0.9547286307067453,0
-0.5173501486308261,-0.7564783648515118,0
-0.9555702665316961,-0.5460315607978519,0
0.07587516713044475,0.3696583714587206,1
0.46375681636826555,-0.3192168058149063,1
-0.49037072660007325,-0.16316607504669442,1
-0.7472091714820542,-0.6300839448709608,0
0.909158458567947,-0.45884509525498157,0
0.20816055584417442,-0.5040693090782344,1
-0.5368834417333201,0.9349389730819329,0
0.7098994573750291,0.37861981143821993,0
0.7214143862442104,-0.8158052404847677,0
0.2827508163644275,-0.4104566677971298,1
-0.8815478342955175,0.43459831366717633,0
1.0294490800324732,-0.19347022778806672,0
-0.4667189137386434,-0.8345416687598147,0
0.2060420834692563,-0.48335473658416345,1
-0.15865055858427132,-0.4328376700004304,1
-0.15495579768420284,-1.0444556437350063,0
-0.40851772654577684,-0.27993523280917687,1
0.8758633684087682,0.24604288843156769,0
-0.5673614263578174,-0.12447762626493189,1
-0.7101459779308308,0.6435753020190552,0
-0.21352653633344448,-0.4091208798196688,1
0.17473740695394963,0.9818536712292854,0
0.041221871350995185,-0.4435088230535158,1
0.44058513729901894,0.12049993529705208,1
0.2828169252918671,0.2802518238503728,1
0.23511535125877644,0.37730319435827175,1
0.4866488473297568,-0.8058089963995934,0
0.31373851678502956,-0.22238631853376722,1
-0.016832417824741118,0.3738858092625601,1
0.43952496529376206,0.0562416040119588,1
0.10362402314388955,-1.0422133098326705,0
0.5026628378973861,0.3432845532538865,1
0.6157782981271072,-0.8735018545375338,0
-0.31143100915169,-0.06547280502346695,1
0.2925576355627745,-0.8822482012583727,0
0.6570934810869832,-0.732284289635415,0
0.471469042443878,-0.9507830554811981,0
0.4217558181904579,0.9313052537255971,0
0.6978812951528084,-0.13719767920137277,1
0.4498728307785714,0.331744889150559,1
-0.4556149573880466,0.2502624734599391,1
0.2694464352327888,0.870133800542107,0
0.3127112571747818,0.38952254117254687,1
0.545068449151772,0.8359813571268127,0
0.4464183150813383,-0.03282223220204753,1
0.8183506920220242,0.4544752593370555,0
0.19449577401748372,0.3758410901261279,1
-0.2912365924049978,-1.1562952619966431,0
-0.4838390255668601,-0.9423396381827084,0
0.24333362248072868,-0.5488295501095605,1
0.959668590267015,0.15309304404073823,0
-1.120247346027672,-0.06948140553894867,0
-0.5612264948638277,-0.3326286078966544,1
0.3393748270920869,0.3102312915817524,1
0.6784113354776391,0.7179619239072121,0
0.38098951226567673,0.17329872122451162,1
-1.0221768796259483,-0.2855549606984915,0
-1.0546336724862517,-0.23982927813111343,0
0.8288706207426395,0.38638776204142883,0
0.6212786546307009,-0.621391984715185,0
-0.8769227949504624,0.6594099778254785,0
0.6560317582271342,-0.6765276496964823,0
0.5936801009384339,0.052380014185322815,1
0.46134821172790785,0.45221771836641816,1
0.5312023493392642,-0.7815380352117995,0
0.2575897497599938,0.4291634150767181,1
1.0957908349297536,0.2810016853817402,0
0.6700935623581817,-0.6423397261391544,0
0.876146119850981,-0.45950204510662357,0
-0.12643180937830115,-1.049287009603419,0
-0.15002771876035284,0.5911493317866631,1
-0.20819343332484003,-0.47846838124224905,1
0.9015172007394,-0.07453868332478442,0
0.33915226226524575,-1.037776455118079,0
-0.5739436218510923,0.7807991996339716,0
0.14576019182426694,-1.0305871385299992,0
-0.6938155968046938,-0.850407989041061,0
-0.46289677610572344,0.184388207151565,1
-0.22890881047382586,-0.34143705510949973,1
0.06499403692034518,1.0475512429339298,0
-0.3167647521763949,-1.1085524231734656,0
-0.26438042252536803,0.909725782527087,0
0.5522211472099027,0.7839692267992155,0
-0.11809656663985105,0.5102770601111619,1
0.9038819193780323,0.4293844354977209,0
-0.8906379904379151,0.3155506244786126,0
0.5736140499654765,0.07808805769533932,1
-0.8870414960363396,-0.5258428831642663,0
-0.4907995271501015,-0.33185718366685785,1
0.42234678374789597,0.15388237561510817,1
-0.5630801688026271,0.05160884277205828,1
-0.4270382276524667,-0.34223282839491104,1
0.2840421303538528,-0.6249558158733668,1
0.3119855772689678,-0.3885157027757165,1
0.9368156091724722,-0.5075281728088137,0
-0.6202887069586317,-0.2902039873104596,1
0.08793775194259668,0.6797770051473756,1
-0.11449591733399042,0.6269195947692362,1
-0.5416788173311374,0.28172407113134046,1
-0.43942885313948993,-0.01736021616829239,1
-0.6483421817612404,0.8659142652545366,0
-0.5953510743344256,-0.16639541265591,1
1.0071473194391536,0.4407730078070368,0
0.7538431598997128,0.7474819580145349,0
1.0238228244844143,0.16057340648301455,0
0.454340011838137,0.38022229603133906,1
0.25379618958627137,-0.47529563459882146,1
0.32810551188306003,0.11420337762444084,1
1.0377962171529564,0.04514111247520848,0
-0.5076607426299722,0.00898676658084702,1
0.14127795007213007,0.4607851858539402,1
-0.38923246691503505,-0.9983355480865342,0
0.5858078204935512,0.8393868304216574,0
0.6473715021119515,-0.7069895413421248,0
-0.8745382824661405,0.14884953347280075,0
-0.8167120435077764,-0.5189800397685338,0
-0.2972244029374559,-0.9722450601660658,0
-0.31471534576213156,1.0252093808537506,0
0.8316451552499863,0.5447582753113905,0
0.7444509608470821,-0.30875180100580185,0
0.4262183345744097,0.2647610796187979,1
0.9617487031347293,-0.2992965672157838,0
0.2806326705996331,0.5178991563243311,1
-0.8369307259132963,-0.5584827076120921,0
-0.6853656422056437,0.648513325627394,0
0.25842371727152175,-0.2949257948333638,1
0.9261369075407797,0.12182558930431037,0
-0.951876800169086,0.5658122665198879,0
0.7804261815109552,-0.6834455274390357,0
0.6991520820519488,-0.6200227434697592,0
-0.3574650807248862,0.2794661709138979,1
0.44688445977712676,-0.1178419279182218,1
0.3124028691549802,0.2932065662394744,1
0.38975705085514756,0.4095015254812927,1
1.011979836849659,0.2406634913981377,0
-0.7080347877514056,0.7946355047751945,0
-0.45801682489177437,-0.9527633076538532,0
0.5065937536699984,0.31592459554314345,1
-0.9928160468379689,-0.5117400645726106,0
-0.13848491794908327,0.9398592549778433,0
-0.18914802654995688,-0.3977437266564553,1
-0.2567918914134091,-0.23559091267238796,1
-0.449242499773687,-0.9605152484257456,0
-0.083778586696084,0.9507484428441824,0
-1.015943339388066,0.48938463539073035,0
-0.8869270797709276,-0.5132637018964287,0
0.4097299287144449,0.9371214388278915,0
-0.10655964919538984,-0.5195986911904857,1
-0.42043133759238566,-0.059640686749725336,1
0.5085349825616846,0.07591963020002222,1
-0.5107460923512382,0.770335114553841,0
-0.9325443160831108,0.49755002738347903,0
-0.3502939984858324,0.510742571317709,1
0.3328744202113325,-0.383301691372242,1
-0.24914892851914794,-1.09704226445464,0
-0.3041378690010724,0.5093907104246034,1
-0.5179150777005236,-0.17313443112126364,1
-0.15783917846001755,1.002854187979658,0
0.802288900504662,0.47668878139204274,0
-0.4876566911827508,0.35961228606468454,1
0.8102379984763601,0.6129525701299496,0
-0.3413547658460532,0.8647763482837603,0
0.19282674812388895,-1.009831630127268,0
0.20024398636717233,0.8314649410248345,0
0.5899852743149037,0.2202794730630675,1
0.29177927639713075,0.10263247153869298,1
0.3529016457956126,0.05380302956386619,1
-0.9388506242210649,0.028982357918917245,0
-0.6601744507898633,-0.6482495663114014,0
-0.5898314333059432,0.25904119464495273,1
1.0153331479820216,0.47979851623462133,0
-0.04224009607695695,0.5130260908861821,1
0.291350829320337,-0.5153008390382037,1
-0.46583996853942283,0.09255965881206843,1
-0.2497690149374808,-0.2371156229155022,1
-0.4738844898805622,0.09598170799172245,1
-0.5030026193029908,-0.011511624785231375,1
0.19942505961932802,-0.40519176842158977,1
-0.448225651492204,-0.08782332864519582,1
-0.595572379004503,-0.7465640906182408,0
0.8694589060957879,-0.6225827170420366,0
0.26682404404293875,0.34956929565701106,1
0.11099975109531049,-0.5598402580316999,1
1.0363548006026813,-0.02844295093051214,0
0.4516344076872406,0.11965492810495915,1
0.2475122108839251,0.3229791593698273,1
0.5234378429431962,0.3205412055264477,1
-0.3455132506716552,-0.37027884620449397,1
-0.502009246875021,-0.8252762392397097,0
0.8477049266688578,-0.35901971044323117,0
1.0094730822635427,-0.5780882568259891,0
0.2902333597628065,0.33019352905973354,1
-0.6003106902131009,0.6698946872523316,0
0.8229495188277216,0.4283171531330278,0
-1.0741331671651386,-0.07671214083442811,0
-0.3610808794029648,-0.17425706257175894,1
1.0087470296682013,-0.30511042994626547,0
0.5709091441451647,0.19599044286163042,1
-0.13318801600645155,0.48677658009355906,1
0.4454179104332931,0.08553252419483376,1
0.4134332448307806,0.9227775131883178,0
-0.11911878250969615,-0.4203637067257923,1
0.2889856282726343,0.46609835469399213,1
-0.3662561549674775,-0.3270431919272435,1
0.910807472485533,-0.41769782169145814,0
0.38752875482541876,0.9449762873234416,0
-0.5058669033226322,0.24183088508164818,1
-0.46291455143520305,0.17706492970783627,1
0.019449471289327863,-0.4350242411337993,1
-0.5524841803019874,0.8909172993667374,0
-0.19531281780789655,-0.42460668554834574,1
-0.2980983977017718,0.5461965996891315,1
0.4607043304902804,0.3264181634999978,1
-0.49230008866606684,0.17619296635495202,1
1.0769729196984217,0.03590007725845846,0
0.36716526670167793,1.0443830320234873,0
0.364718057254216,-0.9950172773942902,0
-0.330394859026633,-0.33015561676157595,1
-0.6381368131371219,0.796918799756298,0
-0.00014214571706232249,1.027422736544872,0
0.38487324969598585,0.21711513081524275,1
-0.03152413694549102,0.4937123479738402,1
0.6771094236850832,-0.8669255550164887,0
1.0802656431572943,0.21098440060134327,0
0.18057999047007406,-1.0648042559013466,0
-0.8974339857625833,-0.806102561069083,0
0.40387879842726815,0.35433712078057633,1
0.13636241272309174,0.4295075884748214,1
-0.7014138299806774,-0.7551356204178132,0
-0.2562372907851929,0.42165827646794807,1
0.3980409581751773,-0.9904677648097358,0
-0.25699979025065334,-0.40396923536707396,1
0.5517434725514718,0.13110397188985728,1
0.5917500626721262,-0.7525282487189447,0
0.608869346809937,-0.02986591513114709,1
0.515343512390446,0.0074136149633529935,1
0.3794500550734215,-0.857582249051627,0
-0.18067733458076826,-0.3311906869649624,1
-0.290175764611009,0.39210226757650846,1
0.09080793561561114,-0.3764345208815455,1
-0.2923444808347207,-0.9478982200472409,0
0.8749910086657287,-0.46067955361306523,0
-0.2231184023061829,-0.8980729581688567,0
0.5135369626024494,-0.23232214967446146,1
0.8485770296369017,-0.40164586588427426,0
-0.30183323945396046,-0.30865259053980265,1
-0.9416901898708359,0.48875448988289216,0
-0.2745082664591377,-0.39576216770369455,1
-0.6375023137748486,-0.7045043687457053,0
-0.4575227717486731,0.3211525004158193,1
0.5235558673709204,0.09855051813206041,1
-0.22970216923138534,-0.36849682331370925,1
0.9931011011556389,-0.15554724075464704,0
-0.9682755700152255,-0.586598139139249,0
-0.0835808577344243,0.6296425210211047,1
-0.8184640376697825,-0.5589294322576632,0
0.08381558686448713,0.9989848457305677,0
-0.8800673978023585,-0.07102571050078244,0
0.06403588273463558,-0.9383958056435293,0
0.3770225152507676,0.7811380563845167,0
-0.1779884731753671,0.41870806569034186,1
0.8440513428410114,-0.42111969148033934,0
-0.27812367735186055,-0.87635462413902,0
0.43067010073908946,0.04966558776758884,1
-0.13125176164276556,-1.0698538570360017,0
0.08151354010829179,0.5092277345012461,1
-0.5300454254779506,-0.8210107912933713,0
-0.9939716435120944,-0.2910639239555546,0
-0.5566129456045522,0.8786379022272847,0
-0.6756830143295599,0.6320399481282137,0
0.26062783529618455,0.5346939154668168,1
-0.40761773814735786,0.41509187552023796,1
0.10542433262214046,0.9928533164207152,0
-0.14824616565262302,-0.5342953661672508,1
-0.9298135444622248,0.43469300691011475,0
0.43939368728101463,-0.19378251507226996,1
0.499614224099005,-0.2760478027705302,1
0.5113676173583733,-0.21239402831199478,1
-0.007620289379149464,-1.062330960847368,0
0.09289850885470592,1.0652199207617554,0
0.2420953297816157,0.43262854517800065,1
-0.0019269962036282083,-0.5683955921527077,1
0.41572159444486895,0.0990656210122545,1
0.3432592584680347,-0.34085030161859553,1
0.16005130103977677,0.49369709716976956,1
0.281063597933489,0.8786561435317417,0
-0.1405635747086167,0.5468293322698782,1
0.11785989801628785,-0.5365717814453638,1
0.708580318022682,0.6754912395374321,0
0.05046903000573285,1.0028598927899826,0
-0.33864753337296394,0.9159064099666809,0
0.36027518160658245,-0.3305352499450406,1
0.3712862349944459,-0.25605939307406755,1
1.005531219215053,-0.16985044210430375,0
-0.26616493664211593,0.6570108538256549,1
0.3090209373145373,0.3957616930504358,1
-0.5001732931870809,0.15415916955877187,1
-0.8647093121100661,0.2864353361418537,0
0.941495239683344,0.2101155966419331,0
-0.8270103303789547,-0.7338523248438751,0
0.9986346042801078,-0.002674590899390192,0
0.6559155305713176,0.5930554822725158,0
-0.5184527568958889,-0.20946101028343797,1
0.3862564806607198,-0.2589097955827447,1
0.6010007312425197,0.09223916956321199,1
-0.1601696309075603,-0.6447567998184116,1
-0.01939567132309477,0.45827565046954755,1
0.26382967934209134,0.15659981682748267,1
0.5133198224931766,-0.3975705812809511,1
0.5826996722878756,0.31209514046111825,1
0.7182936504280093,-0.18981446239136152,1
-0.365823991328375,0.8769672622089039,0
0.8125088849064078,-0.6001538969163792,0
0.9297233367787754,-0.02488971140954385,0
0.15716252869217373,-0.41555776456841265,1
-0.8834778835810266,-0.3390550422654922,0
-0.8280569772600405,-0.5302494692305871,0
0.33107003308053834,-0.33288319146185147,1
-0.5417757882916191,-0.18091396845224594,1
-0.3846879736811363,-0.10089960221880499,1
0.6280826145506901,0.2907379658258067,1
-0.1922612749713862,-0.5726360776333087,1
0.09589074138244306,-0.5119212401794601,1
0.17271890574121818,-0.47395428873072987,1
0.02820230681038661,-0.5023098263930068,1
0.5035965125321524,-0.9494405275901953,0
-0.534818223422401,-0.09567481717362257,1
-0.3299051658985565,0.3824487654328881,1
-0.48037956485299427,0.8276015024473409,0
-0.5525664170997228,0.9054336103640723,0
0.5236505915200512,-0.6668233513844781,0
-0.26168599877418,0.5024192739688168,1
1.095857336935758,-0.30541814303682524,0
0.405863279631678,-0.39624765965642084,1
0.9920733872775087,0.7022341628265047,0
0.3043784752310482,-0.48664833643411504,1
-0.1319410787206706,1.0423261083400208,0
-0.0789456866485892,1.0721264272555784,0
-0.3163516996042543,0.3169520796271924,1
1.038951467512068,-0.2588137967718488,0
-0.7155689856884155,0.6625479955458322,0
-0.8860519073128449,-0.5608083331157233,0
0.3242697980723479,0.8722266981993031,0
0.4270844212138029,0.9315268045886147,0
0.8004765321898522,-0.6652877388673046,0
0.8680842421401018,-0.09815805201291675,0
-0.4608584287718922,-0.016261838778794294,1
0.9481935844952374,-0.4259931777235824,0
0.04392547348150076,1.0308561225696686,0
0.16168396531097406,0.4453506114993202,1
0.8749461087066119,-0.19355244911732195,0
-0.5823773744333676,-0.6860274852496951,0
0.25646919723677697,-0.34722325604062354,1
-0.44550916835009147,1.1048422708961594,0
-0.4929862336459375,-0.1080644122248119,1
0.8952977598720216,-0.43652964741930567,0
-0.9744339596513455,0.4463774392328069,0
0.934045996417243,0.4134390528818803,0
0.20180130492463047,-0.33100783109201537,1
0.3726635500103287,-0.30340317597689354,1
0.6891455271497142,-0.5248458742918701,0
0.5562008697865628,0.8163703172567544,0
0.5193010318683977,0.9010916860521812,0
-0.26751005021818003,0.4377649493605961,1
-0.6701047508086065,-0.7772498170221169,0
0.9111345276836775,-0.07983162130459644,0
0.010607281405185014,0.5294992774500974,1
1.0660167560963303,-0.13170987457273264,0
0.8348892484711216,-0.4819317916909142,0
0.39684220819980826,-0.36941580577706096,1
-0.1256427814502656,-0.9634160302798974,0
0.31772476396863014,0.4426025481331177,1
-1.0525123763466684,0.11483842690583071,0
0.7434362972635236,-0.5476202497685235,0
0.42509944270917555,0.3909687171562154,1
-0.44979024699779113,-0.06799669598271722,1
0.5621177467486584,-0.28006002134236685,1
-0.977820797263734,-0.0674748869364083,0
-0.45314884481594836,-0.15606808777879275,1
-0.3280272598244308,-0.8808677864164677,0
-0.32468258320558196,-0.40191162543689624,1
0.36701617417018173,-0.373228889278988,1
1.044999507306695,0.5575093323852438,0
-0.4032126178518224,-0.26717382119678873,1
-0.6864957210578002,-0.515716556581293,0
-0.5176399374358037,0.03314986956663561,1
0.029832213570625106,1.1161770859129174,0
0.3365047999568221,-0.9079285417044112,0
-0.48673100928797136,-0.8838532299014078,0
0.9578513768174269,-0.19673382017904453,0
0.873923779873988,0.38101628353741607,0
0.15350787699402846,0.38676574793988205,1
-0.1758070925524482,-0.6048081940616852,1
-0.3497072847950694,1.0309878355998061,0
0.9920096160150136,0.3385322627003646,0
-0.9932535710677246,-0.30192902989938303,0
-0.0022662987921613503,0.5156274996446044,1
-0.5071476677591155,-0.0993630891850899,1
0.56167032755993,-0.7151215076025574,0
-0.31895334056004265,-1.049471607369095,0
0.5246820639475385,-0.8607526904537427,0
-0.3681196381501385,0.5218038598905748,1
1.0395377374068662,0.06861057178369566,0
0.015994396044637232,-0.9601782569734519,0
-0.9775801298429446,-0.1281761738109824,0
-0.04087221784140138,0.6373399323456262,1
-0.34367335897031054,0.4984619801382951,1
0.3572431052684481,-0.27552786165769516,1
-0.7703887246307551,-0.5742753674034975,0
0.2458102571568556,-0.44006276657114257,1
-0.6854828961282585,-0.7546215007561756,0
0.47446580893663626,-0.4337905086274156,1
-0.15937847461711704,-0.3403253128572319,1
0.22819799406276736,0.5101116687137074,1
0.8889631160781616,0.729478169645167,0
-0.417034791416999,-0.17769922059817206,1
0.4654124367983162,0.8593474539566895,0
-0.052272493304003666,-1.035475799428496,0
-0.9956237088948318,-0.0409814198359179,0
0.6489060593234144,0.9062856231874843,0
0.12988606320672247,-0.9602524333428847,0
0.48260527604192577,-0.044422709129072854,1
0.26186091332510164,-0.4710469735894664,1
-0.23993847404205837,-0.9786932424945065,0
-0.9185165483060638,0.17800153254660886,0
0.47589330297629473,0.2471667937613577,1
0.2982589208949862,-0.4942631804059068,1
-0.17719311809422955,-1.0690252227768646,0
0.4329755601756731,-0.15881275901770692,1
0.43517258087278954,0.024795030991318363,1
-0.5205711672488329,0.29227614060767726,1
-0.18787954509357002,0.8521939797851701,0
-0.4801688971973353,-0.06294854234335819,1
-0.06706707361172151,0.39552650638966474,1
0.9214825793682798,0.4258979389999714,0
-0.27378222870025826,-0.42318220740881385,1
0.25163535759998046,-0.5059008167669792,1
0.04463150609493539,0.44329466180019367,1
-0.1657562968994799,0.9707755433929474,0
-0.45376939357983875,-0.723696343510202,0
-0.714756854779031,-0.804420455658326,0
0.31886879308332733,0.3220747364730825,1
0.3087062817968671,-0.3838653546113028,1
-0.13537588556186214,-1.054650265614704,0
-1.0460435920461206,-0.11100405105460648,0
-0.21393874094212464,-0.4419075392577368,1
0.9084366758670918,0.3759380428386848,0
0.23527012038316766,-0.34459926299311316,1
0.3965642034113081,-1.0007441121212906,0
-0.7292773732822987,-0.5831646930975818,0
-0.05034629842547831,0.9830762436021087,0
-0.28168910001959035,0.10331575126639102,1
0.3318621669507208,0.4152620117305,1
0.7690215589024144,0.6836295350900679,0
-0.2305213150711705,-0.371427852452117,1
0.8943912915678298,0.622994540310607,0
0.7781547459598274,-0.696601316188213,0
-0.33570296982489395,-0.2366886111144425,1
-0.23172416952163022,0.3883443875810788,1
0.0321806846518773,-0.48598600968838335,1
-0.36690740033036723,-0.2234412348735533,1
0.3908978139864722,0.14818555647685153,1
0.12536306703615213,0.4674459102093612,1
-0.7351091162516481,-0.690975729968629,0
0.1465277497205829,0.9191561951842253,0
-0.9775552127757493,-0.06171284740094741,0
0.5293259259749421,-0.08996649346462232,1
-0.7462811848457251,-0.5942357328984351,0
-0.6954709285062647,-0.7116788416373165,0
-0.30349918734072,0.9433671843417325,0
-0.4868131124236681,-0.04340878521049642,1
0.2405351647148607,-0.4192191073364045,1
0.16116868693979677,0.5071463517187226,1
0.8489040866407153,0.4132393833057331,0
-0.05541800167993751,-1.0003560316639017,0
0.16528394181750342,-0.45411732418552775,1
-0.4143082851076678,-0.17361072674856648,1
-0.09320930196782928,0.6069995817158284,1
0.5631226293255065,0.06464583399135426,1
-0.305115009788406,0.4270980268134212,1
-0.34282961050969385,0.8774304584679125,0
-1.0202173732886701,0.2578456428238314,0
1.0100434993717657,-0.13142389564141563,0
0.9174871633783407,0.20845154228691576,0
-0.3004303251592154,0.29408441294494675,1
-1.0140536512935432,0.32292785830041176,0
-1.1513067511103052,-0.05277692076120167,0
0.2748769858507188,0.9954851266849717,0
-0.7780842523898187,-0.6336200750149306,0
-0.4130697431853376,0.38850837390213233,1
-0.4466403265025258,-0.1334528860178434,1
0.05262272132661959,-0.5320299430946959,1
-0.43567332851566876,-0.8666842261999531,0
0.9936687733612084,0.26246860197282007,0
0.21835164043537617,-0.41514508414966766,1
0.050061748911717455,-1.0198760814402128,0
-0.7765448397121683,-0.7281427928148506,0
-0.42415099112667587,-0.42983260544569524,1
0.5377969121633789,-0.8941685590370998,0
0.33128696223914816,-0.3744339913576117,1
-0.05790132769981082,-0.8802262815158043,0
-0.5084401644672781,-0.01564313218561167,1
0.36499743298737564,-0.22586688540333422,1
0.4405321753735548,-0.07996143921595303,1
-0.4594497183986442,0.07844299246116837,1
0.11057510460485052,-0.4180802705229915,1
0.16192105098185086,0.45219972121569124,1
1.0007189568008397,-0.3829344976573151,0
-0.9608783424838349,0.3423030264032151,0
-0.498431156627855,0.27965353987479635,1
-0.5192378531047551,0.7120972419157069,0
0.09068758341663222,0.545237151460902,1
0.5669411305988304,0.2118350058369532,1
0.4066882606932087,0.3652838484352156,1
0.41812986419016523,0.33809412223237156,1
0.8179910260207863,-0.3798159632033106,0
0.10487461481784936,-0.44016998723235534,1
0.9481852631373335,-0.16416686933702104,0
0.49181019907952217,0.9476092289383614,0
-0.47270366693394705,-0.28685736935873624,1
0.13252878387627126,-0.4360532895180094,1
0.5245393830596327,-0.868100991037766,0
-0.07702290267834819,0.413920807972353,1
0.35952323878251863,0.1946410332241894,1
0.32265931048386914,-0.024791378332200548,1
-0.4925890717501317,-0.3730570229110913,1
0.863927839743654,0.28668621989003307,0
0.008393485485853435,1.0119940003086931,0
-0.04034068662693617,-1.0589608082099398,0
-0.3320740741548744,0.4527217850672978,1
-0.29753051224702987,0.33947922990379176,1
-0.6044964866355678,0.19520810671671052,1
-0.6434992357833615,-0.1677428866111287,1
0.33338265735866907,-0.8947056522525159,0
0.5069671202281968,0.01867738943021177,1
0.03817883413654498,1.0859271307326337,0
0.010437001621526318,1.0126700670310849,0
0.7306949754783364,0.6492774178880297,0
0.31424494053911206,1.1001182497999789,0
0.608220162928848,0.10631518977444103,1
0.9223514970448612,0.42523411078895323,0
0.12562108572127687,0.838406784679409,0
-0.37692826282343245,-0.23693708700465693,1
0.24658216392146068,-0.8934975166360336,0
-0.5022261104178981,0.8179189649924252,0
-0.9437087244634969,-0.3690677319132216,0
-0.2226647868937287,0.46527090929997894,1
-0.3933023487629759,0.22334959329596943,1
0.22022001632298321,0.3781306583899964,1
0.7539304828379256,0.5610597488269428,0
-0.09955840656881304,0.5386248479220394,1
-0.4279539087281584,-0.4638256827156221,1
-0.9995760827149255,0.16621947919020316,0
0.43031605671571227,0.8918589331166146,0
-0.4710027324330914,0.17252314012941017,1
-0.36378969317066795,0.3869515057854049,1
0.840269623812809,-0.5677017347108173,0
0.537766305481887,0.24107622151351132,1
0.16979460773402166,0.5118316570056477,1
-0.3793261310196576,0.4484408707716454,1
-0.23931309555894598,0.42699020541194793,1
0.8801846871136801,-0.3761669703543865,0
0.4688326301093492,-0.8692386804248143,0
0.1310587545831498,0.5598921321770045,1
0.048783707573891985,0.5592807785716896,1
1.015052083035197,-0.07384618624173625,0
1.0228096645161915,0.3484701250766529,0
-0.35376605882339707,0.21693356692792531,1
0.47711847415661784,-0.02979313742049048,1
-0.37702610576293727,0.34041332820923426,1
0.3962668894204783,0.20800918049796854,1
0.9854420271450633,0.11631060412574565,0
0.42046366017511433,0.9245622391617944,0
-0.4873125230738437,0.07477164046109823,1
-0.5531087000538777,-1.0202198016672979,0
1.0914588588504999,0.025153894181486003,0
0.5162871880716565,-0.25539510626130846,1
0.4902599704839855,0.8566266237679917,0
0.41190364921089134,-0.8388056526127973,0
-0.5194274917934947,-0.9035948856532579,0
0.23765033450069373,-0.36679937069713986,1
-0.3082334328048576,0.9249110176685632,0
-0.8725106580625956,0.787085366921801,0
0.32648756489543923,0.32385527987970425,1
0.6682562701848687,0.7895107438283909,0
-0.4778309561794981,0.7968000544132527,0
-0.2027261070648526,0.48346288153299,1
0.4809074746506109,0.9713435736392292,0
-0.9991719829825293,0.20225001051952723,0
0.6853893261743659,0.7152709923096028,0
0.04273388926284345,0.35874888126167365,1
-0.4148328541127186,0.41517150279269766,1
0.3956266680203604,0.2022473248561153,1
0.3224808730846964,-0.9321007857338252,0
0.8457913352040227,0.38693924434019455,0
0.3405895522704216,-0.3190076330385776,1
0.7923672625934993,-0.43076175360380387,0
1.0204970425239832,0.14497819863601927,0
0.31619819111009567,0.11611425442015266,1
-0.167180851788186,0.9019878764120879,0
0.3484514889516345,-0.2732989953935579,1
0.21392631178495677,-0.35624220668280615,1
-0.7916670992164276,-0.5196775090317438,0
-0.3379347710743265,-0.33827901149185025,1
-0.2278086812930009,0.3642761963063953,1
-0.5181451975229566,0.21973293707261737,1
-0.2145342786374729,-0.2571292895952617,1
1.047154421119384,0.1966174886621969,0
-0.4608190354999654,-0.19011406525187174,1
0.9632906460932753,0.49121991385566943,0
0.27446743715201666,-0.38932887121612714,1
0.22527944049075194,0.46170239691985326,1
-0.980373277058581,-0.15657922703734645,0
0.1184314768909484,-0.4225135089702625,1
0.6177610863057226,0.5482696148009449,0
0.4259605585174555,-0.8654618791149512,0
0.5963991864201673,-0.7164439916413449,0
0.7572230937866595,-0.6329565823581582,0
-0.23336679165993604,-1.0145229849616333,0
-0.04055789413425215,0.3675207980595536,1
0.8708387556780981,-0.14498348528995125,0
0.4865769018940287,-0.15818404833727603,1
-0.3937794002305892,-0.3802416167321882,1
-0.6122452481554577,0.21660835763037112,1
0.8917981814658571,-0.34721079039431313,0
-0.0666751705095461,-0.5144183127100519,1
-1.1068369439292622,-0.46901049443566156,0
0.43931370378986356,-0.22721095498846458,1
-0.8623602015892409,-0.4347145324663971,0
-0.1762700202432903,-0.4694942497001467,1
0.0244695398705374,0.5146740268394933,1
-0.9209711882810885,-0.4694986727206931,0
0.8932110668192121,0.16211403738638336,0
0.3728657956444012,-0.984909810033792,0
0.64968861163273,0.6045961747780897,0
-0.3136880488226407,-1.0291978540717441,0
-0.6734871979854316,0.057628643291990835,1
0.24827849576913366,-0.49007964804664056,1
0.5339943786359996,-0.06339917387989176,1
-0.4711873200415623,-0.8536423930337653,0
-0.8981189779562403,-0.15201720526447346,0
0.29011639890062574,0.4126134778297329,1
0.20925482509213528,0.3736982391398305,1
0.08789516875744538,-1.0213222529066872,0
0.719752610046012,-0.829371335495112,0
0.6555401835201772,0.004017284057727277,1
0.14935251629487084,-0.5235772358130247,1
0.7221552337666046,-0.7573230016568909,0
0.1385614801796534,-1.0493473964852393,0
-0.47843981015030623,-0.2921737290239913,1
-0.14312886478762465,-0.5207061343153191,1
-0.24113296972511986,0.8767255298784503,0
0.16736701487605415,0.4699739101166366,1
0.249949599991255,-1.0259609212696255,0
0.9265287406494397,0.5428282894282306,0
0.39680124757123275,-0.37681246230166854,1
-0.4320513870427763,-0.22753440734048472,1
0.1915513393186045,0.3290752005385946,1
0.7808680047578254,-0.07778154692844877,0
-0.8810641352663141,-0.3971847209781873,0
-0.9866186938466144,0.21491815490496227,0
1.033769700047331,-0.32615152034605877,0
0.8192407851405794,-0.5672727862691792,0
0.022987179640484162,0.4285931609259871,1
0.05369715085693787,0.4492315003464745,1
0.42811393206081555,-0.9737032293236186,0
0.17981027931424992,-1.0037045503537418,0
0.37467330546173916,-0.19857155582398425,1
-0.6784399359064155,0.18128300268943456,1
0.5869412838900657,-0.18508163202299666,1
1.009677034033486,0.11775836847402779,0
-1.0919119709461542,-0.3806273238805106,0
-0.33059153074808745,0.3898250833765456,1
-0.7662627105472488,-0.5632588640197083,0
0.43383409414726287,0.30791846867926365,1
-0.2965378308526769,0.5477575637547919,1
-0.5325558483132684,0.00034970955893440583,1
-0.4339267149240106,-0.3160864877637153,1
-0.8939592304597491,-0.4612300406858113,0
-0.3233134111025363,0.38318252909940176,1
0.9779496203349411,-0.23546879391781994,0
0.1692422658806439,-0.42025482072487,1
-0.7323702427263719,0.5999855619010933,0
0.6719745548053486,0.7646449118573846,0
0.16775890876425237,0.47109685677885105,1
-0.2708809282133119,0.4567160764815354,1
0.3341895565896533,0.9602771690457088,0
-0.20703830000826282,-0.9408181184379575,0
-0.3934777091811958,0.2869061257007958,1
-0.10865502086112563,0.9867224081103348,0
0.8869581867626342,0.5516858038551085,0
0.2539999447468576,-0.05904696157609118,1
0.010685611507711287,-0.46529318333722125,1
-0.3646583657897434,0.4927319647484499,1
-0.2258740977967703,-0.23438247637402698,1
-0.582746775009358,-0.7162997080963195,0
0.5117963114266812,-0.030311106059613062,1
-0.20493867932011606,-0.39974322174719756,1
-0.7646354846101864,0.44397967515954506,0
-0.1476933450956081,-1.0468750627009813,0
0.08075434610672189,-0.4499848546238168,1
-0.15034590145192542,-0.4628933649612516,1
-0.13689511478949498,0.5147532702774528,1
-0.23042942189428228,-0.42880925652624147,1
0.3580048903545733,0.12483267471722279,1
-0.8867241579073708,-0.6390726216986358,0
-0.6439025595088562,-0.6154852297855742,0
0.09444410569179698,-0.6631700933359482,1
0.19841811678222063,0.49891523004536154,1
-0.9665392574905367,0.3609458200922111,0
0.40958821343181456,0.8034170695697882,0
-0.39436119455621327,-0.27066197032059186,1
0.10880430689170256,0.4984219491215508,1
-0.2051304421045318,0.3563458561020678,1
-0.02132560017523634,1.0091317954118109,0
-0.5745452606855889,0.2409262195082159,1
0.5946144942658949,0.05801097192207736,1
-0.41875706937718593,1.062002039425251,0
0.22700019082535133,-0.31946579185663954,1
-0.47790258267381314,-0.312630230280964,1
-0.37861104229479775,-0.29957025747684024,1
-0.3332568204799762,-0.23895348482820988,1
0.012997579257386111,0.524936283351065,1
0.7634089212819187,0.5218128264509487,0
-0.21182538246005872,-0.3991147607765436,1
0.499293469801672,0.09639467673410024,1
0.06509152747926338,-0.6421620868183023,1
-1.08447974825145,0.2685745851401584,0
0.8385170018930088,-0.5539558369694108,0
-0.9956558782047743,-0.3991948957314213,0
-0.18988595583328458,0.39032248599168023,1
0.31107867286361335,0.8860773908525813,0
0.5104813871265187,-0.21465667375404646,1
0.3768531357697557,-0.4014667537959307,1
0.567110733980611,0.7518622952965126,0
-0.9430256181816598,-0.1796359499700892,0
0.42332414895134285,0.2678796797040133,1
-0.3489448729247976,-0.5412961248257068,1
-0.5954954684263879,0.024377549234312054,1
-1.098149918112937,-0.15875174106891554,0
0.5847526638120041,0.11617777333429184,1
-0.3935895771402783,-0.26911105821585685,1
-0.19968792287032272,-0.4303095690746256,1
0.012950261451884049,-1.0922379114839504,0
0.40434708145696513,0.3156984282439004,1
-0.6988609318071006,-0.7541013304912223,0
0.96942975854992,0.13495888528187852,0
-0.04113762152050715,-0.537709407972198,1
-0.8885844340678166,0.5664037936804491,0
1.0592028000465923,0.16539650710563808,0
-0.2146602210318898,0.5819846073409353,1
0.026301686001178354,0.5152942836556207,1
-0.7051654852786775,0.5880414438801813,0
0.011871648350556055,-0.5163642009032697,1
-0.7969008812922683,-0.45771549098338743,0
0.2485866569129007,0.44816299607730165,1
-0.2544923415505955,-0.44402718000293545,1
-0.26420236740078684,-0.38427240907580085,1
-0.5131465265859682,-0.914607123046375,0
-0.3739231002858397,-0.8724737794501913,0
0.3439325342854642,-0.38069760458156154,1
-0.06955521602798398,-0.45689680183119485,1
-0.04961308764540463,0.4129472923884016,1
0.06067819701686965,0.9605957324406571,0
0.3147207711014238,0.331110438054482,1
-0.10697991368770718,-0.4018800680557807,1
-0.451574922436846,0.15553281557535786,1
1.0820555075046299,-0.09291263381121617,0
0.935642963769802,0.4106042135811844,0
-0.48516881360940256,0.8001757248716487,0
0.033336578883071004,0.45558690968072635,1
0.38564975453311234,-0.8601595194528089,0
-0.8520314377481769,-0.5353241923398147,0
-0.9095404706420795,0.2975987393567487,0
0.9486834287937304,0.17986450617301913,0
0.9284515056899315,0.2197149001969559,0
-0.614306881451604,-0.854702736563361,0
0.05063391309444002,-0.39122516145138275,1
-0.5040476135075435,0.15844810309334617,1
0.8236898368493687,-0.2877078953306056,0
-0.9876989231964725,-0.29225301483074895,0
0.4042846923064507,-0.07698716609040242,1
1.048856515835971,-0.11153949414542164,0
-0.8363086574104485,-0.4942633601288281,0
-0.3870407655472704,-0.13694082774855165,1
-0.383895852311165,0.9430241203749385,0
-1.0231716421103405,0.5327076150385699,0
-0.4646972892273029,-0.34602328967324014,1
-0.6291395043935101,-0.9147980994591972,0
-0.12483970214685797,0.9462280044139035,0
-0.42375105201352725,-0.44218045132363887,1
-0.3554000243505966,-0.518410068758378,1
0.5372387078116541,0.8154021074105352,0
0.021616051781245954,-0.9169137887941565,0
0.06103735950927387,0.9649377329341726,0
-0.749097168523612,0.5457588930875393,0
0.4599591066136928,-0.12552541740831363,1
-0.32610042255941335,0.3547024784816303,1
-0.7741135113178294,0.705066749065274,0
0.0003074278084811144,-0.9734935982958699,0
0.10665916433988269,0.49190692626646115,1
0.9713944195293707,-0.1433596853581528,0
0.9364566522691313,0.3942760230587476,0
-0.29083283752470224,-0.10425445291444983,1
-0.31105286558834544,-0.9856335484842106,0
0.8960413333629784,-0.6051250320468161,0
0.051689821806117295,0.5248780866554362,1
-0.15518576619070618,0.9674831793458598,0
0.23586016206395669,-0.43618014178630354,1
1.0026540270022573,0.28588088222447666,0
-1.162670163092795,-0.2608409281516916,0
-0.36923184865909764,0.009735895050969966,1
-0.4626172801534718,-0.08911255413448937,1
-0.4084068554312114,0.05705222531671022,1
-0.6391006978417313,0.8130353896315753,0
0.5723535128565327,-0.24994535035503695,1
-0.927080179684421,0.025590900406268158,0
-0.4517340792420987,0.21029468118423178,1
-0.6462611119228404,-0.7712651348544186,0
0.17090456653197836,-1.0283696051584854,0
0.33909515074803015,-1.0334152357279351,0
-0.41727416935295636,0.887616371946572,0
-0.15659764260614142,-0.45361420517173767,1
-0.9877994228230838,0.15700100180225918,0
-0.5323846226836428,-0.7255274061702428,0
0.4430768700566444,-0.04611057413021586,1
0.7962051082261714,0.5872440866220383,0
0.4524185564440506,0.19281186350787327,1
0.7562270480983028,-0.8498878801834777,0
-0.9796546601504419,0.29594497946490667,0
-0.5608527642507358,0.7374095122864832,0
0.7646154994659954,0.6763903818629139,0
-0.5517956086305136,0.1276966601654988,1
0.010577811253073305,0.5225917432003657,1
1.037496903128714,-0.3137485351437482,0
0.14246611570688417,-0.4467188941071717,1
0.7472672019580704,-0.8499130926200852,0
0.30275913038931496,0.31692773617044134,1
1.0199809443265102,0.1536325584816275,0
0.07406348554253807,-0.9641008838095809,0
-0.46414326829987473,-0.6803895427301907,0
0.3708636064832148,0.16213604627925224,1
-0.08525516565887145,0.5551518494806474,1
-0.4308747460025825,0.24740157708864957,1
-0.09177997953243344,0.5580908670317247,1
0.1178610718163498,0.5609860525737688,1
-0.16835234726666226,1.0822247562807714,0
0.18920060744247716,-0.9721429885456001,0
-0.07811956159339709,-0.5768072770321997,1
0.44483775855135144,-0.9761155832704193,0
-0.8347542689695407,0.45357517139233544,0
0.4373649905261823,-0.3136816887791916,1
0.9788283407900648,0.006622067427950115,0
0.19921567710844312,0.430863537919582,1
-0.7514251485164967,-0.7309255609981498,0
-0.929954192600094,0.04609259515256269,0
-0.14790004058391515,1.1308052084002567,0
-0.19917319371538292,0.9619570457534148,0
0.5058975976386172,0.7247081992399869,0
0.45930906924410125,-0.8534066937490646,0
-0.297159274902735,-0.20836079426555093,1
0.1910361899897033,-0.39981232978573694,1
-0.574737075588164,0.8028213567827649,0
-0.3897375398775954,0.3484280453589765,1
1.116922138466997,-0.13281923715980495,0
0.6622241960369644,0.02367067047721208,1
0.12294107557721702,-0.35681299448691706,1
0.028308095998061382,-0.4683716817606596,1
0.4281174410756578,0.18225573120423677,1
0.3573230523687899,0.899591197427458,0
0.6792781537616307,-0.6706168910383876,0
0.12159360245441206,-0.8756892183407781,0
-0.9412850545312536,0.5361972781858995,0
0.24314948414168147,0.37903082742199007,1
-0.031143104138243123,0.47618086390443837,1
0.349274450174725,0.4590617706969128,1
-0.4842221969586599,-0.3251004056067272,1
0.048234467547146886,-0.8908668119382974,0
0.09363887134222057,-1.0158108508424095,0
0.2104405148604228,0.5616316322605406,1
0.02446674276151762,-0.8829646711563335,0
0.37576764224876236,0.26622610511831885,1
-0.9622107411799412,-0.4320504432684084,0
0.5397510896185594,0.23972575630107498,1
-0.4042823920558227,0.09534244200359482,1
-0.5322218601326916,0.23445155585848376,1
0.3468612658551661,-0.21354327270176143,1
0.5667748278342805,0.9321227555563923,0
-0.8452930318686613,0.40648215047348274,0
-0.21091791092815415,0.5047867654703818,1
0.2964643953353884,-0.3279567910146016,1
0.5421897207593864,-0.27144169385562794,1
-1.0881214630712914,-0.1272266636189465,0
-0.6296487742889271,0.11298843213860843,1
0.5157996811555652,-0.24046563295318127,1
-0.4238017935022074,0.24491054240914217,1
0.24893878890341858,0.20043414322884345,1
-0.12653267601697415,-0.9512594431581255,0
-0.9787101798034806,0.3656049492045943,0
-0.8421338475691292,0.2797453430779845,0
0.43536291415622497,-0.8394247641518456,0
-0.1150984721356587,0.3910275065664014,1
-1.0162515646333692,-0.04557793300154703,0
-0.2736254979730272,0.34090702866134126,1
-0.5895341655452437,0.7644756323061503,0
0.5643539439206604,-0.8206167830717098,0
-1.0158473659560268,0.0828897139086596,0
-0.40652746230150816,-0.24315677653650206,1
-0.5612791975461435,-0.28814522247126206,1
-0.6539494209869887,0.9486605666199559,0
0.32328810237393907,-0.762717588689266,0
-0.57387471247767,0.07599041240584,1
-0.35990866311794095,0.27685654364033396,1
0.9894015055893698,0.26298135294187663,0
0.46264287357031936,0.07694843877975761,1
0.39986888802099146,-0.34564430643978417,1
0.9162627768965058,0.16242651623793158,0
-0.7423340801749442,0.7442196695311702,0
-0.41257521450220214,0.4850652767520172,1
-0.968716459103468,0.11927106590395727,0
0.517887416287063,0.3973753924325367,1
-0.7547643199039997,-0.6630821778882359,0
0.5497926854684669,-0.8054048961444797,0
-0.16986788354419127,0.5191255936543159,1
1.0581449100935296,0.045048557855463106,0
-0.24265240792372456,0.4330518926982984,1
0.34111269469696714,0.22559904916049187,1
0.29199457847952887,0.5421681085777557,1
0.3881260691763984,0.3071278490977507,1
0.5483484503008365,-0.27501894418458284,1
0.9444160476678362,-0.41800761753370747,0
-0.7586378756761294,-0.5526360642293298,0
-0.5227243147679296,0.07926572590711722,1
-0.35230382866016036,0.9217363572225036,0
0.21493142551446529,-0.997847958325016,0
-0.9033843184140546,0.5950861918637099,0
-0.7386751416432255,-0.6976367251605314,0
0.5021561869058069,0.05498444369022876,1
0.5847665316746546,0.785116245866806,0
0.4962700836008017,-0.012153357127940453,1
-0.27931681889781823,0.2937155519023788,1
0.1805728620381597,0.4670460585461457,1
0.06248572194007937,-0.5340572336724629,1
-1.0726590041942237,-0.10487830128980426,0
-0.4993282933340331,0.2916368031145601,1
-0.3064122035259856,-0.36605635748917514,1
-0.4506007367851451,-0.9508712972820935,0
0.6102618673168221,-0.7701307528664443,0
1.0268266600066691,0.15390082388914839,0
0.4923028974115059,0.9309131247269887,0
0.9002347928926334,0.399798833097612,0
0.08322536019668503,-0.5619127899052798,1
0.7577253124937734,0.8205682130552346,0
0.4475984091132692,0.7877418686171109,0
0.929837118916264,-0.1504722940984113,0
-0.0023550813739070253,-1.0206956230288464,0
0.3279947125882331,-0.3563568359436305,1
-0.5922472483906873,0.7915399705479631,0
-0.7194702661283721,-0.650713501487262,0
-0.310170916373431,-0.2686748204791822,1
0.3977578305712988,-0.06262114888453438,1
0.07418928290035134,-0.5980191162918718,1
0.0013224723577248063,-0.45156344235736406,1
-0.607914413108844,0.7549164577619258,0
-0.6199908384725191,-0.8006852610706741,0
0.806555549960071,0.5904701034678128,0
0.3385667868214257,-0.9674621599641421,0
-0.41803072359655646,-0.1770417800171947,1
0.3927692185433785,1.0050926286781203,0
0.4542357001713561,0.19377414711012078,1
0.4600375974471923,0.06229270219971396,1
1.0145327883322253,0.27888756372873574,0
-0.05467918933494994,-0.5645423783261155,1
-0.594438743141352,-0.06512140474411444,1
-0.02412771109984102,0.4604474596366912,1
-0.44109432647597707,-0.35092356204901637,1
0.1297828358778868,0.5094453858456806,1
-0.4001924435095198,-0.31133300070734937,1
-0.8918002966707683,0.4166321911154203,0
0.3170952442955781,-0.17366477726456359,1
-0.27669424267352066,-0.5184502310679424,1
0.31102350365381937,0.47076527263106016,1
0.44346973126089295,-0.11465989467698456,1
0.31394343657023316,-0.4547757544319554,1
-0.44940492410073196,0.9365647964277082,0
0.34231700115790764,0.8672876643396489,0
-0.9058063991415755,0.12254948794598858,0
0.24057215941488186,-0.37914388862305926,1
-0.5571873607538936,0.01967251917835594,1
0.09160167399885118,-0.4337952003371936,1
-0.45842304572061854,0.2165284916802383,1
0.4907424994812104,0.8536365736901259,0
0.2279004493175186,0.32108041300564344,1
-0.9664150810488346,0.22485280464547844,0
0.7177417960013144,-0.674418516275661,0
-0.24702078434251012,-0.967078973024,0
-0.18035802025564454,-0.5183369439573369,1
-0.6204213768398525,0.05754103857716655,1
-0.6615761127978026,-0.6877734303720889,0
-0.5007473605074216,0.8539683760710947,0
-1.0292581313260307,0.22087067926938725,0
0.835872547696374,-0.6604515636857669,0
-0.6811710583530415,-0.19811294227079204,1
1.067101116085409,-0.10058534100858144,0
-0.5661101562132609,0.2349232766549222,1
0.6807190419591576,0.8460806595335449,0
0.91052511097706,0.23457508351132517,0
-0.38527067564333956,-0.9003717416505189,0
0.04734658151809673,1.1032787415303005,0
-0.8816542838003939,0.7402154192977644,0
0.9086181856861508,0.3732801472517818,0
0.2468436132505725,1.0143232434293146,0
-0.09176747744556515,0.4484011256414923,1
-0.9669019724197031,-0.06813499071652847,0
-0.28479212744746685,-0.290406215139491,1
0.13729820661516684,-0.5410570628017586,1
0.9544737690805878,-0.08452664778608995,0
1.0327535461411383,-0.18700476917828987,0
-0.11306770246212988,-0.9845375502468267,0
-0.5622079961187849,-0.6746003954364225,0
-0.558073210584033,0.20824005159991038,1
0.5305579291714899,0.18130623635915843,1
-0.09030116784772839,-0.5363449633382935,1
0.08924184153896902,-1.0668517950468852,0
-0.9705587703200677,0.10468103988722502,0
-0.5263495158179607,-0.922852335904084,0
0.42007745575546906,1.0373606881456439,0
0.5484312224480135,-0.7809271314030328,0
0.22260124012875632,0.3865148771128554,1
0.7547582132669519,0.6648816066181862,0
0.8787754794374913,0.3809931403086312,0
0.34882569531542496,1.0186230314309404,0
-0.07863591162244427,0.9942484750498745,0
0.5799382607375834,0.053012881316951935,1
0.8522675265928812,0.2760643017130656,0
-0.5301903584807695,-0.18699129690018557,1
0.20334404272175224,1.1045587553471776,0
0.39877128528651196,0.05554102674919622,1
0.960443596481217,0.0426786560412203,0
0.28420076938972405,0.41229477085230537,1
-0.194263463625521,-0.4642578148961462,1
-0.21761964143023738,-0.4932834053202363,1
-0.280339256840441,0.48188395830257486,1
0.25829448175523034,0.4436842089659485,1
-0.4788294416647227,-0.08666983046140839,1
-0.8791431592648733,-0.09336688610186057,0
-0.42174847732534154,-0.1365204689043616,1
-0.14172106076442556,-0.3909191772258689,1
0.71567836600689,0.6941111812794561,0
0.13290228159850423,-0.5142467287546485,1
0.513483384944526,-0.8258097578729146,0
0.8937094359298667,-0.19658464038325474,0
-0.09021277912184146,0.4138049273491708,1
-0.34495851510669817,-0.24877868311600468,1
-0.3579108011569589,-0.6903708351599033,0
0.3198305122949604,-0.3731209454200331,1
-0.5579169531322906,-0.019340650110368417,1
-0.4387460328110795,-0.16102903953270872,1
-0.9999899995319856,-0.31880540002061347,0
-0.44564344092723907,0.119954144442018,1
-0.291336972084383,-0.28026952787805365,1
0.3720524171591854,-0.2866920310843106,1
0.2928309289396801,-0.47064308065594623,1
-0.4891417905712009,0.7452795566946636,0
0.5453012795044399,-0.9707764426059582,0
0.9460365612581759,-0.11855313762403363,0
1.0939813452508316,-0.05592933605530132,0
-0.7320831197311002,0.6122162865362776,0
-0.15334424206653496,0.5546673931415209,1
0.29951846741698696,-0.767745509774546,0
0.21366784979232534,0.9935627044206173,0
-0.4118605736631691,-0.11694330640998635,1
-0.5933270138137403,0.08810833774933194,1
0.7695128007967306,-0.46577727500366506,0
0.26632884836605064,-0.482527915679184,1
-0.5081336962487926,-0.17686988834320633,1
0.18603173347077628,-0.5218405684298366,1
0.17043371774082217,0.3618000781532594,1
0.3222188248722805,-0.41768553636708833,1
-0.3828990513987788,-0.8784488689805823,0
-0.4383310028821114,0.8974392652817909,0
-0.3802882375256028,-0.3621913496329351,1
0.32406853982604,0.37701647818805895,1
0.4878438673168043,0.018551915358410755,1
0.028514642544874083,-0.5230940916090943,1
0.7959012856862325,-0.28836701132106696,0
0.5592166172729156,0.14714256902105582,1
-0.840884367758197,-0.25756345262522257,0
-0.9747711451032902,0.21936646631288875,0
-0.3499061661691536,-0.387150888636897,1
-0.87244248089441,-0.6248810215298293,0
-0.45949705966771875,-0.15742226863723208,1
0.23741985151632072,-0.5778178709408699,1
0.859589538751962,0.19412576908531826,0
-0.30451662337937024,-0.3057021539267889,1
-0.481956170522032,-0.458403576957995,1
-0.020993369892908488,0.6155238634246288,1
-0.27224905919390846,0.9675605902896789,0
-0.8034365956066047,0.2117983498794686,0
0.5966412159491736,0.31627382962188977,1
0.4300862758048963,0.2513783668675902,1
-0.32777501040687124,-0.5248804638917546,1
0.42538947171998737,0.20371911332152445,1
-0.4507298545819239,-0.9251440347870693,0
0.41370051350237697,-0.198045577580344,1
0.02176035583733437,0.6070899370227605,1
0.39077821941885255,0.1596634134122379,1
-0.5452251361990248,-0.07866534491838695,1
-0.11754664429956305,0.9105185763681932,0
-0.46247873327592065,-0.28899377765620343,1
0.7754729191651599,-0.4922572030093769,0
-0.1937226156980827,-0.4974075217053635,1
-0.6241401211360671,0.6721036304861094,0
-0.8079400801412981,0.2907038265273866,0
0.39968658807083407,-0.3754291230694003,1
-0.4259603374095673,0.1320244092717779,1
0.5107480953852347,-0.07203417578014273,1
-0.86614650671294,0.5642606786243374,0
-0.14966374777044383,1.0496919017845812,0
-0.620813992061538,0.8477692610565077,0
1.00181527487986,0.24673648563025624,0
-0.35585294844422993,-0.3669929583382663,1
0.8341085979168689,-0.41427589500366546,0
0.07636392547876994,-1.0589238995322712,0
-0.6409540172207941,0.6086323782101559,0
-0.3579661564886445,-0.8242117271834184,0
-0.2144391934190925,0.41481689592481,1
0.5146381859372279,0.3363054952717135,1
0.8672697977819912,0.8941098774636358,0
0.3053400197279836,-0.47026536299244803,1
0.769729998758698,0.21717080483339163,0
0.27850691264393634,0.5752746810937233,1
1.1170519235616514,0.1509026491867614,0
0.24176359787645174,0.8584461433659025,0
-0.3217599360493581,0.054699719231579166,1
-0.9062970964922923,-0.10357930803564154,0
0.7128812672304002,0.5971678458575895,0
0.4973486406508453,-0.9170751954267833,0
1.0498581619807636,0.1603272667033778,0
0.47179968181493037,0.28602812173787073,1
-1.122699226023394,-0.1611708475874662,0
0.4240994604290401,-0.2905504773814367,1
-0.5122954259569149,0.0059358987089694615,1
-0.42359438527713317,0.15224152647911837,1
-0.24268761278341797,-0.3117422450516481,1
-0.6930098730651474,-0.8014187168433596,0
0.5305942335504928,-0.809491767779652,0
0.30302402986605453,-0.39032764590070096,1
0.5755748081118044,-0.024679682263842567,1
-0.13110462649743032,-0.9344921019063144,0
0.42387762568596765,-0.38215177544702267,1
-0.34555555066700605,0.4794309751786031,1
-0.65940102938746,0.8358160395932973,0
-0.08140989209428703,1.0289858393966462,0
0.17822279613396644,0.526192421981886,1
0.04882549619457257,0.3873527662217969,1
-0.7352764056024763,0.6179911221430844,0
-0.32177001657857485,0.3547409593999126,1
-0.6799096592189184,-0.8595135047767887,0
-0.3753759541596233,-0.7900347685000397,0
0.43465782271042375,0.03601552919508749,1
-0.034379238066834183,-0.4273688699608613,1
-0.6785136209784047,0.6041920022065699,0
0.26042965813324503,0.9345885880229696,0
-0.417088148751582,0.4170860782908861,1
-0.12189629882566569,-0.3967511847863994,1
1.0012327165685022,0.31898842845018105,0
0.6359276632832452,-0.7353643249923327,0
-0.27323026218390956,0.3428907555889117,1
-0.10558541254720816,1.0138073162486438,0
0.8923754553595664,-0.3626910282617854,0
0.9480806125555713,-0.15080088509570883,0
0.8245005786476087,-0.5981712350750895,0
-0.33398006598439933,-0.16394666181642262,1
-0.33613601625974854,-0.2970486691324909,1
-0.4613057443462236,-0.17728556944936832,1
0.5501247155785163,-0.26499227020809624,1
0.47695498569852723,-0.35697029627901933,1
0.9268513870077457,0.6472535408931083,0
0.6684229166624179,-0.7092130309975164,0
0.014962888173646834,1.0393667709053227,0
0.8530937889804828,-0.5032888854907147,0
-0.9689972875931245,-0.38656579916447475,0
-0.7325338562623476,0.4860596971672272,0
0.4741011915048988,0.32512976654567327,1
-0.31941241109606944,0.22214936133164484,1
-0.3695760361934305,-0.1956881811070837,1
0.8688904175522212,0.5238943902538654,0
-0.3531411914215621,-0.05226093420584769,1
0.3622074376719283,0.013807079977693648,1
-0.8504203361307019,-0.4475652445401463,0
-0.6761256484977248,-0.8323720507041883,0
-0.8605260372677893,0.4194474250812656,0
0.20641129452777515,0.48649916060954057,1
-0.8408793870838063,-0.41540037863045054,0
-0.1873222791644116,0.5366515097641238,1
-0.36571354416230717,-0.38595197007601156,1
0.4211767401326581,-0.7039039654778144,0
-0.3135327512784218,1.015067955089328,0
-0.49323309075919025,-0.3707363920174496,1
-0.8911714902754073,0.27667006263094973,0
-0.7842518434629684,-0.4704035832269111,0
-0.5497131874633457,-0.8776511066866277,0
0.9006614545525682,-0.529924533131992,0
-0.4040495414447294,0.17266829811050008,1
-0.5270372543965587,-0.4349996394854967,1
-0.7421173594414743,-0.6849947915314786,0
0.42310533077857876,-0.2738258352876124,1
0.461426784422751,-0.18947932390105537,1
0.02122953823446387,-0.4543007583782777,1
0.9636095707297077,0.5790951499571579,0
0.8668563760988418,-0.27495026070132306,0
0.3351326234089571,-0.8717278595408893,0
-0.9576825891876762,-0.3682567517578793,0
-0.9495741527068084,-0.2754539289811302,0
0.0010369107441390857,0.5907988409346985,1
-0.3185452849800682,0.8190631102788909,0
-0.2639043645177531,0.29592860972884816,1
0.7424396370586185,-0.707326751894513,0
-0.05488006083475262,-0.9129432302619781,0
0.8332454383837185,-0.4683577643216389,0
0.6701238667754816,0.714232587279117,0
0.2706503082401733,0.29570396728900983,1
0.9931363494098069,-0.06985369131258043,0
-0.36648214505352417,-0.33177094452338735,1
-0.8200503643571094,-0.42919707793659695,0
0.07598735958905795,-0.46096568063735016,1
0.343566456203214,-0.39169217479929724,1
-0.44564946073369155,0.17700909503432938,1
1.0541056369503257,-0.27318777875142164,0
-0.8193793325683876,-0.4043012327729795,0
-0.5385419540087959,0.21260187138497405,1
-0.2813673740304642,0.9628576340811428,0
-0.28629299931517427,0.41520825711271053,1
0.39093005945221837,-0.35899024512280203,1
0.5558198748268549,-0.18103115946739864,1
-0.7285250980600089,0.5820344005495346,0
0.3451864755451447,0.11735671743276233,1
0.3191677905545737,-0.9001586702760378,0
0.41307468432061367,0.03813983988003932,1
-0.10878793583263166,0.5294121114889785,1
-0.2606972664734318,0.4472935025860622,1
-0.3189492573540918,0.8867491831436288,0
-0.0019957855024330673,0.5060955548684253,1
0.5130365858662367,0.03864124277018029,1
0.7054133171530008,-0.6182350913349743,0
0.9230144157667549,-0.5036238433159862,0
-0.4008841963366806,-0.14087259659703874,1
-0.9167723834081156,-0.009446961742555483,0
0.07153263000130763,0.4462830393637614,1
0.03960447230274933,-0.5765846411593945,1
0.08753054005923702,-0.5017721012313116,1
0.9047509209743779,0.18032985148726452,0
0.44397539597046737,0.2728606557940263,1
-0.14885288408345934,-0.45800949032194227,1
0.6404912349270376,-0.7336599354548803,0
0.05130757426674674,1.0280254567962388,0
-0.7729612358226403,-0.47800071762336255,0
0.19078921047634506,0.469719051812343,1
-0.34176167650294387,0.97991607341255,0
-0.4606369465779949,0.4415919552865282,1
0.46905048014535056,-0.8706514365792022,0
-0.24323106475628983,1.0049386201486081,0
0.8774892779981511,0.14841312879674795,0
0.4195087543031536,-0.35282388208221815,1
-0.9291721688705494,0.1903694890601183,0
-1.0241438007416588,0.09815943600937585,0
1.0241972595179543,0.42812128098561364,0
0.917273897834229,-0.3081670827462115,0
1.0340379105368658,0.06123034935203245,0
0.6030573006665118,0.6998335315821772,0
-0.21200289938155278,-0.4728260642702418,1
-0.2135894553994113,-0.5430180587360172,1
0.24336476721665862,-0.9027575445790215,0
-0.26996571201509334,-0.8934828732828063,0
0.30819603838367693,0.9393134683616762,0
-0.07190390184649996,0.4347512279039761,1
-0.8109725147553843,0.6210645315588508,0
-0.965972009886349,0.2807323489513264,0
0.15500735429978085,0.9393454198689755,0
-0.360009735812078,-0.8704239486059236,0
0.4919859830351216,0.14749691429379885,1
-0.9141580377778845,-0.25412114143055836,0
0.35277723522088794,-0.27909318340595946,1
0.34409902897579386,-1.0201467256208265,0
0.44138674527642896,-0.16170297568723616,1
0.10966219590880524,-0.4078257310142022,1
0.37259103308937314,-0.26888527832625086,1
0.5000782105166998,-0.8584610140966582,0
0.6342696330039268,-0.5883421374153754,0
-0.10385355076681135,0.28304472267227404,1
0.04460051311407279,0.4534880701514603,1
-0.5445141503778037,0.05072194503656352,1
0.48907783404823146,-0.30825165811190725,1
-0.024484419881230332,0.9263743913869231,0
0.39300922885321016,0.1984312743849511,1
-0.6443835876878493,0.7825008368909107,0
1.0828229931050102,0.1855491913888745,0
-1.0395880598121658,-0.0006071524297728966,0
0.2551818036314745,0.5249131061034424,1
-0.3011464050360858,-0.33262703149121847,1
0.9593941972666654,0.43196434528297173,0
-0.9977713008152391,0.10109168562832967,0
-0.08508041192715098,0.5582111021296073,1
0.346480900984157,0.9784891782322312,0
-0.2653326626803069,0.3757044019665931,1
-0.0868073627974024,-1.091659871365264,0
0.1868395430570852,0.5007977382038963,1
-0.29588914417312856,0.31325784282138197,1
-0.17814708948329777,-0.9764420011889817,0
0.9052888440288076,0.6719402777480104,0
0.45101377628421085,0.057547158765559325,1
0.5855950512527448,0.8093150178460669,0
-0.528655995756005,0.8753828166032421,0
0.5669118074401592,0.23518938271166362,1
-0.5208485641387285,0.004105592023152513,1
0.5106178455817819,0.1326630231659709,1
0.9054249307267294,-0.4079733974818076,0
-0.5203713681159202,0.8252978719205178,0
-0.65491900654672,-0.652651076007996,0
-0.45048782480779287,-0.8412466313567736,0
0.06547326447664374,-0.9596341386026308,0
-0.8886892857178883,0.4626708869899551,0
0.3978719284323552,0.16457879343685222,1
-0.4177976487392389,-0.16103694871477364,1
0.45874613627645927,0.8423392091558534,0
-0.05671931427520446,-0.45850046687254176,1
0.39786314513335963,-0.9834135507383106,0
-0.9973169514012498,-0.10961699402389541,0
0.9082559429974645,0.3241769242994744,0
-0.5977404838324468,-0.8096630589797275,0
0.4991612045412489,-0.060462889110586004,1
-0.24391961572977003,-0.509320386341163,1
-0.9940565508892726,0.17226552744795864,0
-0.8893373442492082,0.00761203690779123,0
0.5528970444086918,-0.15832336385380036,1
0.231350028898962,-0.37960791947561867,1
1.0106069926402397,-0.6002234991278415,0
0.4682198878809036,-0.36039532918404377,1
-0.41449020954222515,-0.9414079263916253,0
0.026782634142755994,0.5478717855741018,1
-0.33526005693742716,1.0689290812548486,0
-0.7195076178429767,0.8371685907195673,0
-0.5685365477674977,0.24610924488899003,1
-0.33216109617629225,-0.44560643249997334,1
0.45330820839721453,-0.2028945142938987,1
0.3791220060796133,0.03621933266554482,1
0.7067742790739981,-0.5619305592159842,0
-0.8493849110862289,-0.4088962107263971,0
0.05330757853366477,-1.0932165421920454,0
0.5136682348988545,0.09338238140605538,1
0.2563566406456408,0.45208469054097544,1
-0.0954545478919853,-0.9170808380422465,0
0.025424182120944938,0.5481370729209061,1
-0.16979868191710482,-0.4477443355521455,1
-0.3170440256786319,-0.8925884136383632,0
-0.5504859317991865,-0.7505564531238947,0
-0.11553343898280317,-0.5040466952762263,1
0.473340590856497,0.054920091658111486,1
0.4657678333440411,-0.41945877177937513,1
0.8865737817267321,0.13989716394306922,0
-0.5470441821571815,0.9688933968735508,0
-0.15007786857370237,-0.35353679281595146,1
-0.22329572047686122,-0.40248556892306275,1
0.4651231290514878,-0.08318567920568493,1
-0.4378040511204515,0.03227935923444209,1
0.4100971237433736,0.22912936286177357,1
-0.384515923013028,-0.20769296200443066,1
-0.8430335497283211,-0.3509158924833389,0
0.9040209105568772,-0.5476188409527588,0
0.03611738553424372,-0.44431237012961183,1
-0.3250497197815902,-0.23938191571046274,1
0.8422796776794765,0.6817600808526002,0
0.04790607561165697,0.5125730744068338,1
0.5625123001941845,0.10689630384417446,1
0.04326512786960595,0.4633381221931868,1
0.23054753599468547,-0.6468364125078983,1
-0.3706157506907285,0.32541662136863714,1
0.15045590546343385,-0.31879473814094056,1
-0.4187345485769388,-0.3061583791058894,1
-0.15549231710864683,0.5862344177348947,1
-0.0020364900751066034,-1.0365575116994987,0
-0.8221573254512917,0.6229664478751629,0
-0.8374209257350427,-0.3748932749226151,0
0.8809427959038795,-0.11631070625023447,0
-0.42285950474125944,0.2500042863526249,1
-0.514153645202968,0.1758953420477833,1
0.5515749314669637,0.0290831941072744,1
0.6483953522137803,-0.6741157726620263,0
0.44007871422082795,-0.0401783783586204,1
-0.006690707177002361,-0.47587676152192776,1
0.13124429795036643,0.5294383007679342,1
-0.4085513845901274,0.1964049489665824,1
-0.5801485761211006,-0.8971832884593202,0
0.8248401788823843,-0.44401875746713537,0
-0.8442381572680698,0.6191114392700506,0
-0.603840011782376,-0.8649159363435973,0
0.05371020933420265,0.3891842074040448,1
0.669562205292586,0.7905529373837362,0
-0.5136637097006335,0.8515235066473275,0
0.8256843974462419,0.5338533841632865,0
0.5069102951356272,0.10666887074696985,1
-0.8480602164136063,-0.3643174206408997,0
0.4405990331071449,-0.042652145881690126,1
0.34427844505810373,0.8239185279405685,0
-0.5753733272374657,0.7369539645509069,0
-0.9500816222358952,0.52615111383807,0
-0.5249157869974856,-0.11834270782912902,1
-0.31758146422637884,0.3835410529617616,1
-0.9470233797259429,-0.05969187668830064,0
-0.9282451692131942,0.2751214437204316,0
0.23067708753417537,-0.46521739387184063,1
-0.4724370753910606,-0.32323905452437274,1
0.5930301961278414,-0.09693548059823295,1
0.9864162582621027,-0.08034612634804975,0
-1.017669365123006,-0.03734252860440362,0
0.09537197256951004,-1.0460798260335586,0
-0.9633246716095117,-0.4273809796240199,0
0.48906741724738706,0.07843488991351183,1
0.6420021361606318,0.6116290772681512,0
0.5516348338831134,-0.6698987867314374,0
0.9098972963290052,-0.06043848312085366,0
0.9433911384632351,-0.4996937789949565,0
0.5050846084814623,-0.3284503648546794,1
0.20731369083654316,-0.31901347297924026,1
0.4801491111789866,0.14891593085272,1
-0.8916924817429452,0.27813626649271433,0
1.0230367079878426,0.31540389739900804,0
-0.4374419750395776,-0.9207143673264706,0
-0.43050901228051397,-0.013310389584786963,1
-0.4886895396009001,0.1783632083794904,1
0.341490634628672,1.128878325804503,0
0.3144581593638352,0.29573294975714154,1
0.9714102906777239,0.1314833312322312,0
-0.048415666433401915,0.40703408559532733,1
-0.7795581958144713,-0.747093007576765,0
0.469389205463546,0.7100130910171741,0
0.8759074136995076,-0.03492274219879557,0
0.6073229940689455,-0.8893201977901101,0
0.6957187518803342,-0.6262544541957265,0
-0.04781008323413565,-0.5580097394404497,1
0.268756109866765,-0.9570055974935548,0
-0.41711568860267934,-0.2879203769686361,1
-0.829213398993887,-0.7233866403181199,0
0.5453394417900849,-0.47569439279803866,1
-0.5625687705959834,0.1613147708841891,1
-0.26195896627278703,0.38714367091429475,1
-0.14784764764427938,1.1121792390180683,0
-0.4574119437961509,-1.114143426490204,0
1.1162703966833636,-0.04175262931936593,0
-0.8563472227810042,0.38551768439536416,0
0.2952454039954914,0.17234869957878868,1
-0.4495402728714806,0.23503039538203127,1
-0.41335140081121663,-0.891458227237042,0
-0.31253713335985295,-0.8913347800832241,0
-0.39916960641830446,0.06218645499474788,1
0.4215966202931551,-0.2937694364281644,1
0.02967371510756396,-1.0388961508973302,0
0.8709745957176532,0.4338264908338412,0
0.8978345474561514,0.04421602192981429,0
-1.0962414356051293,0.02478295514570849,0
0.6716056546898161,0.6129722416573276,0
-0.3275985391829348,-0.8834458846203604,0
0.8715172867944505,0.3815695381822389,0
-1.1256472594782982,0.015226963133885222,0
-0.41800415837920857,0.3295347014340868,1
-0.9718561715700127,-0.35160674074403736,0
-0.932384893784673,0.5638163612559648,0
-0.5590559577223121,0.7723417352576457,0
0.34933740906683336,0.8202195171170451,0
-0.6868503864966999,0.8389421271165391,0
-0.5494750990901842,0.7006535770786638,0
0.5029949683528339,0.32161254568998354,1
-0.9724743699520433,-0.49976416277982616,0
-0.5192747083977748,0.004346463775441414,1
-0.4814627376188243,-0.4295307868552472,1
-0.5981354579114115,-0.6733610967420073,0
0.0004353810813149672,-1.048340593909293,0
0.9855653361367557,-0.4956126193025602,0
0.31720741920900913,-0.3493788750749728,1
-0.017829669199469586,-0.3752236850975115,1
0.042203117178343255,0.3185782295358335,1
-0.12187629706717695,-0.8835144305459475,0
0.3365841985128078,-0.9596801790325253,0
0.20634137916124023,-0.3667895665560773,1
-0.21801385222278002,-0.44090366216837823,1
0.8199957858073683,0.10331588405461593,0
0.9172428870268756,0.3333865001650789,0
-0.2691990116034716,-0.3889595158441595,1
0.5550847479284363,-0.8838309152096802,0
-0.987395453875521,0.20838852250676065,0
-0.3991385038862725,-0.09048228656019193,1
-0.19095933635916634,-1.0074900034108718,0
0.3213936526071566,0.4202177582997193,1
0.8710529153803145,-0.5382185656272356,0
0.8957348654086095,0.13942487549877908,0
0.06799517168904731,-0.4076132978364037,1
0.2341222976277401,1.0134612814184092,0
0.06747263518900481,-0.8425759060666542,0
0.28733807732547534,-0.7798415061179877,0
0.6080890144458528,0.24172060959873248,1
0.3705542028109387,0.3329830263277516,1
-0.43156174432453615,-0.2123240958071216,1
-0.3915028008248398,0.39294792242902465,1
0.00888705856923688,-1.0365371095053344,0
0.47043970031774923,0.15407112568484863,1
0.8471837673630711,-0.4729750895624375,0
1.049266330458798,-0.03703366504830016,0
-0.0005629839270044346,-0.5068817361400098,1
-0.36396944201686837,-0.8069759659393878,0
1.0769689711571722,0.30585466572245107,0
-0.22876130776674636,-1.038601066094222,0
0.5394922120026068,0.17475381481042704,1
0.42474421185149736,-0.48488444597603697,1
-1.180423830400409,0.056239598669548835,0
0.45194774917489644,0.36902250541118053,1
-0.06842438028594977,0.49534380549962176,1
0.062357508310724175,-0.4469943271886069,1
-0.4171579659722644,0.41022004428543585,1
0.4935424579906616,-0.1835471345010831,1
-0.14935588830210245,-1.1335040949179649,0
0.2505079714736639,0.9891544231722955,0
1.0691427446429105,0.04188039523476978,0
-0.24023803077559214,0.35409440146834736,1
0.805387660561123,0.7281071210681426,0
-0.44287414201984326,-0.11605419886821075,1
0.23108923832392875,-0.9645726458937844,0
0.9655666199917615,0.12632297165584927,0
0.3381360809450188,0.48984160110011055,1
-0.735443989205709,0.7214874538509277,0
-0.2358352219997456,-0.4759487289030005,1
0.39827795702267965,0.3048276157404841,1
0.42422319659965607,-0.4321359286685223,1
-0.4430154987139317,-0.2507234702098818,1
0.33130242123158543,-0.31942906990163134,1
-0.8887467721549559,-0.5466026796843642,0
0.41731735517987845,-1.098555152503663,0
0.3868542388644639,-0.9774493757555783,0
0.3027101739913023,0.7405890909005108,0
-0.4694001360385424,0.44101138797169936,1
0.5556831301011504,-0.3002000867306711,1
0.6202972689797179,-0.8510502560143719,0
0.4140611903927178,-0.2165249406717359,1
0.010742688925296395,0.3418496272975663,1
-0.40817597087468105,-0.1392581666727106,1
0.7273201728053352,0.48488494346296374,0
-0.9182538659275059,-0.48042126206462954,0
-0.36144719348050547,0.20463638556576597,1
-0.27707201215380006,1.1375990426458082,0
-0.5598897096592544,-0.1488378947836737,1
0.3544047084480329,-0.923345160768113,0
-0.4266113407979686,-0.05921553040084651,1
-0.19465757731038044,0.8334709683499728,0
-0.7136057313024337,-0.6760384395423111,0
-0.6028728133418555,0.13041403158380502,1
-1.0416396677708235,0.23562110464952435,0
-0.40929716835103125,0.07302630201865351,1
0.8658256403162862,0.585760764965326,0
0.2607421399260888,1.0431211670022278,0
0.9113811627510826,0.35917148301618307,0
-0.06761236440561627,-0.9230275335320317,0
-0.9814181056179072,-0.0930038196187632,0
0.5752020803214859,0.5042561046214984,0
0.6532129195350724,-0.7683800317005044,0
0.5858097296854315,-0.1759514908781138,1
0.8638023974450236,0.5307653000065502,0
-0.44004544299242765,-0.4029628006987846,1
-0.9093200046197338,-0.7219178406644384,0
0.24793027832009773,0.4823356488084363,1
0.34348832025308573,0.17259008541428783,1
-0.30898642146726213,-0.44850754261214054,1
-0.6732743932630453,0.0597645581304084,1
-0.26846920351712156,0.960720746274591,0
1.104633395456311,-0.22022391531193905,0
0.18614074737803707,0.9527151565978959,0
-0.10388973574574639,0.8718774470226315,0
-0.40788105262964214,0.30244595307222866,1
0.8776965523711756,0.16026798770499157,0
-0.46323692005071837,-0.9587270795746021,0
-0.6196071169207636,0.0428051020825745,1
-0.49359339048784634,-0.3264631698935696,1
-0.4559545357109966,0.12844742162909453,1
0.44754282565353537,-0.09527355527969116,1
0.6490846898106668,0.04843359538311307,1
0.3344960350503737,1.0005330840898359,0
0.22057266732954262,-1.0371831436682033,0
-0.6211814990136516,-0.7105483207310345,0
0.28470423031238423,-0.30078667301917117,1
-0.845587927932278,-0.6226237435175198,0
0.3233507936059337,0.8704838847105555,0
0.6795159479698999,0.7842725023621997,0
-0.554981722043526,0.14191872986441526,1
-0.7117969881872782,0.6073141933336714,0
0.10882434066582153,0.5399615891382801,1
-0.5799967522264853,0.14443334062692492,1
-0.1938666139773536,0.8617202017369706,0
-0.4909363464582333,-0.07768844599811868,1
-0.4753021872341887,-0.3527869233843166,1
-0.505283160502053,0.08981062212479556,1
0.8447372712712558,0.6063179336224056,0
-0.9630687403838557,0.2267346707349326,0
-0.003231169151575064,0.4388563309188613,1
0.39946693795836075,0.953280310121182,0
-0.2975709450944538,-0.3902054558942955,1
0.3900240287625003,-0.38286383309693356,1
0.8493672284990329,0.7838458850457131,0
0.7145097293510544,0.7093789384327203,0
0.048156627248756245,-0.44409161532643887,1
0.9474947355806347,0.508114087793102,0
-0.24586073600531336,-0.7978983429029547,0
0.56417834218869,0.8276205118044077,0
-0.5832401676502518,-0.22493530669883985,1
0.2147524826521875,-0.428288571902332,1
0.8172012431711951,-0.3140969986038848,0
0.9527176331444708,0.3955747357301857,0
-0.18221577389089827,1.0011384739930578,0
-0.9082435511263314,0.5911537679183688,0
-0.0712961503321167,0.9398722572352085,0
-0.38891076965446203,-0.23166548367187484,1
0.4538276344434427,0.777231378586192,0
-0.410329597917167,0.9128902712859631,0
0.8744290312723247,-0.42541849942351495,0
1.0191678062903964,-0.09305813674401636,0
-0.8692758159292678,0.12426908492799167,0
-0.4744154301042089,0.27959009604986995,1
0.5771062217548563,0.9703370044211908,0
-1.0442755116881326,0.13260448946859726,0
0.4608711100271008,0.9530216686285216,0
0.6520504808086524,-0.7318059482576373,0
-0.2047927379694422,0.3525925193556865,1
0.46114745273636765,-0.6908361189031631,0
0.7935358044423282,0.6565885738714979,0
-0.3891749021725736,0.2482274675643979,1
-0.1318401927512794,1.05444797150677,0
1.1654740642949466,-0.20916805516224943,0
-0.0607779024226897,-0.5156799174135303,1
0.5777075586737301,-0.3724730896201223,1
0.29192195186813147,0.8137293933013402,0
-0.20100550568088277,-0.4807047524124387,1
0.5065307180287674,0.7488755133577172,0
-0.17404481601519875,-0.4692235257683552,1
-0.21004104379577673,0.4295252628426792,1
-0.22412495971136653,0.5061658358643081,1
0.06335226294772933,-0.5026696846172045,1
-0.5400169007134026,-0.10142665504782761,1
-0.3742706172519944,-0.20004113218232697,1
-0.28058122373251515,0.21111465095640633,1
0.4575908901837685,-0.2944089758215594,1
0.570687554192953,-0.14006328311170627,1
-0.5766358745207608,-0.7636279111068304,0
-0.5145425042756724,-0.12526595786831451,1
-0.9868752908796966,-0.09797252418088988,0
-0.07197242471048158,-0.5001752515764563,1
0.9137222313814665,-0.585400596260913,0
-0.7295787578577427,-0.8007385893877446,0
-0.33157787568376135,-0.4238365211500125,1
-0.5010996702176755,0.7897181085984344,0
-0.9815261118964537,-0.5180416367635742,0
-0.30949092064155703,0.3667364417345792,1
-0.578141586084026,-0.8091136569340316,0
0.9799875913867916,0.4499540318424476,0
-0.20328288288468108,0.5050723567369385,1
0.874805176630395,0.3450981174451218,0
-0.08978333769477598,-0.4597631960217881,1
-0.3135075362088358,-1.0398816649079516,0
-0.7041459438173365,-0.4072692561316068,0
0.10772155261279563,0.9314784292345952,0
-0.14960577420220184,-1.0288690793365438,0
-0.9310228245929972,-0.6159756861743578,0
-0.5132124725769099,-0.9296091359451432,0
-0.8546733204151975,-0.3720259803984698,0
-0.7988857960591277,0.7839191899741211,0
-0.12168068984728114,-0.3407180409884768,1
-0.381446522192668,-0.6963163884019309,0
0.3284960639593724,0.9258057622703435,0
0.4413581361542123,-0.3170659165262737,1
1.007164210869791,0.505453693639674,0
0.31716080744323427,-0.14857302893031257,1
-0.3229748417814783,-0.26230391801747,1
0.35046667796252345,-0.40713327974681696,1
0.0656177112403634,0.9688727437439235,0
-0.01075314133981621,0.9891671056773795,0
0.432641201165115,-0.21394616956312745,1
0.5702593282814941,0.8160588091095625,0
-0.6494060837459358,0.6927101686625974,0
0.06405663683903179,0.5431552181947414,1
-0.5746835426864825,0.8856248475094541,0
-0.4714566517832971,-0.8779889202101941,0
-0.2465640105914157,1.0023117908953092,0
-0.9846328991250519,-0.32224955118764714,0
-0.5018166710473289,0.9836536962492403,0
-0.2552630897087618,0.3300835951683095,1
0.7665352597423598,0.33368498762376175,0
-0.15246296456165642,0.9407575357440024,0
-0.4645358297174032,-0.8665952900910775,0
-0.07348276113411276,-0.9882164373469475,0
1.0281888163553985,0.5073907755590119,0
-0.24162469860025126,-0.8280583848259452,0
-0.9117186420441691,0.5684640587236935,0
-0.8651750440538889,-0.38940570302065436,0
0.29069006231489125,0.29114044853616833,1
0.19268187726746697,-0.940400620725174,0
-0.20748732331618236,0.9280371142900957,0
0.8414646858773827,0.3370273040630526,0
-0.5466293146677572,0.49155142482077135,1
0.3572333497849194,-0.25865743406398023,1
0.3087820169686241,-0.4284619370752048,1
-0.16606773683834347,-0.6422753253367971,1
-1.0608024491610755,-0.04603943989341574,0
-0.9430630798657487,-0.4831970803138698,0
-0.2377987423611277,1.0826713116213427,0
-0.9776160317003098,0.48209179675157515,0
-0.07291629111755933,-0.47378520591587,1
-0.37377603252400105,-0.5389324071283239,1
0.4126935536884215,0.3063926899918682,1
0.12537064649280125,-1.1160187108531665,0
0.45829305407003934,0.8731789516268122,0
0.47844472050245174,-0.19358294648913063,1
-0.3902847796777025,0.9227013133075143,0
-0.3618361932353103,0.14327713956228275,1
-0.7121496960791068,-0.7858822032343065,0
0.242980481428217,0.9553999023547683,0
0.5867671054580997,0.18552802576155328,1
-0.022418322230734103,0.45678741285085844,1
0.5144089734069672,-0.2709321172362968,1
0.7720310973712614,-0.6813898891185087,0
-0.3731532810330358,0.24461892644958053,1
-0.04526634383234861,-0.5202995634708546,1
-0.6169009060819799,0.08625765437930431,1
0.42123993380146046,-0.35984484310587234,1
0.8376252140832537,0.1480142905803022,0
0.45847377918665694,-0.37827353364490846,1
-0.289060900024632,0.8900616505561438,0
0.49023569891546226,-0.2202014507168804,1
0.7577079625085006,-0.49070421934124164,0
0.3933514693148685,-0.35285004916863755,1
-0.5585458929036051,-0.2022430967048236,1
0.5800088583677511,-0.1128082415658551,1
0.771174937359798,0.5299853920101273,0
0.23795492181644545,-0.31259461354276974,1
0.45726007572545,0.8269636895574616,0
0.023063801137806067,0.4498880140817796,1
0.498453520478028,-0.07121784277898957,1
-1.0644657713261623,-0.3380928261200843,0
-0.5604830815988868,-0.17244286202225037,1
0.5390675167742581,0.11622721679194076,1
0.04530049837152515,0.4623545587226444,1
-0.6831670577981462,-0.6231499810664841,0
0.8916525641935166,-0.04490283245266022,0
-0.6529428984578602,0.751928669526961,0
0.4773899596809705,0.8529844454348565,0
0.4902012071954863,0.1971703665489622,1
0.23701887703234417,0.5251057344171283,1
-0.5222782102643622,0.7828433881866743,0
0.15766813610875122,-1.050851483266964,0
-0.6942019255849847,-0.7235269408196842,0
-0.021648014077323263,-0.6149356778310852,1
-0.7354831673530579,0.6391207046968902,0
-1.0017955910715577,-0.23714166501710257,0
-0.475751495994213,0.07115759975475322,1
0.7692165395776067,0.6482552940620229,0
0.1827363801997741,-0.49850493075341024,1
0.2997981085883943,0.36129080941132863,1
0.6420684398198715,0.14133070077717808,1
0.9024669442930043,0.34499883933153863,0
-0.46325693491225534,0.2179601371073705,1
0.019814979226885673,0.41989823797566944,1
-0.49829137867572093,-0.0021488657222618716,1
-0.1569381628202216,0.9761362205732522,0
-0.3686869074370984,-0.0039246638378874,1
0.8334451624359227,-0.7047708736671737,0
0.18193445417172951,0.4059306171287772,1
0.4493677382080846,-0.27648099200813286,1
0.3273403491279585,-0.3462049163908172,1
-0.3864365569924137,-0.05978527461636096,1
0.040859705292267984,-0.5207589685453055,1
0.22826021138622277,0.46948130091795737,1
-0.26577193871342664,0.3593608488593273,1
-0.2986846375941408,0.888572597824459,0
-0.6340498378908946,-0.779050560451835,0
0.7976137743033885,-0.299970665974233,0
-0.34422106531479557,-0.4648794723629199,1
0.6480986047247055,-0.8340138502097504,0
-0.05085902176335301,0.9605137604912684,0
0.087786050288626,-0.9858988675486701,0
0.8072710512136371,-0.4897345822070748,0
-0.2144354079906397,-0.9774412504151221,0
-0.40089637386283405,-0.47829595343397796,1
-0.726286687165578,0.5033282694503876,0
-0.3723434561074205,-0.2838470142283146,1
0.7307089722007525,0.6983181667221299,0
0.23265176496790207,-1.0610440070723526,0
0.06537939446599425,1.0193897345197058,0
0.9048232269676896,-0.3915088533015931,0
-0.3890563634250715,-0.37845612240922705,1
0.506820272244143,0.17646012956927298,1
0.6086090133805756,0.8892775913476689,0
-0.2903198463729822,-0.3555344829154582,1
0.8526964041532944,-0.7667203650926505,0
0.2938603265860542,-0.383025636388316,1
0.4941531618816889,-0.21551638062687792,1
0.2924561014811694,0.4223533510120675,1
-0.6097800051280927,-0.9211888979749938,0
-0.5498061924464932,-0.004696936343614427,1
0.45233597644320955,-0.21433783568268552,1
0.2081616747493577,-0.5143120575554938,1
0.6264617653706092,-0.7362311784532141,0
-0.3236037406675945,0.9335382739640945,0
-0.3900403065606708,-0.21054105532060946,1
-0.8405103632838402,-0.5496468375020075,0
-0.5530318859244678,-0.05679278809423955,1
0.31661526156981323,0.3968171394299157,1
-0.28533687193726154,-0.4001944269915082,1
0.4554918702501348,-0.29389590861138626,1
-0.43982804194357067,-0.18855719144429306,1
-0.11744841855613836,0.39591874759758344,1
-0.7375946019082562,0.7411274417533498,0
-0.2811062541361472,-0.5298675066937616,1
0.08895720148445918,-0.4084054233522938,1
0.8408773572055385,-0.38523744897515166,0
0.3617461726639151,-1.0837564743503347,0
-0.29151208658924216,0.942910522308904,0
-0.11351958416497426,-0.4676038644393122,1
0.3369140793940465,0.30190036810200405,1
0.438152250263673,-0.24797858501320066,1
-0.4889645161369212,-0.21882337387599227,1
-0.373806882161443,0.305700035361793,1
-0.18617905863384096,-0.9695495683249971,0
1.0077416948672868,0.1924083003557181,0
-0.4786897792392736,-0.06978330235483898,1
0.5598705655317416,-0.07629943864051592,1
0.18117962070886529,-1.1417350625608689,0
0.01756860672071544,-0.48396618854715834,1
-0.9604980967977932,0.42865983561122084,0
0.23126980133322533,0.43488399727775273,1
0.37742730203121705,-0.981575940784889,0
-0.737875949496104,-0.7489871758966914,0
-0.13466852745932525,-0.5604422300941924,1
0.009134949620956637,1.0800327586678284,0
0.4283791608819431,-0.8971838972302858,0
0.8667523373480583,0.5184044206551722,0
-0.11142774141931158,0.3662562480554367,1
0.6873301737515087,-0.8251475243982991,0
-0.381896424903723,-0.19374046918998394,1
0.07417465957049091,-0.42870940854592193,1
-0.26464620104940006,-0.41979010305652,1
-0.0823896020346179,0.5245039990911218,1
-1.033940482796689,0.42761790276913886,0
0.05276237803511228,0.5599697117161838,1
0.07110090317869075,-0.4464503600422298,1
0.7644349883204942,0.6927784598761009,0
0.5625778513518387,0.8105683450363261,0
0.10665801687690589,0.9440192794576138,0
0.1793618842075039,-1.0207106166411155,0
-1.0321138762234867,-0.06207796587164854,0
0.840874598938612,-0.5078307905638055,0
0.3018059864543152,-0.9411785739916596,0
0.9353531089392516,-0.34931165211339044,0
-0.3969490024772714,-0.7779993100375612,0
0.7234188505143158,-0.734607278784782,0
-0.2027797220538872,-0.4950520421095162,1
-0.123859735381084,-0.4758238662383437,1
-0.9751678518026126,0.2617807354543975,0
0.7872000364128202,0.38576169660254955,0
-0.593245006424102,0.31496366630662676,1
-0.46699825813316564,-0.48816214161400917,1
0.08423704220022882,-0.5376777121068195,1
-0.15803990576933147,-0.4977901520924918,1
-0.4334433266544846,0.04473682391514687,1
-0.5354719980901469,0.8024988954589588,0
-0.1364988228463611,0.5099088445106229,1
0.44466232885106505,-0.16061035008892013,1
0.988680987339277,0.5564449961232442,0
-0.008026448661021632,-1.0174451319469497,0
0.5665585320427072,-0.11826203093514082,1
-0.9524632103465338,0.2683306821209394,0
0.7358737584943934,-0.714846093836832,0
-0.42962445029840846,0.8469940030848468,0
0.1009956466698531,0.49154463030848616,1
-0.8360974816784517,0.4824737344417488,0
0.975456792989429,-0.1955360648329082,0
-0.39598410838424186,0.46068436963754017,1
-0.3750201413557458,0.2974828632562979,1
-0.4624168945340265,0.11997436638783697,1
0.9532008774915774,0.36194567190185256,0
0.7284201541472355,-0.4759551059854982,0
-0.4647396076252232,-0.202377077830468,1
0.7421689634052242,0.5186965060166998,0
-0.8556774841121031,-0.3682255930049183,0
-0.7522713621094888,-0.7678782037253167,0
-0.888162158469382,0.7574319240117326,0
0.4035640871330023,0.02517649045308104,1
-0.14700130246473422,-0.4788425370664017,1
-0.940744821673943,-0.35986671794689884,0
-0.9235224731227867,0.4454741827780174,0
0.28341245382176933,-1.009172221146825,0
-0.10660099696456092,0.46608027849762185,1
0.3819484544868203,0.24132165105954395,1
-0.3347694373057507,-0.9313211749837713,0
-0.24030823424206854,0.46619735522487415,1
-0.4236982915741856,-0.3213176205737902,1
-0.8767168672363896,0.5636573585219855,0
-0.15012694374005459,0.48264868517742393,1
0.3022272452987881,-0.4198920385716745,1
-0.2437025919932098,0.33315136063121187,1
-0.2942946908585501,-0.11724472593264063,1
-0.24545023202216856,0.9323980631254388,0
0.4722015705763307,0.15640138062148765,1
0.398629737102792,-0.897574792297327,0
0.40456768130827914,0.7503239386708951,0
0.7500335484214142,0.6405464472712341,0
0.09020842338798102,0.948097264813837,0
0.45767104409573384,0.40148822306956583,1
0.5501081716913755,0.20062904623094377,1
-0.32564489636774746,-0.9553838031348565,0
0.7957553344115371,-0.35679644661912513,0
-0.46736809578477245,0.7752229789430793,0
-0.8500247359308426,0.7667266849044171,0
-0.7887348637329976,-0.43865386465027756,0
0.32062477628751346,0.36927787983376065,1
0.4305688337809646,-0.9370118435605034,0
0.7884681926085932,0.6412813508214736,0
0.28523638871190493,-1.06115641662587,0
-0.40413164358739145,-0.16704335819797494,1
-0.5716209975867279,0.3303082419829936,1
-0.7018369596869978,0.5632319977316976,0
-1.1321050721682657,0.06653157745749118,0
0.7113226616136931,0.6368841203639962,0
-0.30189416085943266,1.1039236132533203,0
-0.054813029170021524,0.9752863641464489,0
-0.4163389585169281,-0.3109034164897229,1
-0.05661314570905274,0.9663546852177958,0
-0.8592225712088232,0.4059167699013,0
-0.4281813068067126,0.7535702101532884,0
1.1838798598496332,0.07018680894093285,0
0.3024694053508843,-1.0003287640611005,0
0.5510581750753879,0.2521118273269388,1
0.0067606968420459174,0.45296018501403223,1
-1.007940102879008,-0.0702976938878972,0
0.4826598608022353,0.13422986937393028,1
0.6276044234125325,-0.09310494601315833,1
0.34869079764843236,0.9809335539819926,0
0.6250709781806059,-0.7371768339619423,0
-0.12770032984025595,0.5373227267814356,1
0.23293913510566147,-0.42383814229395095,1
0.08532008675734212,-0.9950960431338879,0
-0.5663111248255911,0.8634662726297784,0
0.17121733608586368,0.4474411660087222,1
-1.118301635839517,0.15779426565002477,0
0.43502074866638474,0.10220746952267254,1
0.2660212848688206,0.9423235645326831,0
-1.0738254444898836,-0.21032032262847733,0
-0.4734015185385811,-0.10383225947202775,1
-0.49151131327242414,0.9094641083683317,0
0.32546719659051765,0.8976434892951943,0
-0.640842551703263,0.23898748942916723,1
0.8154809876294047,0.562454142109885,0
0.8697601553325426,-0.28900401945182524,0
-1.0353872876844126,-0.3152562060406582,0
0.46219136284945805,-0.2001229331649458,1
1.03330201420915,0.19764260585292262,0
0.06996436570125382,0.9154275762051085,0
0.7766304690749255,0.6379646449904088,0
0.6915225205638217,-0.6431627378110423,0
-0.9467651190051017,0.08922522534847249,0
-0.15758277267616788,0.9221702686528784,0
-0.9394774049064207,0.6084544212435695,0
-0.5542597233042202,0.7696086405699555,0
-0.29718908307700287,0.9927217055264114,0
0.5320876814943715,0.12516386434530025,1
0.5688473980755708,0.8374776599212564,0
-0.8475605372167224,0.3768255298359191,0
-1.0090859197902269,0.09969944926156055,0
-0.3898297610442724,0.8328174123284612,0
-0.18024509590376053,1.0295651004491484,0
-0.5249975939183997,0.22581427486307112,1
1.1679305903514434,0.03307738210383811,0
0.0943493515995284,0.45698432908058895,1
-0.9453228766270613,-0.5799262043439286,0
-0.5705028264054183,0.014990288079331861,1
0.8697156712334886,0.47982351157128805,0
0.31336177087008493,0.43020351730788187,1
0.07575755322571141,-0.8914135775203855,0
0.30035242442230825,-0.37857805504183123,1
-0.3708879792572054,-0.39932170859307425,1
0.7364963642899257,0.736715626841287,0
0.8055031390204878,-0.4409138489570308,0
0.22718214913331178,0.29710287357254705,1
0.6923081927579922,-0.758657971438472,0
-0.24196099375665867,0.486789486547806,1
0.9345441564695336,-0.2689514977942077,0
0.38593249415626013,-0.8666536938505583,0
-0.8912213714341066,-0.10714458050445475,0
0.934596394248569,-0.23433017380274668,0
0.946006965628863,-0.3017602579333208,0
-0.45144663353757786,-0.30299554852639343,1
-0.27869898122218023,-0.4374396641202665,1
0.09183052304027128,-1.0476496282108279,0
-0.31477770107330694,-0.40272520419552477,1
0.1188491516969185,0.372562311971467,1
-0.33508534018099545,0.2435431324757681,1
-1.0122010388244744,0.10514372485484162,0
0.8622641340585809,-0.2923115569833533,0
0.6863152803331631,0.6513576183273131,0
-0.6580880411466061,-0.10459557071140796,1
-0.7139931749844286,-0.5893693312230727,0
-0.29660214886891867,0.4344781801766683,1
-0.46037969206568274,0.9028362907831347,0
-0.02406044440076434,0.37820187956232143,1
-0.14757154400845524,0.3035734334651799,1
0.2721377640811826,0.9415923997006979,0
0.2581298763530174,-1.068232116367044,0
0.31707129565589315,-1.0235407761433815,0
0.14999776959734207,-0.35874777289362414,1
0.07197459336098719,0.3240741190001024,1
0.002925398142893283,-0.538597953235566,1
0.9215367219884038,0.2024781188099829,0
-0.08014745109476755,1.10521822077762,0
0.7828595876108085,-0.46815728599568407,0
0.26301085400682755,-0.4644895333471716,1
-0.7210054179098078,0.48284791446444664,0
-0.40119362194874497,0.3266064998693906,1
-0.07072914453178085,1.0269826284503385,0
-0.8555410176698657,0.24868772209433293,0
0.28367343983718496,-0.2913433651470139,1
0.44141634333004265,-0.03189707750568932,1
0.7582315384380838,0.5754352752337897,0
0.24839593257796164,0.3682937074270167,1
-0.5106256518457181,-0.7918683186122509,0
-0.9892011887070657,-0.16953592313666374,0
-0.8067417713196363,0.4577204235417756,0
-0.33084916496239414,0.3215932177709894,1
-0.5166055805840387,-0.20491629986550317,1
1.0334588278827685,-0.021409057627275543,0
-0.8750087133296951,-0.2443592696749581,0
-0.4000988688898016,0.10995825418347037,1
0.6349791979059499,0.004506164708201116,1
-0.861403316760635,-0.6966784687348644,0
0.07928560729754158,-0.5106648532032027,1
-1.0497892841987724,0.020757481069511193,0
-0.37397056659679284,-0.922158460537006,0
0.1258595130954753,-1.03320687704206,0
0.4140573648908179,-0.2532864968581021,1
0.9581056475794857,-0.31686597818137735,0
0.10601127308267784,-0.6045448852429445,1
0.24642943153375732,0.3951639518089606,1
0.5476788932739691,0.06256479587820232,1
0.7618487486105011,-0.5961942919735127,0
-0.6820846260848684,-0.6981056568488393,0
-0.0450087926825303,0.5983726113831693,1
-0.2436400370447645,0.9426111039210574,0
-0.5585495101782229,0.39168687643187083,1
0.3926960080621621,0.022431427734170353,1
0.5123760877317148,0.8861992559588946,0
-0.11948757607400827,-0.4803309528364029,1
0.5090720326645185,-0.7983230111815998,0
0.11374865253225368,-0.39470603989396996,1
0.39305690601228493,-0.3807061913479807,1
0.48526317544311015,-0.17842646741450108,1
-0.4821420719961556,0.23339565661034328,1
0.4084419127559028,-0.03344463942327197,1
0.6377096891317288,-0.6160601539705322,0
0.4229583920312453,0.9516754075062499,0
-0.27606685528233027,0.2862758483951958,1
0.1672585568106914,-0.3328847343889544,1
-0.46069533465106616,0.099211761054858,1
0.7849214259373526,-0.4545726650486098,0
0.16845369040534705,-0.9682826566206301,0
0.5725578885343355,-0.16193885646312894,1
-0.22541422530812188,-0.5070656924907313,1
0.010242675203925009,0.6509796709276269,1
0.9320040252379975,0.21486529320778372,0
-0.9340445893015352,0.037200243976316716,0
-0.9934174514537936,-0.19496008965910688,0
0.9940745169538565,0.007394111145554494,0
0.8558671876751196,-0.35015210441575834,0
0.16689225590825646,-0.5439993738103963,1
-0.03284699512052468,1.0745608188411244,0
0.7674076209881566,-0.7479469247295385,0
0.8768875526094839,0.4908438777379515,0
-0.1241041050018038,-0.921136162819404,0
1.0861677225887385,-0.07923224701278915,0
1.028557086701093,-0.012967075117023202,0
0.9725026984146082,0.369548883295143,0
-0.18328540192506787,0.49513076071285106,1
0.44661059758510896,0.013520862772113958,1
0.0005041569627344255,-0.43001826332410337,1
-0.328205770194231,-0.4438017975955165,1
0.7283531104189559,0.44762667995049454,0
-0.49720992263938774,0.2294114006504229,1
-0.011979098448433187,-0.9255701705822376,0
-0.4410948349065156,-0.00297671504614979,1
0.4813146771138069,0.8418859735780779,0
-1.0282349354918456,0.5908235665936902,0
-0.740735895403969,-0.558480554244756,0
-0.6566764262844098,0.7145871280192766,0
-0.4542471584897827,-0.8854925715147937,0
-0.04172525770981231,-0.8332539985433981,0
0.4435210136944549,-0.33989969404729753,1
0.0027283094631507,-0.5034390146468829,1
0.5371235158898932,0.383975115869719,1
-0.3119225194965869,-0.23089117918876115,1
-0.8809764411271347,0.45540928621146975,0
-0.5762055320155796,0.2139399999312338,1
-0.021025295089056734,-0.4095403703883802,1
0.39456165016148825,0.37542369515363777,1
0.28140147690269157,0.37647807364028124,1
-0.9407935935121166,-0.6465686901354211,0
-0.43668655684442464,-0.3320381774045679,1
-0.9866466346648911,0.1916339305100464,0
0.9771683619958538,-0.28153553700278533,0
0.8545577726303575,0.6847142954482923,0
-0.8485314364069193,0.5569531879254691,0
0.38672485780668236,-0.4000712840806389,1
0.21454164160337946,-1.0194550071750135,0
-0.04853426446619656,-0.42363969199631435,1
-0.8724121915114046,-0.5175736348258763,0
0.054913927417388674,-0.5491774586359753,1
-0.3014196189667374,-0.3272727840779043,1
0.1237103352664842,0.550634203001955,1
0.18427791710416863,-0.5354041375094882,1
0.8120574069560847,-0.5193699454942164,0
-0.235514475414091,0.2536654594574801,1
-0.8707302954919732,-0.6326349363488978,0
0.1262926558917296,1.0098711748364977,0
-0.5487852764081871,0.16663125032113726,1
1.0965517543868615,-0.1671215194817007,0
0.0023002684829754524,-0.5447330984781783,1
0.9458216984620816,0.3344485030068093,0
-0.6548962365228825,-0.2026578538136521,1
0.9565349491866896,0.13834156562083003,0
0.032873001840947325,-1.023094284008575,0
0.24764739586690127,-0.4129619742400697,1
-0.8024232248609875,0.5333507037027417,0
-0.259375109673225,0.2869027498838547,1
0.09594748596113127,0.5213288898546615,1
-0.26295252300881955,-0.9331907809080416,0
0.5088674551600143,-0.06737339155406889,1
-0.5685051190099987,-0.11973826421237709,1
0.47531822753574665,-0.2162918904834525,1
0.2653315239935147,-0.32753136038549513,1
-0.8676029963015953,-0.09432492944158762,0
-0.9816502540527149,-0.5114338379060785,0
0.4731609643263437,-0.1370450314187203,1
0.5373169283039749,0.8100121833055315,0
-0.3726312612044395,0.21996623779224214,1
-0.3995946179121038,-0.023697523843562152,1
-0.46620819641880834,-1.0161303011992513,0
0.9129174845909812,0.42052745864710983,0
0.91509743798,-0.13284988275352494,0
-0.935721809512386,0.24923187862354684,0
-0.8715396081509706,-0.6446441802885514,0
-0.8893735860297862,0.4186434868478565,0
0.38471855798221705,0.30653427064488104,1
-0.35016465442780365,0.3903241662973897,1
-0.2641259805797879,-0.8464916918393427,0
-1.1113329569321355,0.2046307731944034,0
0.0933427750889283,0.421055517178675,1
-0.2947457556109987,-0.422855100478559,1
-0.3183551482503419,0.33114578919889853,1
1.0476033878872448,-0.1744208183313597,0
0.467720910759722,-0.3748287115417815,1
-0.8658750047011998,-0.38484833057234613,0
-0.7436599663954999,-0.5095260618971628,0
0.7195909441452971,0.6366014278915263,0
0.36429716115797606,-0.24558584918997844,1
0.655202428084303,0.8200201079554158,0
0.7020963029442547,0.7499777497563695,0
-0.755051338885003,0.7500839006930584,0
0.04058523388158787,-1.0426448646298734,0
1.0101969967648912,0.33706858002906886,0
-0.23415043605929498,0.29130004010079225,1
0.37759470430755104,0.31269268458469723,1
-0.29921891609126156,0.2030281013085672,1
-1.0274336826648933,-0.38130553680590556,0
0.41148763243169406,-0.7679230752017965,0
-0.3320343188313282,0.8631535827358957,0
-1.0358247807179022,0.33825525317146854,0
-0.3669323936402874,0.2625791469207745,1
-0.1955491998985176,0.5300150682186372,1
0.43645806044080415,-0.2614246810350865,1
-0.9079815008724383,-0.5743228705007004,0
0.22505776092407542,0.3522835508749197,1
0.14622352048478937,0.3448351792080936,1
0.4453641593355728,-0.06451556036774903,1
0.05056287833391346,-1.019960447538846,0
-0.5612393391114263,-0.9590724314238114,0
-0.9740624249046732,-0.055486398421749024,0
0.9853548376104908,0.2847329501632039,0
-0.9842806825117563,0.11687696628827896,0
-0.5761797804267199,-0.12289127482580961,1
-0.3280035872959455,0.5119179924090911,1
-1.0756119412359793,0.27343884340938407,0
0.20897760943537472,0.5293912445550529,1
-0.36104445608562635,0.35176711299739677,1
-0.49393751003184744,-0.07391469914341114,1
-0.24702339922643546,-0.6347115711805684,1
0.039773844303849254,-0.5121876784393937,1
0.6148688373832036,-0.06471114952201368,1
0.7142302700969013,0.7291795548536373,0
0.15743271045677634,-0.4466425587298405,1
-0.46438296390547523,0.8376231725715905,0
-0.13071766756168995,-0.39294589736358015,1
-0.4698526303186367,-0.1902114760265575,1
-0.7683504879002724,-0.5745161272366445,0
0.45170798846015836,-0.18257875275467034,1
-0.09398019397941137,0.9517904353609422,0
0.46124788855752874,0.2167440650846305,1
0.6514720063857123,0.6830181408534699,0
-0.9144072462097511,-0.36107718862405713,0
-0.3539128602558053,-0.3546092098664803,1
0.21968120558309606,-1.0846220238621491,0
-0.7149917079124466,-0.09343219114778793,1
0.7822330225914654,0.5615333117643448,0
-0.4608400173845672,-0.25332934194481965,1
0.6882283029534733,0.6674681452699289,0
1.021613885725446,-0.0048615392479301744,0
-0.025222208095317934,1.0138607134456732,0
0.9411242333500709,-0.03441018259193683,0
0.35420498650918214,0.1926377872646621,1
0.666349883636385,-0.7275684868018574,0
1.0302172240203773,-0.1861193692199939,0
0.04932236824262521,-1.1043890883176346,0
-0.08263895474282634,1.1919600159319619,0
-0.34554526112846384,0.3862083726581328,1
0.6468907259164227,-0.7619018410802094,0
-0.20487505216473123,-0.5142245827491656,1
0.6181665262430172,-0.7898726216338113,0
1.1122984252933914,-0.12119459831831374,0
0.4506121227761383,-0.4788118169868064,1
0.9359086530704892,0.28634438332714574,0
0.981705540230549,0.6018546392383235,0
0.17968879842051738,-0.5679055051392431,1
-0.8266340113786674,-0.4483093336908158,0
0.3315313187274272,-1.0195206297788881,0
0.4360360688271482,0.9495819727276223,0
-0.4725926307234893,-0.09564651111112053,1
-0.046479776292716206,0.5614924164677185,1
-0.9084453914988171,0.4787580293051408,0
-0.6409094605806386,-0.8113570307379367,0
-0.4353832362451195,0.2390190061125556,1
0.9133561404582238,0.622156096501332,0
0.15568744113952682,-0.403444000084639,1
-0.3836439324704718,-0.21409897607418588,1
0.17676777988977344,-0.9875310188659607,0
-1.01178957624154,-0.1303710267801546,0
-0.8634955838556151,0.5586134233334279,0
-0.1608492773506192,0.5362962349468481,1
-0.41848815520247634,-0.25430235699442505,1
0.2995091853087394,0.39904379189664246,1
0.1756868407787863,0.35585144689367876,1
-0.8667362672759426,-0.41573365966360637,0
-0.31269206912773095,1.059289402511984,0
-0.11689837241416973,-0.9864704932388356,0
0.5163760046735871,0.017202346862855898,1
0.8813563769982732,0.6923662589805116,0
-0.02495423169011235,0.46200985472511463,1
-0.77561775259945,0.6256029369120721,0
-0.30790895812271524,-0.5669261878843272,1
0.3097868641798204,1.0899073939803152,0
-0.4049715514821618,0.3426789680580297,1
0.5457066851338704,0.7308731305609422,0
0.7312220932305609,0.6095614573508119,0
-0.3590932124349033,-0.24408617687474465,1
0.4830721642307722,-0.8366666817222724,0
-0.3796002530697397,0.04659701658283117,1
-0.21848232092836248,-0.369248221142701,1
-0.5891087590748809,0.706460027976539,0
0.4323460372578896,-0.27170951583799113,1
0.2896732394074145,-0.9924038750602778,0
-0.18204212275399895,-0.8837648259604683,0
0.8078720225640548,0.5729841253585723,0
0.3946836797431276,0.807258001292343,0
1.0341897776060545,-0.19935678432597403,0
0.4267035101070524,-0.047309448292272,1
0.910031822365285,-0.539638878217038,0
-0.15080299398286448,-0.8515234518390273,0
0.5814047402012882,-0.018293477314520273,1
-0.5839621566363502,0.2712868408800872,1
0.866791164665676,0.3171967434054818,0
-0.3998772911380744,0.007351535848514626,1
-0.9217593639231583,-0.5464685428666337,0
0.4484134830916112,0.9056642933895926,0
0.5830951716580872,0.18155068581540762,1
0.2340982773382808,-0.5063579321601301,1
-0.06569936891699671,0.9518425261426292,0
-0.849953624521793,-0.6980101382206746,0
-0.1277372539217594,-0.5460727189933592,1
-0.05354471782971369,-0.465095090920877,1
-0.21835313816125573,-1.080855661393901,0
0.37416310753094895,-0.2551666733482769,1
-0.20317705727324706,-0.3468018843631711,1
0.16581806428573645,-0.6014801152916134,1
-0.33140407141391415,-0.2999551571586435,1
-0.4732722814286353,0.8768475851243631,0
-0.07421234306992441,0.5180062487363422,1
-0.2665704380165924,0.5990236089134267,1
0.3570031046903118,-0.1474380084763159,1
-0.6859744383929133,0.8981037098643903,0
0.5318388081494309,0.7940487859555287,0
-0.7166366919374367,0.5742259375257687,0
-0.6612671966318068,0.689783111070974,0
0.9318047016914369,0.33284412520931644,0
-0.29077644119764867,-0.9936612673711003,0
0.3448774069091938,-0.2398683658622275,1
0.12285828755968253,0.4396215709137718,1
-0.06089036425575768,-0.432038202179596,1
-0.8895854916648719,-0.5128217397728904,0
-0.3957808387795609,0.8886006333532032,0
-0.25884220381880757,-0.20364296041955543,1
0.01085794567973028,-1.0029149143958516,0
0.942660085506135,-0.0860849220626545,0
-0.15456316303015086,0.22079737221833845,1
0.6804903550078993,0.6963197619288278,0
-0.2696864283305383,-0.5702851236832719,1
0.5173876849349585,0.9514539013781986,0
-0.9741443039958158,0.6075669596674917,0
0.8176883315513812,-0.3403286859423045,0
0.47162296965757844,0.07608994683183778,1
1.027692464519198,0.02282117199541487,0
0.5727260721949992,-0.06276981957023359,1
-1.0897694438315846,0.5213595773908645,0
-0.45003258945146407,0.2366088258742252,1
-0.415875611993775,0.4594079883653046,1
1.0769703038012426,-0.44117095601954376,0
0.37149950040961527,-0.20071224608855673,1
0.3424549210348866,-0.44775080372140086,1
-0.5555381830160491,0.7716547478422422,0
-0.9485746305549764,0.25705346284944464,0
0.45942943035501843,-0.15135580315682529,1
-0.3112755607794758,0.39872507208217234,1
0.840085201006202,0.5709029787396418,0
1.0325082868559836,0.18081601502405284,0
-0.4881884625966791,-0.08202477510724915,1
0.6442806337153427,0.8080026412759136,0
0.40854852691003496,-0.002880771366551696,1
0.5887959025466655,-0.8582369713283289,0
-0.6240199051939902,-0.15058284347092724,1
0.4177788875609081,-0.9448570463190927,0
0.5174024477545398,0.71927439748619,0
-0.7511398461028546,-0.6571635499720623,0
-0.14254845011055625,0.9273875503463169,0
0.08056324673661511,-0.510251700016372,1
-0.06303756582993493,0.5366125149352743,1
0.37649247297764815,-0.7847911900037173,0
-0.5520553079701798,0.1850007921347392,1
0.34868293766567826,-0.35501847255851027,1
0.36209610809464454,-0.39448211746623496,1
0.44649557517967037,0.13307447479362566,1
-0.7914464468406948,-0.5809338850031842,0
-0.16968169951963757,-0.4729739938965652,1
-0.1354931382595781,-0.47607591958857715,1
0.16001169499093898,-0.40569472368567905,1
-0.17568061833065984,1.0554219044053952,0
0.8254564312906879,-0.7328374270405441,0
-0.5724108379513254,0.6068503218854162,0
-0.9111372561071744,-0.5036681889966785,0
-0.18223273159547193,1.0911761580281374,0
0.7375134281229422,-0.8851640391573308,0
0.18912430275647418,0.37172029101989285,1
0.5059839794250024,-0.07203996796644176,1
-1.0205546424936436,0.08633479848418173,0
0.06001997794058221,0.45227459682478477,1
0.4553894935698621,-0.2822145868726195,1
-0.8145937143718347,0.6426972963697961,0
-0.6573775421986445,-0.35916026227036907,1
-0.5197326819353802,0.36329790647690696,1
-0.33200002642963555,0.006379050371344799,1
-0.41655531497051107,-0.14643294742646318,1
0.1885332063540738,-0.45934701203460604,1
0.8234592383625637,0.7017655045024924,0
-0.9262666503478874,0.05667469899456448,0
-0.5722551970847559,-0.6696889847229455,0
0.5761848681792722,0.3424223492144369,1
-0.09916113876029109,-0.39007146184605584,1
0.506310748347753,0.16525442043425592,1
-0.9576608924692346,-0.23470069302408372,0
0.4764790212192765,-0.11082118686454037,1
0.3750801532999869,-0.8941889802224593,0
-0.12621343793250925,0.3794107417789136,1
-0.30952977337648396,0.42014983927351063,1
-0.02308249961312435,-0.48677089662756795,1
0.9789816271737634,0.21455794049834997,0
-0.7655470340727258,-0.5170853499996982,0
-0.9702029265550082,-0.32964675921030157,0
-0.7946213998793132,-0.5008806233199727,0
-0.07266352493962454,-0.5727315759957265,1
0.18343054161510264,0.43101135742621455,1
1.0027841262930701,0.1918648418421952,0
-1.0384530716163847,-0.041641164240526274,0
0.7482457228774976,-0.8443899152833447,0
-0.12074873225218286,0.5100975096386162,1
-0.15928280328156494,0.43709656947455555,1
-0.27913449786924255,-0.4772056629402195,1
0.9680901426529424,0.05891961905019533,0
-0.9486757786740914,0.1706453274822436,0
-0.9282716951784592,0.3673345980989969,0
-0.41366034052693773,-0.13936928198832094,1
1.0472217882552055,-0.11168270495148247,0
0.5168231200408276,0.1491542119427151,1
-0.43033230923669696,0.35088980269327,1
0.598928866496135,0.741499554946143,0
0.5366859748163831,-0.12918478531309632,1
-0.15920392221496252,-0.3690602425129026,1
0.5145816492381121,-0.3076789277502398,1
0.0491047937693136,-0.9256615386320391,0
0.5162698818375577,0.13851741721981914,1
0.3740041667824731,0.2323158889435846,1
-0.20272715530899343,0.9139841708312884,0
-0.0949433866653504,-0.26274299223838915,1
-0.12086690828371732,1.0267123450161955,0
-0.5310838562630333,0.3918610961811625,1
-0.3542894954941902,0.37033165684141167,1
0.025575189250297326,0.31449192312974505,1
0.9247625470395617,-0.20101969642282536,0
-0.16699439568068167,-0.3541665902583813,1
0.2222511470556212,0.3710175793027296,1
0.3184816716249218,0.8949576848980662,0
-0.7549923647674501,0.43390519681168727,0
-0.6920325651018517,0.7764803419030679,0
-0.49102910500702235,-0.07673317246252014,1
-0.6988761385017477,-0.6871803931761178,0
0.8895437591936088,-0.011528810365049234,0
-0.7356434811632777,0.7654207274299881,0
-0.4950066075646068,-0.3880490002550466,1
-1.0348803174165735,-0.15003004448822094,0
0.7549870648932586,-0.581179944051,0
0.9738837355852599,0.4616202660606378,0
1.0199336015093061,-0.10361817832710812,0
0.3390810179151572,-0.9810764235618668,0
0.3089568571509005,0.3252529633910547,1
0.39299531563401713,-1.0455300322122492,0
-0.6105583253751458,-0.784169353547099,0
-0.5409654561934463,0.18860892700115373,1
-0.2552365616640932,0.2709880077536037,1
0.05755775140081512,1.0679217135938794,0
0.3438398800449138,-0.3583858826301122,1
-0.7158145325189463,0.6894314929669385,0
0.09510375500263629,0.354656990040664,1
0.33525491378104477,-0.28783594074655294,1
0.02928025596403888,1.0096732079761763,0
-0.49816115486313317,0.8590073646839558,0
-0.5156421611958241,-0.9386428594104117,0
0.18027177393052607,1.0635184869961856,0
0.34004351923250814,-0.3734425949800054,1
0.02311725926019184,-0.5498472819061933,1
-0.8953628846721322,-0.6908359852907664,0
-0.7513680904520001,0.5326331276900758,0
0.40209139487607665,0.1092263523039379,1
0.6208997440551064,0.7973322075714193,0
-0.7105372625256081,-0.8209395835173892,0
0.41411951857050827,0.09562961878413673,1
0.4802209675606097,-0.7377429820848453,0
0.06335897612969514,0.45852947997247473,1
-0.4788265121727535,-0.2315131162353685,1
0.06342153028025171,0.6071371091507689,1
0.9689315471827823,-0.4617326081529625,0
-1.0324481721142622,-0.2706951591197146,0
1.0287005935803935,0.03221412879205804,0
0.08425222322949087,0.5718863957613814,1
0.1438488979071686,0.5053220942590575,1
0.7548468437680403,-0.8257213352807773,0
0.5478685556673362,-0.6538583417317388,0
0.5115021424225155,0.05040175728919241,1
-0.17069862969686767,0.3796708197413431,1
0.5888546102489125,-0.17356276810073246,1
-0.3609223289767991,0.20145365981370347,1
-0.3110202507316275,-0.3348648682438964,1
-0.4475579853453332,0.14274761482422976,1
-0.02086453789271979,1.1129367020152678,0
1.0752069303674152,-0.2158364602635837,0
-0.7190547560574948,-0.6926509181208191,0
0.8550378295795722,0.4740754107957888,0
-0.9940416142591852,-0.3714179552703676,0
-0.29082935954782474,-0.5025674390334791,1
-0.8743429179443155,-0.49872887909102226,0
0.9217494358999919,-0.575732302084991,0
-0.12876027771688697,0.5699103717684076,1
0.47871203886748426,0.8194161642736835,0
-0.12366067229908449,1.0963675073829855,0
-0.8963155443088091,-0.12091535481471449,0
0.919086843173772,-0.34864687940220807,0
-0.5189474050459537,0.016635031451281423,1
0.18458785087112578,1.066572002424851,0
0.491796112271959,0.7811117319848041,0
0.4251022164765663,-0.16456445064964517,1
-0.860050744848766,-0.181456862526673,0
-0.648457870593144,-0.8940606288699787,0
0.4691419227383839,-0.942552566811392,0
0.49651096482113305,0.6159593545840745,0
-0.40254545324156166,0.22901870853223288,1
0.2659884730909422,0.5470097412468978,1
-0.5872061141506592,-0.14080290011272387,1
0.346645609951016,-0.37393264388294867,1
-0.0925760339085729,1.0346980211732657,0
-0.20906478705636142,-0.9990760365200129,0
-0.23979631387493636,0.49638393891845695,1
-0.4670564363115525,0.9593094208128123,0
0.8678836810947465,-0.4224683801553677,0
-0.853721041968744,0.44662830889325034,0
0.5469732647809958,-0.9765614546344445,0
0.3890323687448198,-0.11334356909142215,1
-0.38083470952186055,-0.2424802812775972,1
-0.8474521528577622,0.5706979529436167,0
0.8529226372500366,0.30389141820076393,0
0.9369957270095214,0.5026837070630176,0
-0.15217113557444695,0.6080011030372751,1
0.6640893721486829,0.8007204406571314,0
0.7521226836887216,-0.3685984875804283,0
0.44608482687831663,0.09100341254845873,1
-0.5308068242956968,-0.28461926356818035,1
-0.615392010155636,-0.16802661627956456,1
-0.406493265832637,0.30778075836492347,1
0.8907322004768894,-0.5552103433229013,0
0.3156166919004363,0.5037079122130762,1
-0.9530067212236837,-0.5147880987248861,0
0.932698637910623,0.13073978088649085,0
0.13008306766344047,0.4627974161865438,1
0.5239958672423566,-0.3296712100495466,1
0.7290262481334375,0.2957144185746775,0
-0.3942436032180303,-0.979626843604937,0
1.051960205501403,0.21542447298977957,0
-0.7598019759727115,-0.5616146280026701,0
0.5439056347470387,-0.0971368379119968,1
-0.9032064023207678,0.4673573048125757,0
0.137144809871058,-0.4949955175795113,1
-0.7024381037293708,0.7861218649913359,0
-0.06542272113008957,0.5745636226115258,1
-0.07423027834577993,0.4167680708757818,1
0.2635474755197157,0.45107784435439346,1
0.6277379460987237,-0.7495257863954821,0
-0.32517950274762375,0.9362687691350424,0
0.2381216147016879,-0.9612567818559486,0
-0.38869502469221984,-0.27645693565596624,1
0.042539280773301505,0.40004704083828985,1
0.24001068336047168,-0.30423198603662605,1
-1.1959957830463048,-0.26732698281585326,0
0.6355829177744898,-0.7720338690401575,0
-0.9530170153277424,0.14266649972860318,0
0.8635550385905015,0.16655409469315746,0
0.7298595596913072,-0.7189111793852809,0
1.0790405245407015,-0.09034046198300716,0
-0.32077825032629065,-0.972399065802169,0
-0.5782080500886351,-0.9053024946888263,0
0.369473273455263,1.024142768904302,0
-0.07117892290953753,-0.952889230995183,0
-0.1291232437952376,0.40272897493033444,1
0.478094039329419,0.9295276227968648,0
0.5394114823003705,0.713331690054132,0
0.4079096061524724,0.7878584884056213,0
0.34122524717175745,0.3287541416833179,1
0.8239134593189643,0.6712445986165111,0
-0.9878151576347436,0.19507292786178848,0
0.6693288195455315,-0.8662969191254295,0
0.5243294986466902,0.3677311140711766,1
0.26855949606905327,-0.909078176544808,0
-0.23081802940446708,-0.4604939245507194,1
0.8015773353042822,0.7133904019835264,0
0.032533258674080065,-0.9126885080846446,0
-0.8085947246625145,-0.71371246238659,0
0.7531635328102283,0.6542063973472064,0
-0.33218610440785595,-0.37064605371663556,1
-0.3331256331329001,-0.23807351814558234,1
-0.9595670321961658,0.13265414673943182,0
0.22813517088006302,-0.47074504017910257,1
0.48103988323827834,-0.04631868697736889,1
0.8757352854560492,-0.544114613650091,0
0.38182511321879703,0.3405974203786012,1
0.8963396474158741,-0.6012172559035093,0
-0.16225641887325626,0.5597482681137035,1
0.9441295292180284,0.16003335410228095,0
-0.905216003301557,-0.6006082659103777,0
-0.46875566253372825,1.03912127924728,0
0.9225669236295628,-0.35672308105965983,0
-0.26509570107527103,0.37335861096437356,1
-0.3496736614308269,1.0526524243470037,0
0.2731175158661137,-1.0002430862952085,0
0.6939752593861932,0.7198954947134779,0
-0.5200781925163012,0.21641007426055386,1
-0.6613669122485971,-0.0035616345856523644,1
0.6363109027189477,-0.15021376566631872,1
-0.21409111390346272,-0.5104121810692002,1
0.206106249842001,0.8914526787372097,0
-0.513476745963246,-0.04165523517209945,1
0.07829069084933642,-1.086374082201494,0
-0.4971443682527747,0.24471921196977814,1
0.4320870004899797,0.005785504057562063,1
0.6027502322483078,0.7587674628108786,0
0.38613484036254864,0.5267260068440227,1
0.6251091741803971,0.8851115375501026,0
1.0918267719341737,0.2191212548812696,0
0.8397829351092198,-0.35648003514776877,0
0.21155192977412796,0.2655914076318936,1
-0.14264521059013402,0.5384932719322654,1
0.505522774829017,-0.05192411696213467,1
0.4009702885716291,0.3722561663420499,1
-0.5015048596499722,-1.0175549337740548,0
-0.8215321996935548,-0.5876844502133296,0
-0.6895967525219802,-0.14244144719995858,1
0.5941311479492563,-0.7739255378073433,0
0.11989579610803551,0.45213122122875116,1
-0.8744795313705795,-0.5199179474182254,0
-0.9133682495078886,0.3369064260602278,0
-0.10097792488276477,0.4760232641549849,1
-0.20308069383251942,0.3944984534859524,1
0.3521284167177105,0.2915120946259745,1
-0.480939559760199,0.22530395457689908,1
-0.4144101793995981,-0.844260325570911,0
-0.7377668573627953,-0.8381229516174376,0
-0.46129265182289536,0.37289369357120494,1
-0.9676394675239028,-0.25409629177375237,0
0.3068225483685953,-0.9119401300392906,0
0.2682350180030631,0.4744227142004215,1
0.5100511434880175,0.2844266480597369,1
-0.5093957439008953,0.20796907726885958,1
-0.17833347853023798,0.9426099417148835,0
0.5921591032824259,0.7574536084431392,0
-1.0910360394981367,-0.0008021323063307515,0
0.9728512861259843,-0.3635909177680411,0
0.2534929017025376,-0.43413636164307917,1
-0.47730144483323234,0.09548516144444959,1
-0.4910161785483894,0.0849486869218743,1
0.43970692438457526,0.16332618170905597,1
-0.7759578182770225,0.5751920391665536,0
0.7744549399155161,-0.6415815603882296,0
-0.4306710121170676,0.6911842986151697,0
-0.42050768335487737,0.30135473750714353,1
0.2734214436578808,-0.45017934793447356,1
-0.1835342253515089,-0.4275364186697845,1
0.6916551774213294,-0.9299753162991342,0
-0.06952661633591044,-0.489986846586193,1
0.24217076972894352,1.1392388361439494,0
1.0665587014934361,-0.005243520895536032,0
-0.4027728122340745,0.4152862818899799,1
0.8879237889866164,-0.37224440378281265,0
-0.01727152259087937,-0.4730351140233913,1
0.9225511850536678,0.020530456455831073,0
-0.1419411721673482,1.018990246645201,0
0.6268569765460967,-0.5664837447500498,0
-0.9969167747089916,0.33914162716857266,0
0.4642028093419471,-0.2912143552860792,1
-0.6035747611529684,-0.29011998202110695,1
0.2938872202630747,0.5026631138344356,1
-0.06519613186541871,0.5766031375529139,1
0.24394829941138724,0.3863974611882364,1
0.37171157488933654,0.23302248515848914,1
-0.476498305423504,0.17065599001763382,1
-0.18374168938805532,-0.5610176076932927,1
0.02865952514180338,-0.6307627354044095,1
0.44405737428218817,-0.1246387903338533,1
-0.4647833482492182,-0.24309272366559714,1
-0.44617944530766074,0.312110366890025,1
0.3924309215193668,0.9374433431947162,0
0.1321112413173137,0.48149788836100765,1
-0.9779988092375514,0.12083064900976834,0
-0.09247065392009032,-1.0510022222716122,0
-0.7337249073486749,0.4470460830543415,0
-0.5185481516389886,-0.9687933557340715,0
0.33148305114517707,0.8704757546579007,0
0.10256445889843113,-0.5402538522050094,1
-0.3220364907514701,-0.2909667635765423,1
-0.2301275116323056,-0.9282063221840685,0
-0.03214280466739368,0.5011313365546309,1
-0.3102714880641022,0.484051779940645,1
0.8927792813422321,-0.4907044733522865,0
-0.26457592360498283,0.30558576446654107,1
0.055469719122337224,0.35926021384270806,1
0.0579201159726217,-0.317304987674927,1
-0.9240220752230079,-0.07809156736672616,0
-0.34161901563479447,0.9617110286716549,0
0.5606582871520892,-0.0815913248578143,1
-0.17681569790145424,0.4870464955925175,1
0.5350599419551466,0.30816454221458156,1
-0.8659098063379599,-0.6180865984475128,0
-0.10298808906167992,0.4931455051369653,1
-0.45205182036634806,0.011964642374905077,1
0.4631591989561058,0.8888128676173519,0
-0.22843971430358934,-0.4429634790744206,1
-0.603511589655106,0.7590017121967114,0
0.9029446401532619,0.4029496736819338,0
-0.9006140697868705,0.31724240880155546,0
0.3132275255005088,1.1212421578757832,0
0.9580678065121158,-0.21454841395546442,0
-0.7501836110249506,0.5598644284218885,0
-0.47411958594582815,-0.1569694519638156,1
0.047721202172166646,-0.4572415588637658,1
0.13817134619622276,0.20633089856260114,1
0.7307789874815112,-0.7577643585147696,0
-0.9958418705862981,0.18019460226326123,0
-0.3505523686560267,0.2992775095030951,1
0.38510222973536523,0.9240880878879352,0
0.9975154875795649,-0.024670723449158813,0
-0.37318912277858973,-0.3097364856977541,1
0.16286143065945494,-0.3352666866045568,1
-0.1312421435146527,-0.3348357952905961,1
-0.9716891089882411,-0.3333200194181283,0
0.3836641437475915,0.7869066492721701,0
-0.04613808832864039,0.9884690426716853,0
0.27648829097098676,0.46432182610602646,1
0.04659201786511728,1.0158327395689513,0
0.42011935227438874,-0.4819465532016049,1
-0.4189825815923504,-0.12967756288390306,1
0.9070628073925053,-0.2845388899626551,0
-0.9509504036318581,0.36497831675786946,0
-0.031102616259529828,-0.48010426675166534,1
0.27243983405833594,0.9030208038002006,0
-0.9410546777733169,-0.053783624447454936,0
-0.32360278437093715,-0.4954014902657669,1
-0.9047529727142316,-0.08992597022149092,0
-0.7309479817318894,-0.8143308682089272,0
-0.5179168032316394,0.30582033486200966,1
-0.6020343007255357,0.6849508290601427,0
-0.2910345502422398,0.8477641937629331,0
0.3649259009292137,0.9475314347682073,0
-0.029783358043516422,-0.4524019730765401,1
-0.36325615951860835,-0.35541100036204004,1
1.0377546739207733,-0.004379218336776701,0
-0.46353447807654335,-0.34305154605779126,1
-1.0144721681932003,0.4933668128877937,0
0.6844037430220551,-0.6506115769398253,0
0.2941908881629694,0.5413987908400362,1
-0.5102936549404928,0.8667929399007482,0
-0.13822382595606034,-0.4944828496127202,1
-1.0173490452011065,0.062200075521864226,0
0.45751046443780086,-0.3453698693938718,1
-0.9606624201405828,-0.06613692149120222,0
0.16113609414763846,0.6433905729084689,1
0.45259484776145614,-0.2630647576748166,1
0.32813992083043,0.31153519702866267,1
0.14281384431512015,-1.0545294086103028,0
-0.07316682973129576,-1.0544233280702477,0
0.3690743211459652,-0.9350613312852534,0
0.10871817310412682,0.46036147849073134,1
-0.0384764891351882,-0.5307015220717184,1
-0.26861195087499284,-0.2744942569316988,1
-0.40442195421052607,0.8827889505954495,0
-0.3396222414070014,0.18143938142753424,1
0.48906706743857203,-0.0853698777684302,1
-0.09091648304771188,1.0716905425957324,0
0.2309179646701965,0.4865400255903455,1
0.3512334242056963,0.9273361270627111,0
-0.25068769080861425,0.33955365201938376,1
-0.995727596755045,0.35228249506574344,0
-0.16439120813514416,-0.4281290226885339,1
0.38320561634929173,-0.3689243746240867,1
0.1305235973139294,-0.5781237071561552,1
-0.10714505981709406,-0.39067409386612273,1
0.9529465715266271,-0.11419101194939389,0
0.47999650770485053,0.12108830559241296,1
0.4859410080366116,-0.9199669389181174,0
0.5466082683813754,1.0062721470021367,0
-0.3915170610951899,0.1396717756079911,1
0.2157621353121759,1.0799942546961288,0
-0.7645782920010523,0.7222743238215305,0
-0.2738848509253824,-0.5410644646907862,1
0.2063037916091244,1.0900567559214827,0
0.6493476157055322,0.5468697867059433,0
-0.3320002179485404,-0.3118084816205267,1
-0.6745993921579793,-0.6501609621055846,0
0.404738903554985,-0.42933569236330466,1
-0.619498181832431,-0.7187549020695098,0
0.29333676279959275,0.36312238829898075,1
-0.7399053422343018,0.7553564475514281,0
0.982679159305202,0.032772530726251345,0
0.27149726628949333,0.16650889628153764,1
0.3056242881643619,0.2857663267724843,1
-0.9272379728519462,0.6659154176120737,0
1.0494493210141795,0.24845765447980037,0
-0.8914994611989444,-0.28964951343333134,0
0.1359592670833102,-0.4223395322842304,1
-0.11727862313124843,-0.914366672708249,0
0.01791591180243915,0.40564527403849915,1
0.15394014557675673,0.39113453768948947,1
0.4205738273247847,1.0794577071718963,0
-0.2632099000198562,-0.8892421890531257,0
0.4267736032365404,0.3673938295585478,1
0.22455108361064888,-0.552872023305041,1
0.9814179810894188,-0.3557426951113466,0
-0.06967797730711804,-0.2830670228643213,1
-0.3534545030289909,0.4892612417954132,1
-0.18403930276157862,-0.42297022861466455,1
-0.4018104115326356,-0.4261192469303889,1
0.17546110297981143,-0.8387206448928655,0
-0.2154811394886204,0.3270288507749648,1
-0.2746833940762954,0.9145303106820246,0
0.8002817040536108,-0.45151928658034995,0
0.8239545540398547,-0.6484583125180294,0
0.8418987573731987,0.4810620809151255,0
-0.009096348402188887,-0.9736897173268315,0
-0.9440354454697808,0.5413707732262775,0
-1.1729401691383363,-0.02392004320483979,0
-0.2736460150995478,0.8757497507492146,0
-0.1938997198824018,-0.45209545465301043,1
0.39785918431200046,-0.2661503001484402,1
-0.8063083145656414,0.4561786381934371,0
0.7643607935148983,-0.7004123369624966,0
-0.2796308875422968,-0.443344370307043,1
0.22253757551964756,0.31340940737122236,1
-0.053745738017453616,-0.41271039146792776,1
-0.02491639087711995,0.5291707816665827,1
-0.05723937574269382,-0.5358277522020063,1
0.5212700513029971,0.0525979189713135,1
-0.5465111176976017,0.22482692163483828,1
-0.04091862393231026,0.47350938187199637,1
-0.086983888235795,0.5524394956483236,1
-0.528666411938536,-0.020046374717356583,1
-0.27249623241801746,0.347986675493466,1
-0.34596263949552647,0.2589707100126625,1
-0.26220250613939355,1.082240753119379,0
0.20143441139920903,0.49882745963406094,1
-0.5295353442047182,-0.2626398878428068,1
0.14993261381912668,0.97131047898347,0
-0.018659057870647318,0.4707158168187516,1
1.0036708748259824,0.1720916930550951,0
0.9759822640806336,0.2936128382352977,0
-0.6328893868131064,-0.8102110867820308,0
-0.47320669326850723,-0.30951739482619844,1
0.4990155653571832,0.07537799628619597,1
-0.006823207526415867,1.082395196484512,0
-0.3613953670048742,0.1261473135445979,1
-0.4568578097288122,-0.20894995018658039,1
-0.1400183775675553,0.9289676760705734,0
-0.9484775611516684,-0.4385550828135574,0
-0.23500232164587861,0.35566606886416663,1
-0.7676840514760095,-0.41242515988935674,0
-0.3444662607083936,0.24724281390492808,1
-0.5636304122006248,0.7773293527560664,0
-0.15868943177952266,-0.4835057011399899,1
-0.4204136818256432,-0.23002670321488874,1
-0.4800203548641243,0.12079592862117218,1
-0.9519107475759142,0.289482348167305,0
0.05673509539338617,-1.0526609843653538,0
0.3451758700039106,-0.05525348001437433,1
0.8722668299694807,0.09820249989157653,0
0.8480054486749278,-0.7591980382564152,0
-0.5582633627431555,0.21978521959435782,1
0.11363678166744579,0.3913740557834676,1
-0.22302175856817563,0.5224703907496858,1
0.28191652631696396,-0.6027673652662212,1
-0.8029079506768116,-0.2941136739430618,0
-0.5980020886579521,-0.7106404667230594,0
-0.968090195112276,-0.5536326866658893,0
-0.31777651167022924,0.3411697757081527,1
-0.36477025167372296,-0.8302616049603702,0
0.9772666016766804,-0.25645319972874303,0
0.3807398629498218,0.31325084333186815,1
0.11413635748104234,-0.5845527789807687,1
-0.06298085063382737,-1.0438350856648675,0
-0.10749325995700894,-0.5407349223562753,1
0.9293204437458248,0.2423838838896476,0
0.34012891113860716,-0.45534022261741397,1
-0.2960500455188865,-0.18980423090023205,1
-0.3653072307313773,1.0600627046043152,0
-0.07701493343484508,0.9567576953034592,0
0.18680608129657322,-0.339888182570087,1
-0.7758985860498316,-0.7328171521952097,0
-0.47092732701400103,-0.7795981877386458,0
-0.00872054867601439,0.637788297015696,1
-0.23685742221845094,0.3381033127771804,1
0.7066155107658812,-0.5170778140398193,0
0.44508836862016055,0.9660534196630073,0
0.3070919555171139,-0.306626221034656,1
0.044466850849556344,-0.5986806379322132,1
0.10104884624512706,-1.0354505108378296,0
0.7402992071294384,0.8129033451742114,0
0.5177213390571757,0.20123625511952659,1
0.6979635778643009,0.7942279876309658,0
0.16947036755719816,-0.4444094078466984,1
-0.40211316953941006,-0.060205604950370376,1
0.2918480274480153,0.9424537721202095,0
-1.016490915243859,-0.057823652867995394,0
0.3985955151819687,-0.2533402912702958,1
0.35991077954315703,0.4053035199254432,1
1.028162037775339,-0.2708742109941301,0
-1.0041286247817074,-0.14624164635043257,0
-0.24243891401717346,-0.8945799111364374,0
0.1628653283712215,-0.39122089204146154,1
0.29298482092453526,-0.4071958416561858,1
0.0973264869648109,-1.063041284200511,0
-0.4999041334062269,-0.04304774491057606,1
0.41537625439874615,-0.039279736471160454,1
-0.9489538005217933,-0.40838668640362014,0
-0.5370831914371949,0.3130638499320689,1
0.05749423943121848,0.45427580325805794,1
0.4092101414277278,-0.8785313032273632,0
-0.9535911317394935,0.347552021207019,0
-0.44735268487513213,0.23713835863497756,1
-0.884846071056933,0.028038146480218885,0
-0.37696153714060765,-0.9768119388177202,0
-0.16314645198799366,-0.5481675057827431,1
0.1341475504053829,-0.516094797173296,1
0.6979172217899174,-0.06464863598179649,1
0.4968243599176693,-0.30664749251013373,1
0.47006337342848065,-0.927561443657193,0
0.4832935801995956,0.8788179145660138,0
-0.3705213588680747,-0.9420039314599543,0
-0.8758471439940194,0.2665086759558955,0
-0.17307204861586428,0.3995094117550936,1
-0.20430349232906783,-0.5195160318721753,1
-0.027001625729696044,0.9756822182887599,0
1.0083600876143617,-0.4408105084028192,0
0.7647806693219245,-0.5506695996733649,0
-0.32091711609157914,-0.9291624906081694,0
0.34704685967616666,0.36662817668019027,1
-0.5270742351636191,0.35892157411675046,1
-0.09537768952105027,0.46069614367094275,1
-0.1855271705888493,0.8569402074404298,0
-0.46868744342460655,0.2938159391800131,1
0.2934327609652363,0.8565175884541955,0
0.172803831959378,0.6343038436985781,1
-0.9430973381544783,-0.05067132680065263,0
-0.9219752368948465,-0.2566691961176747,0
-0.09466685738219456,-0.4712738446960824,1
0.5464084085443772,0.24610313645162984,1
0.24367493473106583,0.8954466860193806,0
-0.09789144249755694,0.5326210673416935,1
-0.09076624046685204,0.48859853865146097,1
1.032362494180158,0.09650013121848723,0
-0.06394983580845942,0.5392718039670071,1
0.9017458906792555,0.5633065959898939,0
0.25975575853408345,1.050262658043545,0
0.6979728585058143,0.5922013150729063,0
0.6383307588222499,0.08560889132211448,1
0.42645342809642783,0.10753323734415729,1
-0.7324213696906365,-0.6183320570435636,0
0.6365942777606075,-0.8171268990118175,0
0.17703474186133095,-0.5213344222137024,1
0.08600803807366249,-0.47675845187930643,1
0.2768225632205109,-0.5274778528751125,1
0.9375835159189101,-0.4777456681972703,0
0.07293593191386578,-0.35043964044588405,1
0.3845940346102158,0.0016700434213918897,1
0.303676430871019,-1.0130564963492477,0
-0.4006780801735227,0.28363532742279135,1
-0.6085859820597069,0.24852192374766566,1
0.9120200109268626,-0.6349691704594067,0
0.7469669596672557,0.6162739221122816,0
0.8858236891194666,-0.13812626403077316,0
-0.19596104905976025,1.0009762055145468,0
0.7521525544930016,0.28438597316128894,0
-0.4182253875869399,-0.05855461847783297,1
0.5845702385073275,0.788490123933346,0
0.06842185534672446,1.0251693322015978,0
0.11525594118617613,-0.384335983105877,1
-0.8597244863522345,-0.39822055217472374,0
-1.1109818003299363,0.05879051234391912,0
0.16388467222705835,0.5401410849682208,1
-0.2186406000082267,0.39601352031114,1
-0.5045420670645745,0.3670331200936617,1
-0.26770275135497734,-0.45170733881354597,1
0.8886789718496713,-0.5759051037525623,0
-0.4230887966779248,-0.24421379913432462,1
0.8181907707259101,0.35486167142222025,0
-0.9405576020692878,0.23649713069123457,0
-0.9576927476797383,-0.3402289635157273,0
-0.9584644026862454,0.4662753460018268,0
0.7012126955200074,0.37399037027163745,0
-1.0299915149014565,0.26716014913499536,0
-0.5129886510937172,0.779018661689699,0
0.7998803682311852,-0.5464380218429317,0
-0.4534491248834126,0.11500647466173813,1
-0.5236923652733476,0.11806855697743326,1
0.429445260576477,-0.9960267085027332,0
-0.5438605074808011,0.10301648396144868,1
-0.6661178403928585,-0.01790024019961725,1
0.23303657476804038,-0.397840087295984,1
0.08943193021049212,-0.5710131961643486,1
-0.5747866283526556,0.930534877142899,0
-0.493623592672464,-0.19947454550617827,1
-0.46067382856774847,-0.027618967963567123,1
-0.02127086491826914,-0.4515236658843646,1
0.13410931979319102,-0.3361347829098005,1
0.13764468968834875,-0.8934063319127012,0
-0.24129020546380936,-0.4967386621051987,1
-0.22336229017694192,-0.3457803067166142,1
-0.5081728926580051,0.8072166191463954,0
-0.2782970873130053,-0.18275729492177,1
-0.010241964081586966,1.031845356314289,0
-0.17297687709720042,0.45928644181725975,1
-0.916858250342538,0.2698624957648692,0
-0.058679078744290875,1.1235700278541914,0
-0.21671497806750534,-0.4666955835011238,1
-0.8319643366738517,0.6382330719998166,0
-0.8939677834749171,0.054055770660008884,0
0.17595889707194606,0.2812455840663599,1
0.45676375916023665,0.9818152201933289,0
0.6935076338801625,-0.634609454356387,0
-0.20773119797004336,-0.451976563083003,1
-1.0124365167002958,-0.5479060699193764,0
-0.4696953347450142,-0.24595800397459525,1
-0.6869478018937538,-0.6877468649384864,0
0.8135412832668766,-0.3027999096547494,0
0.2682255886512268,0.22479847181403884,1
0.5207135974923607,-0.33841171103749673,1
0.02251091300806346,-0.9828899943248635,0
-0.3470507392660615,-0.8760983964025214,0
0.12240600677491309,0.9703472113701549,0
-0.053498129040565286,0.5561392753793261,1
-0.5687803336089302,-0.07207935302069687,1
0.4451995046292304,0.3876313791360821,1
0.10900032823089811,0.5024678610974124,1
0.41380598965588655,-0.884565222307828,0
-0.10111634411027393,0.29922183151852577,1
0.17244404684512674,0.9340585188387815,0
0.45001150933068745,0.19780286521653295,1
-0.5786502284462538,-0.16762524975718018,1
0.2634435923414886,-0.44671073275458617,1
-0.22946578291683573,-1.0235977946404529,0
-0.34965228522006175,-0.2777152434026572,1
-0.8332634545426243,0.7392829275871521,0
-0.25365818291589853,0.3982962187369997,1
-1.0121916394911703,-0.15846972636441747,0
-1.0107789305294994,-0.010015840318182055,0
-0.05106427562426665,-0.999653742116452,0
0.8448617254801879,0.3659204620197693,0
0.9194593537483147,-0.3277696256941807,0
-0.6550029408349519,-0.08597873122075443,1
-0.8819257407911361,-0.34342939310232734,0
0.24483765225965692,1.015432954246385,0
0.8886878348546104,-0.5710757181012797,0
0.46393763948245303,-0.30844454500517254,1
0.9933182137913121,-0.14291460137074316,0
-0.19701066624745073,0.5709669249801013,1
1.0870603706555948,0.18969543691008625,0
0.3481027499472363,0.4068250307601794,1
0.8652030461507297,-0.5370827166806957,0
-0.9015116608350413,-0.2695001194794419,0
-0.15898126695942436,-0.4037280640067417,1
0.895480786032864,-0.36351899678644306,0
0.2018035672164675,0.6059668320512769,1
-0.4140789153360829,1.0740068296943002,0
0.4065793141796051,0.21961377925823822,1
0.22968201698015137,0.4652789304712466,1
-0.4049778384224247,-0.8001556440161719,0
0.970711428667233,-0.029640146577597365,0
-0.017388021894091735,0.5808933092791598,1
0.29081990895191095,-0.8201540898986645,0
-0.6247878806508774,-0.8429030647584951,0
0.3367581834439819,1.097366132251211,0
-0.03817108345196784,-0.4289513631336332,1
0.4407163383328285,-0.2823874151228476,1
-0.3947658521713742,-0.3620364764483465,1
1.0290638597985444,0.17999587839678888,0
-0.45304707357547874,-0.7563655120505226,0
0.9833649370300234,-0.09253156218456739,0
0.06583599149306432,-0.38878519009655177,1
0.2428292005819934,0.4820722220829808,1
0.19366335212433705,-0.35818696175039333,1
-0.23892190479022785,-0.44622174439213913,1
-0.26877180174415105,-0.1742248592074725,1
-0.4122445670884618,-0.9409925843188149,0
0.5296491837283804,-0.9484649935103313,0
-0.29840234908378005,-0.9935576905604192,0
-0.2614285569073793,0.46683937880106,1
1.0148478810530006,0.4224141740822615,0
-0.19381962506792136,0.4007619303622908,1
-0.23986713327790954,-0.019391767553292416,1
0.5309576829192824,-0.0199550364472926,1
-0.09485769139763008,0.5857676575729717,1
-1.0141844810261957,0.25964010729341896,0
0.6629977349587212,-0.11714368031448605,1
0.02319635092503226,-0.5928217833163568,1
0.046373414288551185,-0.9605530567021168,0
0.7804165691470528,-0.4579599883183953,0
-0.3438729880677385,0.4969234112166502,1
-0.29629007891330694,0.484228261625795,1
0.9482331270410377,-0.23348200036855224,0
-0.07814482616357027,-0.6571321231402527,1
-0.05409959162183303,-0.3920032523011397,1
-0.4204041534822257,-0.40733196917073416,1
0.0004027366604831689,-0.9786518766105072,0
-0.4628446523678811,0.05841808066159836,1
-0.19236620063698529,-0.5350234881422364,1
0.4859810843727835,0.24706193565378312,1
-0.303025880258703,-0.9979962443092675,0
0.10422833364941383,0.5468557446129745,1
-0.3996336851802451,0.28314731288206696,1
-0.07968127813437828,0.5715171419363075,1
-0.34644165495580304,-0.1994822050954996,1
1.1023891198229787,-0.16187795645715575,0
-0.4571244924707343,0.041164143576367905,1
-0.9752712701072117,-0.2480986437781976,0
0.1333947579372926,0.47185700113227713,1
-0.5716582482828348,0.8641838888421852,0
0.07951436998813148,-0.47182666035686877,1
0.2274069568562832,1.0067129905887462,0
0.9800453300628035,0.3009288337490783,0
-0.4521084673067571,0.3819607418309867,1
-0.11490119544202071,0.5076298386574181,1
0.3943129364320976,0.26299526689257974,1
-0.05578600332842373,-0.409058957051062,1
-0.34947612428395497,0.11597924044982638,1
0.3900734974650696,0.40866829253847603,1
0.9600831206540121,0.377210322814425,0
0.6795698132247564,-0.8981467363313772,0
-0.07120631815865384,0.8879005799485816,0
0.02321573693186483,0.5692728833345069,1
-0.048862157600456764,0.4243116108649642,1
-0.26575169723022685,0.3327370901851355,1
-0.4507141700336528,-0.2044709598680675,1
-0.2818432414890142,-0.3472315900761319,1
0.6257846318933066,-0.17450269366612506,1
-0.5377834151771359,0.1251715277527557,1
-0.07086124434989974,-0.5405740862671035,1
0.7375890967124141,-0.6203641343164887,0
-0.5284091515905919,1.0097384573400023,0
-0.1867563733104784,0.5391608959084639,1
-0.5140829679202309,-0.17268257498022171,1
-0.4737577738859469,0.18481362055172534,1
1.0296263470201246,0.37796540300112147,0
0.18620676628660832,1.0304848566569638,0
-0.07104673641447815,0.43721342706077737,1
0.591179509530211,0.13994648860319825,1
-0.5427035231757672,0.716579561511794,0
1.0448390604430473,0.22682582868473805,0
0.188404318999244,-0.5627011713562896,1
-0.261194378555445,-0.5545951300516238,1
0.36497693170673084,0.22157871492024891,1
0.4294305593918122,0.19686685010616772,1
-0.21195971961763296,-0.3772267733897429,1
0.5613871021050272,0.11762671428089132,1
-0.5537076548620427,-0.32516973525802795,1
0.9367671467723753,-0.0679989255228675,0
-0.46553170984873704,-0.15111456114791513,1
-0.9341245991660447,0.21578022333929087,0
-0.5419807387249592,-0.18143026167685244,1
0.7714951607062629,0.6942664390900569,0
0.3470234660544719,0.2932563239248079,1
-0.5552663674807738,-0.9774633997232469,0
-0.367969411915321,1.057487618137151,0
0.8715549420964844,-0.5858632153838197,0
0.7604460594737324,-0.8050193944931191,0
-0.3213471086041726,0.31818720607233436,1
0.3238756871682916,0.27144871313912955,1
-0.3954565411731087,0.14879726517624056,1
0.30745484492706876,0.39470953104811124,1
0.7529865510281527,-0.5245291755987547,0
-0.5069567641568904,-0.04177162149159669,1
-0.3640030626493875,0.4880922859664348,1
0.8997324196909906,0.5969319401113127,0
-0.6019566904731509,0.807708713968979,0
0.8977472492174189,0.482021117975716,0
0.48718511047952906,0.07560075290181503,1
0.7557146424204222,0.44641863133226756,0
0.41595347891655765,-0.24587059500624564,1
0.30954411996976283,-0.8156172543518562,0
-0.2773988147047547,-0.20265804162500617,1
0.8895136772066294,-0.11596681808730663,0
0.39332854488120705,-0.4320318786855166,1
0.9690572894306255,0.4759670758018194,0
0.1309253966229164,0.4762270494831411,1
0.5577496013174803,0.24400405441406392,1
0.031963678807606616,-1.005534086143226,0
0.40211769414800286,0.7979626644148662,0
0.36129900951798705,0.2567720996237799,1
0.1628640351693971,0.9170972710552336,0
0.2715351250059066,0.44355176529884277,1
0.0445712036322079,-0.6214747215440253,1
-0.15127238412566837,0.5036962012515515,1
-0.42217206674986796,0.034985090380934517,1
0.0019524873706479318,0.6714123354841873,1
0.008125535237862039,1.0094874691696993,0
-0.6578128281649254,0.6268253399572368,0
-0.23267412949506536,-0.88962865873479,0
-0.4968136756743477,-0.9954996201476323,0
-0.4515189093413211,0.145894057425883,1
0.6056218122658524,0.7685206189851912,0
-0.45915812183393706,-0.2121445708578064,1
-0.34397357908866977,0.04056663518089279,1
0.24519235742516624,-1.0691680800579584,0
0.8502971444577169,-0.6563664556163007,0
-0.1663779945968594,-0.9368154611304937,0
0.26682996567076356,-0.5699229720503097,1
0.34343994074997664,0.29775555714956337,1
0.489036522210939,0.7662348749883112,0
0.4606875546064432,0.10048340042803192,1
-0.2983306593329703,-0.4204597279614103,1
0.6367504126120742,-0.8200963742674604,0
-0.8771489663996208,-0.3727090816068457,0
-0.6378842074682161,0.7091501336602494,0
0.3505012950869993,0.46117083225648137,1
0.5664864867420611,-0.9168351499806562,0
0.07832058587344207,-0.5256095881264122,1
-0.5352699087109553,1.0443067519485996,0
0.3997520257809308,-0.9577108312390958,0
0.3523934370381384,-0.9604554317382626,0
0.8580878968481648,0.5252762270434729,0
-0.21339094831654054,0.8981072785099635,0
0.46233561754569125,-0.18338195097986065,1
-0.07759712194329864,0.4617062144415574,1
-0.04115443177263923,0.5354402813511627,1
0.8922758137557496,-0.5609488291557252,0
0.5522885765500567,-0.14702633096763518,1
-0.0616914499596147,-0.46062789479467736,1
0.4832973817869627,-0.3218117287940452,1
-0.45575302524593536,0.9000453664692187,0
1.1301749271257004,-0.18398266785377781,0
-0.5465870238228887,0.13530816506834034,1
0.3806214494056585,0.4328752573903343,1
0.003226263295975876,1.0136758767518852,0
0.7705586150040047,-0.5167129792968292,0
-0.10384303636616084,-0.5347826747055262,1
0.14813885284651043,1.095151311964635,0
-0.19097451506960095,-0.4300370788500708,1
-0.45478664656302975,0.03176044121750894,1
-0.5180092249616822,-0.1119794150172497,1
0.3644309090042926,-0.46197282198713524,1
0.14442108401255682,-0.5784003321392954,1
-0.32474232373839257,1.0548865824885292,0
0.10312540007297372,0.525509369905338,1
-0.5732949647796453,0.6792022112597709,0
-0.42680417324126807,-0.069810327446168,1
0.17472093015873774,0.9771633658793536,0
-0.0973893605784441,0.28115716209359565,1
0.6617538355824287,0.6611420414098003,0
-0.36139981415804273,0.5014148004407727,1
0.20325365564396675,0.40409769802642126,1
-0.24300272211269103,0.9972945737532026,0
-0.15197420899859534,-0.5355495780127797,1
0.4752176939944525,0.9246967096870997,0
-0.9941523908841824,0.3980630088777306,0
-0.6210767607875549,0.11490084607651035,1
-0.8807790155994693,0.26923620515447194,0
-0.36680089485536815,-0.9899822475041137,0
0.41706897389093306,-0.2766058476983873,1
1.0842074445417873,0.1258003607020916,0
-0.12109507314317769,-0.3610612872933845,1
0.4080040270014295,0.22401073071927902,1
-0.9561461462974595,-0.5909680909942351,0
-0.6098187913655706,0.026513925002258923,1
0.5287226902347837,-0.1502241653753309,1
-0.4966167248842641,-0.17759968361533113,1
-0.4188001714223088,0.05646643313893756,1
0.49030721345344497,-0.3552222543585597,1
-0.3677720279520837,-0.29271356368623935,1
0.572062004872806,0.7548448976567186,0
0.10555097460873619,0.4620005723098186,1
-0.02138174900625124,1.0261454389788034,0
0.06665424414511092,0.3364882762238427,1
-0.9900342821122666,-0.2855014104383077,0
-0.14454119031822826,-0.33315303403141083,1
-0.47716177575588153,-0.19739423317001253,1
0.8366491422333666,0.46164564234030636,0
0.26116531254721453,0.9884061403448331,0
-0.40094255200152656,-0.1505375362345968,1
0.4562653519173138,0.06457570906278559,1
-0.6501350941457049,0.5796024832291433,0
0.5758678165152437,-0.6390869881649018,0
0.3792775776175049,0.8595902136545699,0
0.0354147399484088,0.9930386020459,0
0.4954153368491199,-0.8287182678348606,0
-0.8273958996490327,0.7542692652701791,0
0.9708573426305311,0.396304192380199,0
0.3151347118031723,0.275936926284001,1
-0.48899826309972255,0.06337619670926346,1
0.2354263110436519,-0.4362189677889587,1
-0.19411949147472735,0.5240640529366353,1
0.3157242858111108,-0.5575138605777952,1
0.13470095709467808,-0.5586263380455577,1
0.21655543992058404,0.4120076364755099,1
-0.2845134012500445,-0.6073428532212257,1
0.9643937652244735,0.3818474731836858,0
-0.20357532945123735,0.48805200758215134,1
-0.4052219004035571,-0.09240047466762916,1
1.0161840993821922,0.23910020564104023,0
-0.2248989328122911,0.38984879760776203,1
0.9064745063501001,0.4768148925532468,0
-0.7081551270941397,0.5612920020023762,0
-0.9717165164021273,-0.4384249673203793,0
-0.5671300431662905,-0.7118851362647431,0
1.0103764102663242,0.071600967213589,0
-0.4254192950343501,-0.6102857963329356,0
0.135429590905678,0.8778238355702412,0
0.2678090699842567,0.4064348385377202,1
0.3462718036481364,-0.939698893956137,0
0.49222059474058133,0.3023633512961839,1
-0.5260646789263621,0.11247769823545209,1
-0.9042959559049323,0.024557899025822307,0
0.37273497746201756,-0.006976884195057431,1
0.6025392375165385,0.04015771037985673,1
0.9072462457961241,-0.3108483412405543,0
0.9902177526530784,-0.18230696901230642,0
0.013796791653099577,0.5091375970133187,1
1.0047734132445778,-0.07052409982696442,0
-0.16566536068903817,1.0433684109285866,0
-0.7408485868182835,0.524044012937245,0
0.8583611834965394,0.34654434973958786,0
-1.1888189911020042,-0.20615213698982576,0
0.1694339202314252,-1.0700760980227635,0
0.8291050207785506,-0.5032985555860297,0
-0.5571288192284191,-0.8005278414885346,0
0.3985112470280476,0.28368074784338265,1
0.6173632474832411,0.8016962791228763,0
0.40769975100763567,0.14384159895058096,1
0.2983747682951813,-0.31012167870962076,1
0.4709826339897364,-0.9650241816789592,0
0.7235608450097601,-0.5627626816446051,0
-0.1586753344715361,-0.8962135232403388,0
0.40192030564064496,0.13362268589738696,1
-0.3076322819968029,-0.3506099048059509,1
-0.6719588445057062,0.6824237345717473,0
-0.15013206530217182,-0.8231046144703555,0
-0.49869618056964204,0.9257616288075907,0
0.3754860488492737,-0.7224353215003708,0
-0.4365658251516178,-0.865602713061508,0
0.21035023313861806,0.46704286359212366,1
0.7974484927825221,-0.6044165853289721,0
0.3809418047747986,0.41907115091852576,1
0.7699391884422513,0.6951028266428626,0
0.28829442157790336,-0.364872842185158,1
-0.37957611090402654,-0.255193506950989,1
-0.353585293520014,-0.1409464703285737,1
-0.24012163139371812,-0.46064955957990933,1
-0.06456661485579447,0.6590148710861704,1
-0.3622347359488255,-0.31742986012845764,1
0.5660160205905351,-0.855764613820327,0
0.5092243101681158,0.0016634636779907716,1
0.9783388596522135,0.2227037709420593,0
0.4675733732291055,0.9641761308784705,0
0.2646608995166923,-0.21948281480550674,1
-0.7123044070913124,-0.6032785146790546,0
0.9563038533067573,0.6882445055904592,0
-0.22300189038691137,-1.135670720146206,0
0.2872606312174238,0.5210349351179753,1
-0.5048480742446738,-0.3502950256911269,1
0.7103716300939111,0.647517589714523,0
0.5219203937390036,-0.937987204624358,0
-0.4372110876020903,0.41461138779339346,1
0.5555895376465771,-0.02751725989751283,1
-0.6708734471844472,0.9429803399155587,0
0.5365353604633291,0.8542586582789833,0
-0.3828365875206346,0.12641247478683,1
-0.2995579596736187,0.9426852816441886,0
-0.3474207862366461,-0.0181749269785718,1
0.4532973658662184,0.4384347454743972,1
-0.6054656097524868,-0.10347876441234281,1
-1.029027491412489,0.0985703145033299,0
0.5235637933511536,0.9048048358391129,0
1.016614274892097,0.08170625860778022,0
-0.36007064401951194,-1.113839956540143,0
-0.4605428639406364,-0.13026646777451945,1
-0.23985167186097106,0.42066866228069644,1
-1.1226894251049568,0.200440557283452,0
-0.4088804905257525,0.07395442965706034,1
0.7329608635610498,0.6965927655488046,0
-0.3674087356448203,0.790116072312794,0
-0.5106281648325037,0.24679841336871491,1
-0.4705173707047807,-0.2372138764884411,1
0.403208525277725,0.2937724639712407,1
0.7804663129122231,-0.4575149098143029,0
0.4812715918404731,0.13983457879576736,1
-0.09055906049683297,0.9397766631239607,0
-0.25200307392640187,0.3519956733753459,1
0.6098844147264796,-0.7037535824990041,0
0.05972086774235648,0.6477155037867446,1
-0.13093514319540622,0.9433117410900439,0
0.22000870772349798,0.932252809505923,0
-1.0108948737930599,-0.16430757573679833,0
-0.18835024166704392,-0.9818009486634834,0
-0.6751598091968034,-0.8503674311176711,0
0.5545636992613157,0.10011828182999523,1
-0.41407659200488683,0.048396385735254795,1
-0.6071909943358149,0.0425615543000106,1
0.7806021135245425,-0.674507944134601,0
-0.4898161273995493,0.009415721565515747,1
-0.480570519066442,0.32178537416475755,1
0.5609804314058741,-0.7856560313425615,0
0.4125372365332228,0.2651510734108306,1
0.3192247165129129,0.2381851390041015,1
0.6818539768719999,-0.7091946538623006,0
0.617151557647291,0.7801412873686233,0
-0.03312351926071434,0.4445793391293156,1
0.5375660472666299,0.8650320772423631,0
0.16907505325679456,-0.5926637788475512,1
-0.7379958453616626,-0.9625640214780531,0
-0.08191764552041783,-0.4490448641977039,1
-0.4101189701247404,0.15087069225156513,1
-0.16588683800544546,-0.519947114104891,1
0.4709714016905143,0.11186032274648315,1
0.5819620038536901,-0.08699056917250361,1
-0.5328168759082001,0.05015216024138724,1
0.41547294316255373,-0.804361024125364,0
-0.21125489779736223,-0.47880406174109685,1
0.7088579990250897,-0.00995084473232824,1
0.39618455801186553,-0.44183945765405014,1
0.5769931850865161,-0.22324525490456368,1
-0.9116016906957609,-0.1742494592888297,0
-0.12918919552815025,1.0024559727259907,0
0.7769412422879184,0.793061191993208,0
-0.3707621565461323,0.19915827567035155,1
0.4186340674826332,0.17830320664276122,1
-0.8094548455363869,0.594833862535945,0
0.8855677652596871,-0.5305986445086672,0
0.2546842898724936,-0.4199927744451051,1
0.6171845017562109,-1.063556757874734,0
-0.31168944255222286,-0.2646596243861189,1
0.4920703474443573,1.0563302791378972,0
-0.1734782008903207,-1.0837109094380797,0
0.4560647174210447,-0.017934979592245603,1
-0.41696496200082817,0.4451346001533345,1
0.30388794002229125,0.48977280069101636,1
0.3875663690691965,-0.9080264477666571,0
-0.5122997192226197,-0.6835915671341412,0
0.8159023230564726,-0.5371195643945015,0
0.1876284280765367,0.39618073325823944,1
0.9386260511500671,-0.512790411864052,0
-0.3977074493913985,-0.1850266203048681,1
0.4912224376210332,-0.45280753078129776,1
-0.46420974306277896,0.14475618310125124,1
-0.7515740627405637,0.6801363072493173,0
0.2680837961945217,0.5906251085072929,1
-0.6983588792268699,0.6793123580857361,0
-0.4106649944371604,1.0099708046061537,0
-0.5851564541359544,-0.0020592286140855426,1
0.6291499184402534,0.5701791348622571,0
-0.2442762083814172,0.8528208877060532,0
0.39626073891262154,0.3596809545557293,1
1.055826085850505,0.17591097483012558,0
-0.6537290043963628,0.7631215981973963,0
0.25406392793773164,-0.38906641299232964,1
1.0925464429143443,0.10056430190807156,0
-0.9400766462354601,-0.1377532588467384,0
0.5249479423095972,-0.10593715768365408,1
-0.15008257272825085,0.5141931803233357,1
0.5470844032394305,-0.25559755706860027,1
0.4037920082502298,-0.26997603904670975,1
-0.23078958806332978,0.9872135524192174,0
-0.3083386508941769,1.1848283351520208,0
0.2333951287179611,-0.2917444628668455,1
-0.3761693615796372,0.3603878849212566,1
-1.136658820265803,0.19438330909101395,0
0.41651605932205343,-1.0004270973235914,0
0.6560324472730901,0.7181655272364998,0
0.9149977376551127,-0.2667088168965393,0
0.503295882787799,0.11944119328145851,1
0.4586753825644891,0.06591280307816262,1
-0.40388102769519785,-0.862277782585996,0
0.965892308676632,0.09113135263176626,0
0.41079742107357897,0.34244762216506147,1
-0.63719361432403,-0.10234877029557433,1
-0.489996144655979,-0.5636371927744304,1
0.6759107897311386,0.5057183004187402,0
-1.0146527259390759,0.13676431392290198,0
0.3454108862500582,0.5052108903334003,1
0.36041752073349675,1.091196791808337,0
-0.1364626154501955,0.4885071524195452,1
0.801902064922903,-0.6604481927750729,0
0.2287036911364198,0.3934447865352605,1
-0.9795055375822223,0.451942793794114,0
-0.03335401672441322,-1.121047261902943,0
-0.22693918507001185,0.571570361534993,1
0.11282736599439744,0.5602779002319838,1
-0.855640855126433,0.1831023282143034,0
-0.36295769560219654,0.22280766729020773,1
0.14607641473290012,-0.9344943179484598,0
-0.36544889988269325,-0.4505584064839515,1
0.44509119643763345,0.9163592939435634,0
0.3195764184865926,-0.3119704382530788,1
0.07800662839169886,0.46538247325620236,1
0.6776192740363023,0.7996779323348345,0
0.5129110659591236,0.12812626181268366,1
1.047400263844306,0.34216435417709956,0
-0.02335114073646099,-0.528417135699511,1
-0.42767015469332087,0.9132848849740689,0
-0.970046444843033,0.3937812717926431,0
0.2940474517471527,-0.19916386154700438,1
-0.24659584009583302,1.0668749157091264,0
0.38392032927453984,0.3711490680765766,1
-0.5557823046159256,-0.1519890758470741,1
-0.5454502395593371,0.2215195223652178,1
-0.13088936811520652,-0.46146112796798444,1
0.36948289951406155,-0.2399262198230684,1
-0.4898855397375605,-0.8828681974449738,0
0.17135052341704668,-0.5716198988745333,1
-0.8770521428722162,-0.2544844829776591,0
0.4202122437368652,0.19483047390054728,1
0.04051741442114044,1.0396016771486511,0
-0.07133038021531213,0.5615019800178417,1
-0.42746241595932055,-0.8026812738322097,0
0.4017638576928478,0.3605854254813382,1
0.6531745460546778,-0.7946080693641218,0
-0.2306685346919128,-0.9831146172175945,0
0.42422927732733184,0.14329905801753476,1
0.37483640312347105,-0.19113658504000286,1
0.11800160632554071,-0.4072922250411902,1
-1.001607513534644,-0.19303433562925368,0
0.15526966874447332,0.5745245203565981,1
-0.31975078616595365,0.43786120744234847,1
-0.3652381983564934,-0.49379776233628114,1
0.38878137251859524,0.2680832730751957,1
-0.9367464261098047,0.5212439838197748,0
0.44059396551656305,0.17611147125544063,1
0.3891464156514058,0.8400254371258642,0
0.9584783279345572,-0.32595873332647024,0
-1.1545802325696077,-0.09291721070510942,0
-0.5655690413992684,0.09939021302315272,1
0.4818080784040305,0.24967190133358025,1
0.28854335413779575,0.4707160640986706,1
-0.055792407986931664,0.9455989140267916,0
-0.4046695682845734,-0.2262513850418728,1
-0.36479248601568803,0.39007609461505766,1
-0.22845429919804466,0.9860187039709027,0
0.31189052806607304,-0.28762073640571706,1
0.5700911078403484,0.8030411117321249,0
0.30016466010804477,0.3073870500756153,1
-0.407731790001373,-0.3336897259380315,1
0.460630822024395,0.4221622825489315,1
-0.6473719904318852,-0.058839788002999646,1
0.8112414724417771,0.7577396491535692,0
0.3218798028534222,0.31214366888593087,1
-1.0654421292934315,0.3414549945109411,0
0.15121540159723398,-0.5193157407180348,1
0.5403508598231926,-0.2675645875712186,1
0.01919202035411273,-0.5910274380386692,1
0.049195663007816234,0.4991685380793225,1
-0.8657747941167795,0.7663489688525147,0
0.14389074471557245,-0.5656546853837913,1
-0.4296580602193669,-0.14878563653554736,1
0.2600650328843537,-1.0176654243750458,0
-0.9512666313295074,-0.07901997282939555,0
-0.2271677683244545,0.23316550416025722,1
-1.053932753116824,-0.1617580088632038,0
1.07101317875265,0.2334034129076561,0
0.5655624554464516,0.19872839211898533,1
-0.48118824783685127,0.9476098359855119,0
0.9948449989181839,0.3072894187997934,0
-0.2145781878182253,0.9122402907599803,0
-0.5779631444319189,0.3459550029920794,1
0.4911567208459832,-0.8280975331151075,0
0.9125124795113453,-0.4264126482910612,0
-0.742916889899115,-0.6577847768193188,0
0.420933612216038,-0.022377404319795798,1
-0.2978359275727243,1.019661662121555,0
0.023463744207276982,0.5480219819915263,1
0.13629462539935777,0.8909929200238442,0
-0.4816331353698235,0.19816906258045547,1
-0.7442950383884303,-0.6648786400990667,0
-0.4966019145076769,-0.009204606174264026,1
-0.3827655162382527,1.047286726261714,0
-0.24045804477212027,-0.38552777756124657,1
-0.39683160481030816,0.9718048630923619,0
-0.47964708169100545,-0.17508755643610166,1
1.0457922930376464,-0.3701138900073546,0
-0.1756828988446052,-0.5172452694745577,1
0.1166903791663651,-0.41549637202574663,1
1.0408795552331682,0.20619725434866315,0
0.02387287535298535,-0.45095719850014604,1
-0.4285594411258907,-0.39576573408716764,1
0.3997136222824541,-0.5473650266258614,1
0.3151921005340102,0.1577349335172059,1
-0.7240326985783513,0.5149389610224577,0
-0.5985086163935489,0.732158900777937,0
-0.10552168358965296,-0.28521331575274145,1
0.3696670053815084,0.8021607441806063,0
-0.401969099125289,-0.06683028978194681,1
0.6376789759676964,-0.06035485289520913,1
0.3222356795611032,-0.2081872744970621,1
-0.2487748353071506,-0.30195325107134413,1
0.054129820771992875,-0.5930986567246664,1
0.8382739752929416,-0.5462860982923705,0
-0.3783043419624046,-0.09885249865774536,1
0.7453042689833139,-0.049686088748541093,1
0.5287619818678699,0.009418270889940059,1
-0.32399743309489026,0.35903139148078245,1
0.13007206493499787,0.9102101394466745,0
-1.1061647765361526,0.3006841625656837,0
0.20350016187447387,0.42976015938830336,1
-1.0588041270524617,-0.3070926014581984,0
-0.5279735737484974,0.8270790197413349,0
-0.11086353727883999,0.4595532735079095,1
0.4298035023856526,-0.20522276529851297,1
0.40370189675051205,-1.001971687589675,0
0.023529624952007097,0.5313731676541411,1
0.8881360293007646,0.028289487839747517,0
0.4656928934423316,-0.3305435370870675,1
-0.8461579101081491,0.6006369326694271,0
0.1936858650840497,-0.4111385484245017,1
-0.4355662382461233,-0.2783850264884591,1
-0.3121416455456753,0.48994980376583797,1
-0.7871719301831227,-0.5447965096971477,0
-1.000796340211443,0.25455578811245105,0
0.2856688272312886,0.9094324522626661,0
-0.9361004928544664,-0.0669814328601207,0
-0.5746146889812115,0.2338759209215336,1
0.2797584270632545,-0.18582970580658734,1
0.4495230168850854,0.9612587010740962,0
-0.41915037346424605,-0.10084305121202833,1
0.5463086980782238,0.15278354354434362,1
-0.6381061499679047,0.6903271438164725,0
0.9760205592137488,0.257937982838164,0
-0.6422962272521668,-0.9809704368941385,0
-0.03873775898855169,0.5239803356767255,1
-0.19887145843827436,0.9507733727008825,0
0.7013755974126884,0.5810016143344929,0
1.008198788302764,-0.05156079996830925,0
0.1793716559777906,0.5683145372828685,1
-0.17367839303736562,-0.5540391824750005,1
0.40129140265859276,0.8606826634461586,0
-0.1330759247095185,-1.076102759962415,0
-0.3889872505283182,0.8790966571874266,0
0.6952899008144371,0.7226502267064452,0
-0.484214063505734,0.020037207279119826,1
-0.026219873119281745,0.5762727914640979,1
-0.5034562102186926,0.2505491557216796,1
0.6376693579502384,0.11979757154683171,1
0.9261506824687753,0.47184976940778456,0
0.3110416082964211,-0.5654768980290665,1
0.5670184689306729,-0.2506456625968446,1
0.5427700562988798,-0.7995733016879968,0
0.029634534954862582,-1.162539751651456,0
0.6327041523545613,-0.15601940159987118,1
-0.7416894585880773,-0.7444238416849529,0
0.4516254304620489,-0.7274554336727106,0
0.8207464307916954,0.39751547741951504,0
0.01781902918546506,0.3874999347716207,1
-0.06709406434323806,0.46656158206492165,1
-0.46028981988704487,-0.0042451549140557765,1
0.38458440833490615,0.191265881611262,1
-0.57669986909416,0.09872970971240203,1
0.3434610939443122,-0.2791468938134042,1
-0.026514395072337587,-0.9491608046448743,0
0.3612556455332431,0.2394271214004388,1
-0.08990431006503348,-0.49979495348089487,1
-0.8803563273184184,0.7426982924316525,0
0.4279464692879315,0.24936307639887367,1
0.8547906985468663,-0.10946306209733256,0
-0.5514504236269424,0.7911972493289497,0
-0.21488795928197477,-0.3975805532601287,1
-0.990825499922913,0.3146797088682407,0
-0.8163052866799771,0.4954008638411132,0
-0.9700233543313468,-0.03772591482514576,0
-0.027432546718525568,-0.46890909670389747,1
-0.3798871265929338,-0.9280049879800619,0
0.30462095088171903,-0.964096002104559,0
0.09424432148856884,-0.9768357198060355,0
0.9788882225179812,0.2981671956016768,0
0.3188708313984026,-0.3366693474745065,1
-0.5073158190705452,-0.06582998769061792,1
-1.0070874394207137,0.15975524472950953,0
0.6227787495357734,-0.747260226200528,0
0.8347264984294199,-0.30539713300695975,0
1.1276670269183329,0.06567123816281767,0
0.7700279814638862,0.6292728734834503,0
-0.25560814428622963,-0.28722355106978614,1
0.3372881002915354,0.887544973198785,0
-0.2616050881259965,-0.3216673556358963,1
0.294774857429216,0.8698342066587454,0
-0.5910100235150086,-0.6426699779018827,0
-0.44252257231356174,0.17072365752627755,1
-0.4153967353679328,0.3956777085014335,1
0.8603842407304527,-0.3575823132074847,0
-1.0721334402443015,0.008652318376155571,0
-0.9455103812403753,-0.27095435194240214,0
0.13206902049684263,-0.6069127168030228,1
0.2305966943257437,1.0494795667533352,0
0.0141240019748545,0.9272148130362888,0
0.2936966429540363,-0.3577099703433134,1
0.5243016681478258,0.820185540731857,0
-0.26159414351836857,0.4145415293038631,1
0.19678215016837883,-0.3944685305835571,1
0.3289491261978239,0.3727707127235142,1
0.41934336333095273,0.024734077346732775,1
-0.31569890932086986,0.9280141978912704,0
-0.7075558446507388,0.8443094542723119,0
0.8860654813998474,-0.4041231777720998,0
0.6122021535289475,0.6819677373078312,0
0.27920544548986814,0.4405642584855127,1
-0.06622725979383731,0.6002290117680136,1
-0.563317660139875,0.36646189599710394,1
-0.3340256576839026,0.9812132633139965,0
-0.5171997313735852,-0.5926677748542494,0
0.11295169244765828,-1.0271251302039976,0
0.5072333045737201,-0.1594651943512704,1
0.32706389234508415,-0.3086766299179558,1
0.005863001001954948,0.46033106793188105,1
0.5150618985260846,-0.2890076780221114,1
-0.7229651904121203,0.35273610895529867,0
0.31424405327780147,0.5436288232409816,1
0.2500596441037489,-0.21596965583878486,1
-0.45488113749674874,1.012559864795668,0
0.656891774679794,0.8850642811942929,0
0.3621073466851673,-0.3675886997364264,1
-0.24133251123753274,0.4271227029654811,1
-0.47496777580797245,-0.11237033079466491,1
0.638364797260286,0.8441537378108595,0
-0.3950696113923817,0.8361141241049485,0
0.6644510512386108,-0.18236675474389327,1
0.3672479570049257,-0.2227584106693078,1
0.34296710985086937,-0.4365162439733241,1
0.04997650100482774,-0.8980652211488002,0
0.7182763410881156,-0.7840281375381881,0
0.9664826462354839,-0.4596017099671313,0
0.2904911714525305,-0.2874250162463863,1
0.4663893434351371,-0.23327885608644489,1
-1.0246030402750417,0.6216640684804111,0
-0.37277804598944775,0.36284086598742826,1
0.22874013020081635,0.41612173527330415,1
0.47692796110755903,0.2066610978453563,1
0.13364178506700092,-1.0232224256242817,0
0.35888915556498424,0.9069068797031936,0
-0.8212835904630583,0.5091448668403605,0
0.0932996548508137,-0.49390799402559094,1
-1.0074867116676889,0.10320591835489722,0
0.5309904217875105,0.03999269863509914,1
0.9848753677350255,0.29400356851856657,0
-0.11312473837681278,0.8309930789017221,0
0.5056517298726284,-0.8341236293499805,0
-0.4535884982385355,0.29757720843498053,1
0.2370546143695189,-0.4304229375262477,1
0.48559641025138495,0.9020610766055042,0
-0.3131121234807073,0.896274924708004,0
0.22456301992165922,-0.4767927169920263,1
0.2939088921060803,-0.4906857807524729,1
-0.9447232766226644,-0.39785826558824944,0
0.169605794195114,-0.5731008004141934,1
0.33466027688195876,0.6809245699915155,1
-0.39965899169565344,-0.28342270606895753,1
0.5749665615169078,-0.7676318939674386,0
0.5598436251913912,0.002248078614543978,1
0.4716496196172688,0.23460687896717022,1
-0.7664133883917003,-0.48605982008125603,0
0.34381535934450264,-0.3922376291727971,1
-0.5264924170587413,0.011180232884198157,1
0.009433680440264026,0.4766751301652738,1
0.1703580791758191,-0.6153499447806325,1
0.0799461021552237,-1.032544982460228,0
0.3521609272365024,-0.2870130208035733,1
1.0654047081573463,-0.27269479794423607,0
0.39996980920395075,-0.9163035158987185,0
-0.31822202199062405,0.3969783115125217,1
-0.17475812132207258,0.4156164990434918,1
0.27687560306093423,0.31872622905816844,1
0.20939533330751897,0.39651510912316024,1
-0.13707286473904615,-0.95830241710456,0
0.8737733506271552,-0.18125706875917366,0
0.3117955909061389,-0.8768109730038888,0
-0.2843380930358926,-0.5077697240865163,1
-0.028764967509491673,-0.504480644397653,1
-0.48786479937516114,-0.0973446914789312,1
-0.9200621845748784,0.01444877705741911,0
-0.2971187438764265,1.0206855124835978,0
0.5439810924257756,0.24978551115619307,1
-0.5252002119331428,-0.0953882453815763,1
-0.45926683892477493,0.30946461359961314,1
0.059540872505850356,0.47742633387431804,1
0.878887637869216,-0.42521200984387497,0
-0.3774921776629342,0.9679502191538394,0
1.0267372063333184,0.03363708489466549,0
-0.43876807144712177,0.879222322596977,0
0.8169392686282682,-0.8669315699532681,0
-0.6285424172253701,-0.8734454253463668,0
-0.3228029264367973,0.23321786721999127,1
-0.2241963782043462,0.4175362649546954,1
0.15479514129888544,0.4323980796898843,1
0.11754098637301277,-0.915809787490901,0
0.5421714293171006,-0.04204181061862668,1
-0.9648706661990814,-0.11722707331375799,0
-0.3486066097453857,0.2527133432175439,1
0.13395189764321658,-0.48508596781035374,1
-0.30229009231495885,0.5399322957008155,1
0.24785668645861514,-0.9212352356169323,0
0.4389631723641035,0.012670328353879436,1
0.22584836797963462,-0.44108793575710287,1
-0.22029594973171768,-1.0653756386453583,0
-0.07441513983589379,0.5185660468019109,1
0.9899493007375665,-0.4065342974195103,0
-0.32530864789762237,-0.46808361488204786,1
-0.38176474764725654,0.40022399587573787,1
-0.4679741572301509,-0.38828971081793734,1
-0.2032954107744676,-0.4676088656464928,1
1.0395980319833047,0.013329144818676392,0
0.8563892377430001,-0.7134976057027257,0
1.0502452699858575,0.12826259108882568,0
-0.783985675567102,0.6433671279791089,0
0.0782469304788812,0.6131561032802749,1
0.09583204333715897,-0.34361455191684087,1
-0.7572500645839269,0.640942054458341,0
0.10424439032572293,0.3421960259691345,1
-0.540626765778344,-0.0865303580689919,1
-0.5012977237635468,-0.8770291689496084,0
-1.0173612185660503,0.16676373354863536,0
0.30608184593196214,0.4025592353787766,1
0.4021252975697656,0.9959319231542925,0
-0.522337114626957,-0.8412659237633979,0
-0.6071313309934984,0.02430288366267188,1
0.11034729761998324,0.47521537595801877,1
1.2554367832449853,-0.026509088004293267,0
-0.43059304278736854,-0.12159185260649537,1
-0.7586252964638245,0.6099074424963534,0
-0.5250368050417221,-0.3165907271372134,1
0.269140468294538,-0.22992901138562222,1
0.43885332117630227,0.12913239173445423,1
-0.7290699561632459,-0.8426253261828629,0
-0.43109353120115523,-0.11738273423854857,1
1.0377781068902392,0.46520777286714526,0
-0.9325693670922774,-0.007229235442275172,0
-0.23527765895617483,-0.975844136718589,0
0.1233826206824868,0.46919998112228656,1
0.5751384090869833,0.5128968208276724,0
-0.058660651414211576,-0.5698421847683285,1
0.5267911687666943,0.03627072522416371,1
-0.17428608904739304,-0.7737720988025634,0
-0.5118093917482235,-0.7744482556596333,0
0.2965913766771722,0.5416467342363174,1
0.23703208945780474,0.997328726252507,0
1.037159835634508,-0.12968204003919465,0
-0.48496178693832115,0.21639244926145035,1
0.5909432556537237,0.704805579397495,0
-0.6201974551693707,0.11563621417379902,1
-0.43238388803681893,-0.008277043584564187,1
-0.7816171869782479,-0.6730774535911326,0
0.9080908656997033,-0.3692335012623704,0
0.008089006947294142,1.0630876101824331,0
-0.37018580951685587,0.26136262051658476,1
-0.8648756257924757,-0.6286390965815065,0
0.5080873445162261,-0.8960984266767936,0
-0.902073506173695,0.5661949240969121,0
0.5865530523211702,0.8058593520140752,0
-0.422409872215486,0.14003928416219938,1
-0.7996315740668036,-0.5514109937416996,0
0.638231921482468,0.7188354319034329,0
-0.5012576593889422,0.10435858509635451,1
0.4658496477399121,0.24008400727245888,1
0.5003191855429905,0.26681898029315176,1
0.6857715404373624,0.003442446802556981,1
0.5574631548356866,0.03883695472927742,1
-0.32628028384120317,-0.890523398916268,0
-0.39831467978384566,0.0702776875403337,1
-0.5032618178778069,-0.07947686686473956,1
-0.30537201965532684,-0.3771051271699053,1
-0.5833087954361093,0.29804760074217707,1
-0.19816992289011787,1.0043892377238883,0
-0.5241727523113082,0.06192624159851458,1
1.0137480945956385,0.1729103707008008,0
-0.5842125437620317,0.036973864341843854,1
-0.2583730669737425,0.3248084569685943,1
0.5966479155729338,0.12996913082200906,1
0.42638039578872416,0.01043832031275499,1
0.5989220305472779,-0.8193363435484957,0
0.4448917218958555,-0.9123506238505297,0
0.1246403396845541,0.469990514469542,1
0.5682116426607265,0.0841426473922259,1
-0.4209178294894395,-0.04433078366665749,1
0.7699883670757198,0.6034717788910691,0
-0.31382660002604895,-0.332923348845612,1
0.9010492227100322,-0.3797502828989748,0
-0.19704417740568075,0.3747624227756391,1
-0.7503447621744527,0.7807102957952476,0
-0.015862857027604496,0.5345247121806612,1
-0.16081476246717297,1.1058493901072848,0
-0.46782282061166736,0.06562336952641633,1
0.8817425110620604,0.5190244937135745,0
-0.4808246077855389,0.8184624193149292,0
0.4490680493038741,-0.8416295604732392,0
0.8216338070224377,0.34107091319050753,0
-0.5577452370108181,-0.6082082069708561,0
-0.7454873073131731,0.611301688710438,0
-0.8000958271650199,-0.02810089942096887,0
-0.7185802127294577,0.7826574710509175,0
-0.519865108148277,-0.04088319096571486,1
-1.0865513691710333,-0.18456068342378576,0
0.18717641940544455,-0.4731591452387755,1
-0.8516071481794347,-0.5002500989649724,0
-0.3225968905673573,1.0473140634338682,0
0.31494324949693,-0.9391679894662834,0
-0.3827125385064555,-0.4660597872485299,1
-0.25318072031027705,1.07267484052736,0
-1.02599666720604,-0.08861215936587802,0
-0.753708283371068,0.6769525940318758,0
-0.3662547387428307,-0.08208081081990332,1
-0.3482253011270007,-0.18782400425601486,1
0.921865128024508,-0.5832319920790429,0
-0.6337162915608205,0.992999165448121,0
-0.541519678934854,0.2365084077047127,1
0.40028223374906025,0.29272071164500657,1
-0.09976633074451706,-0.5647042822017276,1
-1.0237181992650912,-0.17686839679521688,0
-0.590693942387353,0.8382626983146432,0
0.02116384270725098,0.9948007541956517,0
0.018033070644268793,0.9390508607002989,0
0.021006569916346456,-0.5061844719279297,1
-0.735102633280832,-1.0067190435018913,0
-0.9716510830355249,0.35075452240606997,0
-0.853600460234005,0.2871400208509868,0
-0.15159747467133536,-0.4925159536588353,1
0.4357947011568427,-0.29422271863823257,1
-0.3767048987169761,-0.5072799320951582,1
-0.4093884504968176,-0.8690704008164989,0
-0.13577346562411496,-0.9433765058994942,0
-0.45651057900957526,0.16834851019425096,1
-0.2984213599989669,0.5943640901065939,1
-0.3515120181032905,1.0816102173360367,0
0.15943817671737948,-0.9578250135657972,0
-0.34172105793971275,-0.5316265254002155,1
0.5778540460288532,-0.15991107637931024,1
-0.5347847261032447,-0.8622667903159879,0
-0.5151242871645675,-0.34323655507291817,1
-0.4194956601670492,0.8923898144883764,0
0.35296766576406824,-0.37750203574719354,1
0.6559056416196001,-0.7825017067578269,0
0.8280150772879922,-0.10983423030362909,0
0.47427230469356085,-0.09741060502555057,1
-0.2101734078538373,-1.0634063012509891,0
-0.09339803495675056,-0.5973870914229623,1
-0.3967957465819428,0.22406613658554445,1
0.7191771778237884,0.5812610979371422,0
0.0876093479144159,0.3921557037208773,1
-0.9371412762518265,0.05420109628961011,0
-0.22031268146665167,0.967074061188894,0
-0.2795907849974367,-0.47135777929312594,1
0.24658741891188213,0.3355546548144261,1
-0.2584926708671406,0.9449420662089688,0
0.8422980238624085,0.6906019363133769,0
-0.38918877457517875,0.03788019804065598,1
-0.5495329082885314,0.026684113593237094,1
0.676280130033925,-0.6175319054552586,0
0.11092347427658572,1.0018278790525212,0
-0.49781555914271614,0.13975284218840972,1
-0.4804145247950676,-0.9409947646255533,0
0.08817178614853474,-0.9097735904719519,0
-0.6605930139132377,-0.6261498596180329,0
-0.0735156661778694,-0.910534414864756,0
-0.6299332067897421,0.9335414112655238,0
0.8816541067807182,0.07506736210507098,0
0.3922320870493993,0.3665122749831191,1
-0.7510950981383979,-0.5312114732435997,0
-0.17570076100465304,0.9344582767761105,0
-0.42541545301746564,0.9393220105855921,0
0.4426323039947719,-0.0607243002854493,1
-0.2128675673529724,0.33504105583502175,1
0.12584128874794914,0.5426323989391479,1
-0.14775288958597094,0.9204257809188808,0
-0.3967609273330271,-0.40932115789393014,1
-0.5057228396276174,0.7833730072840238,0
-0.2982109070673602,-0.5765978872941533,1
0.09389766662663396,0.4044035913564882,1
-0.38017535386367785,0.3075768787536971,1
0.025049429854650085,0.4115105847457662,1
-0.3467575625860938,-0.12486840023570425,1
0.1461967096823412,0.4103760547151847,1
0.5862869684165234,0.8266252156712874,0
0.28884325810585304,-0.4296070954527125,1
-0.207480908531659,0.6019411726511661,1
-0.07649714797277357,0.9405659871769607,0
-0.24928185357525848,-0.4286391814483558,1
-0.4237889262846,0.2456833164676499,1
-0.4555933669315191,0.12619421972919376,1
-0.008477797704704557,0.5042071575973632,1
0.9024344868664449,-0.1060903624803491,0
-0.40296500073226565,-0.34519852037422727,1
0.909107236984257,-0.3498720800141788,0
0.12742054316348062,-1.0418460796089026,0
0.8805007147848358,-0.695273292194087,0
0.7050035425073077,-0.6119387857608255,0
0.7859677597328528,-0.7070907511294275,0
-0.17999761693680466,-0.44965220332080746,1
-0.5366839110030174,-0.7828178158263291,0
-0.871429645191228,0.27935098911802025,0
-0.3356663291831148,0.13506497226825875,1
0.4726964826772989,0.8753509732283266,0
-1.018867987189811,-0.2381562331935254,0
0.05133085617203569,0.47414949983716637,1
0.5458628160681752,0.6396523173657824,0
-0.3805282963320628,1.0414580409832062,0
-0.26632530974018565,-0.5118163740703728,1
0.7833430808871845,-0.4719179317288405,0
-1.0263753533065882,-0.17937127409087233,0
-0.5016156222108673,-0.9255196539229182,0
-0.20324094359809536,-0.44081260572230996,1
1.0481499721692695,-0.0861586302753425,0
1.0262405901515022,-0.30643955995875993,0
0.6681830488614201,-0.7096672588160979,0
0.7580903669108949,0.7838076113071879,0
-0.45493251753512903,0.08301712817579088,1
-0.04541626048843855,-1.1013202391024903,0
0.1313655110442281,0.51845320532311,1
0.4318375248691948,0.017422881901217047,1
0.03201097550897038,0.4591350913542472,1
-0.2946157814076369,0.32468477674055635,1
0.5356462459418756,-0.19781803428624084,1
0.03553551084745159,1.0473204114316024,0
-0.7388896977577881,0.6635189223013894,0
0.07061534686218668,-0.499826196692,1
-0.555665279391408,-0.8922238727871303,0
1.112761800301445,0.3384715335666688,0
-0.5109682238714499,0.03952794495530729,1
-0.14095791644983247,1.069512143175334,0
-0.017372839801227672,0.9973524576731841,0
0.2945054315103892,-0.3826478828818375,1
1.0622883808911632,-0.1787977888565824,0
0.15062267055333176,0.7435914484919676,0
-0.020607698352820752,-0.4826526885239499,1
-0.4302871894587546,-0.3461571909630959,1
-0.9245546300494533,0.057010622251077184,0
0.43986389811857646,-0.01377878962604541,1
-0.6824166239739378,-0.7249874277571039,0
0.7763171376675633,0.3175759820950727,0
0.7533532559727576,-0.7056365242017147,0
-0.19251904978446388,0.5071415597327912,1
0.24568541376753317,0.5278745200859575,1
1.029817964932882,0.1462361882389211,0
-0.07521458182021877,-0.42424923396557646,1
-0.45524151994183515,-0.3407055056261183,1
0.6226322625699668,0.7150430425610728,0
-1.0080561296759343,0.16307241669948294,0
0.8895091136800124,0.20579751269155813,0
-0.46269728606455596,0.9323843381387085,0
-1.0698275038778737,-0.16351512305336097,0
0.983271915702784,0.319296566421392,0
-0.41365276941972046,0.1575001360548255,1
0.2451714261032285,-0.378368296414258,1
-0.4310576842221815,-0.3630978660679492,1
-0.16320979749494854,-0.3942900336720809,1
-0.1452742571385149,-0.870685659027595,0
-0.3130929236172053,-1.001923530391716,0
-0.12182353636099119,-0.5200509485200838,1
-0.4343850462595838,-0.20050107779539378,1
0.34161812777366807,-0.39934615156133313,1
-0.025856094268139892,-0.9789682996290386,0
0.10909432781030444,0.46435103078077533,1
0.7764615481046712,0.5640531582903617,0
0.30170050444882823,-0.9017834177704941,0
0.2472012749466226,0.27606718511783784,1
0.021211528304501674,-0.4500267433310115,1
-0.9478635608495304,-0.04201462592550234,0
0.35814596868494863,0.3043451852986202,1
-0.30568042337094775,0.40844249847422537,1
0.39630088817936315,0.9592150898754295,0
-0.37345162031822693,0.13272156061668586,1
0.7559016136151783,-0.7628131935385342,0
0.03933568407801959,0.5656036601749377,1
-0.5263311225367832,-0.8197759710650638,0
0.516946505225998,0.08410306735190486,1
-0.05365992065336167,-0.4630064298501989,1
0.23050945655851626,-0.6526231686673835,1
1.0408686938941127,0.16847210247572814,0
-0.09464987483275711,0.5337674507391111,1
0.5801359414983961,0.7526812830066625,0
-0.5463947147532642,0.08918180005038638,1
-0.17723709710965904,1.1541230033290872,0
-0.9392589926382401,-0.4366676013648882,0
-0.06230838091183295,0.5396582929943263,1
0.36993114723743836,0.4854563909074586,1
0.27150538764190335,1.1072749379783846,0
0.2060641780166737,-0.3322015905013573,1
-0.6251296266457744,-0.8720636502544669,0
0.06107319973695545,-0.6065880412400801,1
0.14466641285221873,0.5397905258218691,1
0.4336103372588401,0.14751813625489044,1
1.0169660705406351,-0.22456920486084786,0
0.4786379698490508,0.9958822178732329,0
-1.00030937843016,-0.14409338276960956,0
-0.07261105398791873,-1.0115896671159124,0
0.9895463209128477,-0.4256255857316516,0
-0.09390656998418645,0.9476303151951015,0
-0.3309316223160982,0.4137249760776853,1
0.27679605472475793,-0.4501922939303344,1
0.44253206029964665,0.2252984120154804,1
-0.26776348561446317,0.2829744501191706,1
0.15109717457238786,0.40854721875837025,1
-0.04058576610424265,-0.9680550207134555,0
-0.5983353996671195,0.8406059230591958,0
-0.7324927299074143,0.863414805607226,0
0.23879507677627626,0.4613854356276019,1
0.7263417611778897,0.5265107294072496,0
-0.16644235093904655,-0.548491018951174,1
-0.6144849061971496,-0.006533845958498916,1
0.040402074149565655,-0.4735279972312167,1
0.5527103635149279,-0.8713276995866129,0
-0.046757112486914096,0.8833521362491201,0
-0.6026325362620593,-0.809983998599259,0
0.46607739205621956,0.11845702197550055,1
0.9330677297446129,0.638330124833274,0
-0.7403506804528988,0.686407370506485,0
-0.5544556111928192,-0.9443443176543362,0
0.8080100734145165,0.5573010782056642,0
0.6235141372689484,0.7084027681318379,0
0.9672781003003905,0.07065624779183545,0
0.7022617028552212,0.7131137077088519,0
-0.18463507125821782,-0.48882207380645953,1
-0.21995881619079924,0.4904922785002846,1
0.26395582226800934,-0.5296402530228972,1
-0.451278929097619,0.18913570555981382,1
0.6957862429060668,-0.03893821355981427,1
0.023954132209857596,0.5430307423578453,1
0.12710067299324898,1.049480429966585,0
-0.19100181031522964,0.38211372753906114,1
-0.2711912242927068,-0.531120539438127,1
-0.33415786225742405,-0.9759132605570349,0
1.0041791150244659,-0.10584623771335559,0
0.5676384530498886,-0.14561443204035676,1
-0.9126046372132834,-0.10644635224759948,0
0.10676045960337645,0.45306621171850847,1
-0.2517196972494611,-0.4498882874809469,1
-0.27491528118180913,-1.0130733951409747,0
0.23899628040056942,-0.2879038513860616,1
0.5040904008558894,-0.22600714268837746,1
0.1766143912450027,-1.1770933300883626,0
0.11751338801749192,0.5118218094654239,1
0.7392598096366195,0.667266398684315,0
-0.4131055518242943,-0.4808390798906655,1
-0.5882113740991886,-0.9010375289136993,0
-1.0851764407497306,0.051860452714838606,0
0.5568736182468231,0.05224759630110537,1
0.42282201105041967,-0.3639678758030207,1
-0.4698623653385193,0.42345059224907755,1
-0.14734925708612764,-0.4968069694602736,1
-0.28973079849564476,0.8459687831848935,0
0.47158223316685166,0.836222863144082,0
0.31178309892210015,-0.2806607820711439,1
-0.5250738720020992,0.19751288799836877,1
0.356122528374648,-0.4138553532284294,1
0.7716494239949214,-0.5634366072310398,0
0.7733928293711261,0.6394540695885761,0
-0.4048952580281252,-0.3835696661287927,1
0.17004946175390964,0.431629065212979,1
0.8799347017871059,-0.6105510036848782,0
0.20476743562948868,0.4755688870875925,1
0.7462505054355191,0.7871810249356527,0
0.8515850604010238,0.45573344793831666,0
0.025604922865410606,-0.9384264734452632,0
0.45478947912867307,0.21353861279930325,1
-0.9639739254170214,0.0381786446016302,0
-0.46357408334666717,0.18911129395799897,1
0.1783313769440282,1.0970072110874032,0
-0.1770854761273697,-0.40910258692143464,1
0.4381255120716683,0.15377333855832453,1
-0.8827601676342134,0.7117359643354311,0
0.42057100887258886,-0.8832057880449465,0
-0.0901845927482808,-0.9404532768221369,0
-0.6511106842024661,0.8143051616291148,0
0.09523160459004901,-0.3874790505207665,1
0.11237892194999817,-1.108855183848912,0
0.49181553111245574,-0.3236292337719028,1
-0.18600736598011186,-0.4384961711749201,1
-0.7813083397021509,-0.48519938866665646,0
-0.2884873678172211,1.0060059227906724,0
0.050679906412797106,0.4637492201575681,1
-0.24294582838093887,-0.957727899278086,0
0.3792138964467674,0.10488270398150272,1
-0.4926968499405399,-0.3624407048640372,1
0.9272277356741194,-0.10007537669811122,0
-0.11606897632405609,-0.5508882978291347,1
-0.7576166068283364,-0.7298677133505499,0
0.14964512836430166,0.36678766977807276,1
1.0302825838529275,0.039878285918970274,0
0.3419545263576481,0.45218878102954463,1
-0.9468634959802734,0.24248814388023243,0
-0.22420655862972516,-0.5691950262082451,1
-0.06027630786319428,-1.0323383203999368,0
-0.745045289699412,-0.7226446426536576,0
-0.07394209916850994,-1.0977383292615919,0
-1.0325210439342731,-0.10173853773609845,0
0.23245224411799303,1.0981520404441183,0
-0.6260405190031316,0.8120422848012727,0
-0.3497348098601882,0.1584601949802935,1
-1.0515383873146598,-0.008686455653480654,0
0.9648924710730401,-0.5290668283774841,0
0.06944800278927239,0.6025970185380548,1
-0.7444594603149729,-0.9295361402653677,0
-0.3379902279042279,0.380435787138334,1
-0.6582013019183468,-0.6608587642338739,0
-0.9656782940939487,0.22895967544612078,0
0.11294460110167988,0.5033700248440468,1
-0.22414651490202125,-0.43730893016504696,1
0.17870753138974269,-0.8661210079975243,0
-0.523730596443917,-0.8729675373042947,0
-0.6211618123146189,0.7010158663640345,0
0.662686075956663,-0.6986052445604891,0
0.6216165577254691,0.5552904522288267,0
-0.5105010932097785,0.25315822399165955,1
-0.14046641659230563,1.0413841629800504,0
0.5864271259941954,-0.006880193276710064,1
-0.1747989658295005,0.9428113506601103,0
0.06185224795536913,-1.074047730554543,0
-0.307241493011038,-0.1069267691615414,1
-1.0819858422809427,-0.23813233502007167,0
0.9707001791879483,0.3243212847536625,0
-0.9599889736615338,-0.2900451718039657,0
0.42223037087599774,-0.43696786464238463,1
-0.1116415316435897,1.0735870571809438,0
0.5068171911631546,0.4507625579878667,1
0.9690574211007261,-0.3694167224723556,0
-0.09322598334645746,0.3722361857259205,1
-0.1979633972306592,0.42839713833414284,1
0.08847218442477998,-1.2046042035394322,0
-0.09614348436296319,0.6413519988733246,1
0.2152797405755813,-1.0649745571703462,0
-0.32389113225245936,0.9965914554014488,0
-0.3740878304485241,-0.18156231225154953,1
-0.011622676370740073,0.6574054698014172,1
-0.6849316089338771,0.5918003012266149,0
-0.06891356240974715,-0.4905621405169257,1
0.5734993286557505,-0.9071137511058965,0
0.761646199351893,-0.7603393911744841,0
0.1076497128626144,0.933123299294735,0
-0.1127233641935339,-1.012203484774431,0
-0.4671129545785171,-0.5061358472758273,1
0.2744403494602955,-0.4205099901053567,1
-0.793588207779873,0.6937739404801155,0
0.15286050742583895,0.943948335146016,0
0.3385885103814216,0.3141964358828848,1
-0.9885751242576976,-0.2736395351177673,0
-0.5615879198898213,0.7693006753276143,0
-0.5532146323126617,-0.23159824660243677,1
1.0083816736865436,-0.059462328993815046,0
0.06343646425076724,-0.380038024489694,1
0.3698969855598784,0.21753568029687856,1
0.10221494307106391,0.49929799579680256,1
-0.3173215951608921,0.357210982429118,1
-0.44923841210643556,-0.8791975903519593,0
0.9885975105032391,0.09320070625095683,0
0.45735815825951376,-0.030245728103081786,1
0.3646348723858258,-0.9113367490803768,0
0.8262769720751231,0.5068549577677591,0
0.11836419190034381,0.42979581609966444,1
0.24620621753540933,0.895945147177113,0
-0.13916197731774882,0.9459185345654236,0
0.24023796575015355,1.011140850216017,0
0.13010144786656289,0.37716593555751377,1
-0.4353425693870396,0.3406846771904374,1
-0.18430605145193374,-0.3728226235898543,1
-0.9034210977129726,0.5429204294675607,0
-0.8601705079051026,-0.7240470158324519,0
0.006855284604791313,-0.35647761350016294,1
-0.4638431113077287,-0.1323139039020047,1
-0.749658059056002,0.6048369233803215,0
0.7116086626750847,0.825470477432248,0
-0.5839381318278265,-0.7872304340200114,0
0.8960796229849834,0.4018286597541973,0
0.9787214303532936,0.11218889012786656,0
-0.3055401489353109,-0.4202732919549423,1
0.27164127078870415,0.41022221042457174,1
-0.6163952690857073,-0.6334859931119545,0
-0.4158200783056546,0.3775105157511891,1
-0.13826561710740307,-0.5503452031173738,1
0.9942547649087973,-0.007865977508398646,0
-0.5177720365804632,-0.3433244004476307,1
0.2168167018476242,0.435910897260912,1
-0.5064573408580231,0.2771071091967441,1
-0.5278664353797956,-0.06988994348399837,1
0.31805061914486943,0.265199628607924,1
-0.13306241196619398,0.6070167936998214,1
-0.4161503829518714,0.2503596275151367,1
0.19829726897681815,1.1160023201987208,0
-0.06695804060374622,0.6758582028957201,1
-0.843114659312872,0.4478233918912759,0
-0.8779407611978826,-0.3571921892554625,0
0.6094553056940957,-0.7638818199469539,0
0.5035169560057771,-0.1590741473075477,1
-0.6825342641524068,0.5891373082506342,0
0.4871351380490468,0.46922755485919787,1
0.03341835350808278,-0.5749741494155649,1
-0.4096719989956668,0.06614855852964933,1
0.09873489214786414,-0.5378622029192215,1
-0.34164063144573964,-0.20166801468666348,1
0.9999828234480033,0.13204499919054727,0
-0.5099750119527642,-1.0107195267658085,0
0.4329109080642616,-0.37787043789209357,1
0.41188667349621194,-0.8225635617968825,0
0.49132448651103544,-0.09564585413159632,1
-0.6347087948605619,0.9187686048524403,0
0.9471675466730934,0.28651219683299467,0
0.953603648207274,-0.050685643907886435,0
-0.3284794923031735,-0.49800572989571457,1
0.904766623563497,0.3572097632667451,0
-0.21084561485347245,-0.6569959329378634,1
0.37143667910112443,0.016415325900160926,1
-0.519328839924492,-0.3874609357260675,1
-0.23646024738694743,0.3565236858342073,1
-0.11071189595292145,-0.9948971712528079,0
-0.33733401832161747,0.044680026237665496,1
-0.8709298061297859,-0.05530874901977441,0
0.8939591969151666,0.49269925253608243,0
0.3800418934131975,-0.7835730969139811,0
0.9474973481857418,-0.22436257392708872,0
0.8149236232923731,-0.5701080707185852,0
-0.04878812021001892,0.44434013702710773,1
-0.5659293991545628,-0.14724900066751984,1
0.48104826832754843,0.3026321924957439,1
-0.5799967009081992,0.014104623427971044,1
-0.500889576332934,-0.9261654101024579,0
-0.04523959567160822,-0.5747952058933443,1
0.8754262609891704,0.5625784767720374,0
-0.3080269783605755,-0.5924485375416743,1
-0.3102189262131099,0.43375711827410324,1
-0.31233852682624064,0.36463180156614544,1
-0.4535023839752242,0.08002211098468931,1
0.5158921354986474,-0.7549018313707202,0
0.4291507185594109,-0.24514814313232822,1
0.13596392113060302,0.5166170092669877,1
0.7132583736346674,0.6527211326430143,0
0.7999863733201575,-0.7217394373687149,0
0.04586291737384869,0.4393353030807819,1
-1.010737564163143,0.2880247866889766,0
-0.7730914268310087,-0.40026041094680037,0
-0.43878479737606363,-0.23782529050592366,1
0.45443130157346057,0.9052574364817724,0
0.011171375337130376,0.3418208985708001,1
-0.6556208954639159,0.827662950974603,0
-0.8324185108844089,-0.7916558584529083,0
-0.7968939569782384,-0.3172783516831303,0
-0.7711452525710076,-0.3470049680469375,0
-0.1872447358740848,-0.8447557051420653,0
0.004620863825612231,1.0668300440040426,0
0.6809912312234672,0.7202788391773579,0
0.9793060078743183,0.20544373127042015,0
0.37252244975169374,-0.35738827209368507,1
-0.47514936721108175,0.09163324508778317,1
0.7695581788217577,0.760192296887819,0
-0.5489882520543098,0.06662734990662834,1
0.31203113427095314,0.20109341773755463,1
0.577960813453338,-0.9580071421644443,0
-0.5843498921304178,0.015714543687916735,1
0.09188930126255682,0.4121986839321883,1
0.6485312096343903,-0.7881893775233008,0
-0.2308442027718411,-0.8403751606134948,0
0.28681495101847243,-0.5146728865991959,1
0.3508160878852326,0.31552426356941143,1
0.31387012885184185,-0.33578242959041177,1
0.4555135878859724,0.12318393539765213,1
-1.0161501470959773,0.11659418452287937,0
-0.6158728121187743,0.7316289051311763,0
-0.4726576870187812,0.2617088542597183,1
0.5167102118778227,-0.9285297843739083,0
0.4526558345558973,-0.32055458048397706,1
0.5073035603585088,-0.8317447924608256,0
-0.38773886322671425,-0.11405957564598472,1
0.41945484861377913,-0.3371660209670269,1
-0.11988895700217997,-0.3627767192504825,1
-0.07780118957817089,-0.4230996721580006,1
-0.13242956608725728,1.0162551820772108,0
0.1498174946581211,0.5458508069871513,1
0.586416463853271,0.7140638378392264,0
0.027362029963710295,1.0913602002436336,0
0.256117960016496,-0.38193830819204955,1
0.36939270729141793,0.891812630043258,0
0.16427612713176507,-0.35375528955675145,1
-0.9157887906688049,0.2680878260764343,0
0.24051089577497944,0.43729850136518955,1
-0.2239439878780913,-0.5023656232049291,1
0.05466388702564083,0.8362063629473394,0
-0.19633624656189205,0.48059748158977544,1
-0.5009391261380925,-0.16077630221941344,1
-0.27041896361130935,1.0211239395578489,0
-0.930202231803442,0.3993358216696412,0
-0.5160585155903125,0.005424779756461814,1
0.4541872528069366,-0.9220375200936698,0
0.534674031888377,-0.9678999613383816,0
-0.8428212822602413,0.41191265444270025,0
-0.24641447799341568,-0.4607695483255677,1
0.8594282987902686,0.6848863028725666,0
0.4280784294457397,-0.22523472928187813,1
0.5179293522637267,0.9539324742303346,0
-0.19831582457918,0.5352382456214737,1
-0.3152665515931927,-0.2619979067820941,1
-0.3549862159249869,0.9168759963622176,0
-0.49928371150192036,0.7825171508582488,0
0.37010056923948853,0.2916510889196322,1
-0.13171861109293848,-0.4809135953845692,1
-0.6206061863800819,-0.6087457211198545,0
-0.1135503605515735,-0.4547039574881153,1
-0.8758515674644031,0.4378894918093875,0
0.9148957531678642,0.3415432406113869,0
-1.1067204350449402,-0.026257098779927407,0
0.9731252118301854,-0.2541372653728421,0
-0.9117313731987335,0.16867288230608482,0
-0.7238134144760802,0.6308491681779044,0
-0.49417473966043624,-0.1637318224529996,1
0.4094065710508695,-0.16287862049547192,1
0.4135483272961143,-0.8954609254625359,0
-0.002234142313738613,0.580632849669932,1
0.353922286481781,0.12725319055331005,1
0.9217174925178617,-0.10490056687840255,0
-0.25598140226164334,-0.34541416155767285,1
-0.08053478701393946,-0.4978795157170169,1
0.36182459344162343,-0.44018027392156367,1
0.9568686917658424,-0.267064388109298,0
-0.43053331252802907,0.20512895410084128,1
-0.14588912312513777,0.998361421084292,0
0.3652161390852896,1.177603381945895,0
0.8957895921717052,0.4585598754450478,0
0.35479389833106806,0.40984702261139894,1
0.002345384992740597,1.0401325754218467,0
-1.0379633295228474,-0.3581024597837788,0
-0.35863606228021505,-0.11572167039020531,1
-0.1489627920709622,0.966201837684502,0
-0.4629273690305871,0.3338625344097682,1
0.7897630053670774,-0.8057585230490708,0
0.4586051246647527,-0.14413915033481167,1
0.8374569318554113,0.34978970914016544,0
0.15177754179354946,1.0481430727587187,0
0.36092821332666936,-0.14892261894791076,1
-0.03466523927655539,-0.8820778630992494,0
-0.49365890705622906,-0.0751574979690437,1
-1.0440597894414365,-0.2443273745826269,0
-0.5186192701423975,0.08896397265890851,1
-0.8310054458302636,-0.6458818710788329,0
0.5800673073831089,-0.8184914181917201,0
-0.2042040695463389,0.42392139568187176,1
-0.1066195100753173,0.4231308058717753,1
-0.2620727920376744,-0.34234145259166704,1
-0.4322555073735702,0.13597558288839898,1
0.31529432110028976,0.4914678657640245,1
0.04665789483305918,1.1303202108050423,0
-0.5784827656477884,0.057797395945454265,1
0.9736782630994684,0.14060304831074083,0
0.5200569625584166,-0.15361816895801825,1
-0.07060912812981687,-0.6825119902533506,1
-0.4961815935393351,-0.27669257859711605,1
0.6472045490527459,0.6892261166419024,0
0.38783799031988103,0.49753762768239546,1
0.20903761891994452,-1.119044327088802,0
-0.41129912704440835,0.029939669671929292,1
0.31222427757559135,-0.29697228146868704,1
-0.9244279934863352,0.4119116002152055,0
0.4881154409809447,-0.28311022552547443,1
-0.40376810235934646,0.20878837543975423,1
0.9171704205172536,0.3496273255760253,0
-0.09143365253704322,-0.5035996581572906,1
-0.8958080472136762,0.06880650834044517,0
0.34604178727431406,0.0828936879054778,1
-0.2213951191432775,0.3849874484059312,1
-0.8316064619962249,0.22509392787566565,0
-0.3745520330827481,0.22838585918852186,1
0.8952214172769977,-0.3334986924633018,0
0.8637919821023416,-0.0009986788253720583,0
1.1513782911663342,-0.13742369308361352,0
-0.03008894464120404,0.9787143876995974,0
-0.08227138161148473,-0.9441451423327207,0
-0.3947498604375781,0.20171082609757382,1
0.045286336279252715,-0.4494648123912404,1
-0.4687912069303806,0.9916915907505264,0
-0.6995948179965606,-0.7076923142964782,0
-0.40579200558272865,-0.9087960312223208,0
0.6133074938650036,0.2547966025858347,1
0.1182020929352787,0.5068040072187641,1
-0.021532064422630365,0.8303350097343504,0
0.35188175729880944,-0.9904430808599558,0
0.8629885392374317,-0.17067571816272534,0
0.2789690279520916,0.5638575179687002,1
0.9336621468404335,0.24658787791436665,0
-0.1947245141170995,-0.48881097535575013,1
-0.23437760799865495,-0.4865980685095389,1
0.6800760235841112,-0.5241792142934819,0
0.35503015377205555,0.43859251500838714,1
-1.0006101360280462,-0.25589835579891285,0
0.37278795847204466,-0.4423636492508194,1
0.3831520870205885,-0.17110677268335917,1
0.5450821544167658,0.08134778961842051,1
0.8670355816911014,0.22791997896029834,0
-0.7059227192313002,-0.5721129215442877,0
0.5550511055731038,0.9765203189516113,0
-0.33871655794151856,-0.09457645464673142,1
-0.3296789354781807,0.21010825443930164,1
-0.9034032894300812,0.24042617403836652,0
-0.46344747802342506,0.12423423385743307,1
0.08257469018584189,-0.4595343761066376,1
-0.37587743044250543,0.9743112188865706,0
-0.7315630725338642,-0.5270803116673106,0
-0.3041861963784285,-0.8052581409553915,0
0.5374927369720505,0.8639130270382048,0
-0.1711751537566955,0.9651844668564118,0
-1.0641120573701632,0.22388201687026948,0
-0.5778094464297973,0.0839796596711651,1
-0.32498176247829996,-0.2913855077636188,1
-0.47215618659039,-0.03548526675035944,1
-0.38320098722749285,0.49671637390581547,1
0.46294371967113374,-0.22991096844780765,1
0.4077802562187072,-1.007080440983872,0
0.884878193599493,0.3066435728279798,0
-0.8589108865372899,0.5495801922212792,0
0.3089492167738202,-0.904126645110054,0
0.2716704620057203,-0.43509963624810377,1
-0.5137483562818077,-0.17628937407402967,1
-0.029605472699484187,-0.49061654183635395,1
1.0167515539464138,-0.1503151126177732,0
0.3009503357628756,0.8502309555354887,0
0.29917679509697404,1.0354888937325286,0
0.29427788298181107,-0.537141804161981,1
-0.554346622574275,-0.7168773268828081,0
1.0290440750531562,0.07455829803666389,0
0.25005032510497116,-0.9708355176713156,0
0.7754251301819728,0.7303938570263628,0
-0.4334758738413251,0.32657472701744694,1
-0.21523384340615342,-0.4685569381886792,1
0.4618793879802608,0.3318113773660449,1
-0.25098720036820876,-0.9544731090027965,0
0.7324436748326895,0.7500979298870923,0
0.20438412296062985,0.6007414315195938,1
0.1235700517257215,0.3050027162875028,1
0.20905790329174254,-0.49120852319975267,1
-0.35909959100437827,0.04072565473323496,1
0.1855206776755183,1.04343799439803,0
0.4618176906659493,0.06449681297352236,1
-0.266283896212709,0.35854276408100466,1
1.023717829956345,0.45441758629223095,0
0.08478023354083926,0.6055939124813507,1
0.7508979479900234,0.6789076986193339,0
-1.0737646328071282,0.46575072845231635,0
0.187966653036116,0.3053232232879788,1
0.46808374978578543,-0.2601143589511842,1
0.4513596916960959,0.265112322855471,1
0.10491897704905767,-0.4528473401867635,1
-0.7480841636522793,0.3689627172771232,0
-0.9051564022681664,-0.15337634815023626,0
0.37785019925175967,1.0172128696025762,0
-0.6215791394190544,-0.7212357720147842,0
-0.7161280185481524,-0.7169670051198844,0
-0.4388414761153651,-0.4189894161626559,1
-0.7768715631463966,-0.7362938566050402,0
0.4452396163819751,0.16907547463364037,1
0.8693158906658447,-0.4469347710278784,0
-0.44430050269626875,-0.023692053021868813,1
0.8674787561062145,-0.4054203583694789,0
0.43489808740987357,-0.7011676563797629,0
-0.4381710582006502,0.09006952610792383,1
0.035625218640653544,0.4983395720514333,1
-0.37519937875700915,0.43204735679850553,1
0.5568322864159446,-0.13261517748357263,1
0.31247392887506376,0.9911043718288546,0
-0.6986287511613171,0.6372110621827636,0
-0.8630395546440277,-0.7955567383918429,0
0.8279233062187277,-0.4994791326759592,0
0.2321735045690777,-0.9766805956867783,0
0.02786849237276355,-0.4732497470851118,1
0.523620850046138,-0.32557586222446033,1
-0.3744068852718422,0.02651993273145948,1
0.32612245621329683,0.332915301127953,1
-1.0112225618470398,-0.2122109967818211,0
0.2788468110019115,-0.3950583905795651,1
-0.7298364847449141,0.5635741407516699,0
-0.9492654665214713,0.28469577935511037,0
0.956901078224528,-0.457270712424919,0
0.02884804970533028,-0.4603303309449673,1
-0.3640639966382099,-0.43995219292533105,1
0.19356705928850992,-0.4575983917811304,1
0.5341126984065101,-0.845830134182313,0
0.07040429114988783,1.0305257844039986,0
0.24997055792380976,-0.3679458140150899,1
0.36786527982467143,0.386454278552002,1
0.9308997930229059,-0.7633392713818307,0
-0.7761009220691115,0.5072191639037023,0
-0.13283527645537652,0.31955623443606523,1
-0.41231139819115076,0.16689349931173628,1
-0.4071534663515426,-0.8407248477784786,0
-0.16076512060578102,1.0161857529077365,0
0.5022654108101389,-0.19167508899724395,1
-0.5504326090407269,0.40858618170915934,1
0.41667288768848587,-0.3319202539136764,1
-0.07760161484168766,1.0422222335579683,0
-0.23343753918080262,-0.9331326533773858,0
-0.09055490670907777,0.5034796842472833,1
0.25882493878842433,0.8728890272121405,0
-0.01117453605181691,-1.0617021615418065,0
0.8917010061897719,-0.08316017740605625,0
0.04597597271445595,1.0134307794658113,0
-0.37296711301342966,1.0096379923112286,0
-0.028549175937923166,-0.372607468270578,1
-0.4950272928597025,-0.3082690928639804,1
0.481178117236392,0.0291954184418963,1
0.2602399596036682,0.5427868006291692,1
0.4756936746188703,0.10503143894818165,1
-0.8004523543223877,-0.5307277833138345,0
-0.08071439289386739,0.42023919750103644,1
0.2811597363596431,0.2333609769082826,1
0.46259518774154396,-0.8614810719702077,0
1.0641754912647283,-0.20868841298579655,0
0.43088138647126495,-0.41868136958870095,1
0.8690128448436087,0.506874532819264,0
0.9971075152693433,0.10843146793231949,0
-0.41575667102076513,0.18814498519155434,1
0.8680355920842159,-0.5914761331751898,0
0.4271030139874184,-0.14155957963143703,1
0.06326365278248758,-0.5681280311813282,1
-1.0052578255172873,-0.5005873089073308,0
-0.8886007997975982,-0.4471881684570462,0
0.45665985801200565,0.2442835949355211,1
-0.27058543354903325,-0.3321770794255787,1
-0.5029629682984118,0.9224615133019082,0
0.5590104526511793,-0.011141130855974346,1
-0.980864349302338,-0.12134511680254524,0
0.29006333439580034,-0.40233786133233596,1
-0.028846562389440278,0.4448650839975961,1
0.33946569619071265,-0.3684077175847504,1
0.2384929330716128,-0.2262937716217421,1
0.4589215923700148,-0.08077672680334087,1
0.9174150013922503,0.33178012690800784,0
-0.7089902766296245,-0.6060368438194709,0
0.05350817217506695,-0.4831985313561907,1
-0.08861291101363261,-0.5483588059615393,1
0.7683934777544755,-0.6917843770693833,0
0.5069266987513411,0.2942112878863138,1
-0.5804321658159971,-0.17232315225360334,1
-1.0238674063485913,0.18605741742451445,0
0.3828124616593,0.37782562522856217,1
-1.0963139834680193,-0.2323691010220797,0
-0.9588306279368126,-0.052613618209028025,0
1.0305126669966962,-0.14798803269970146,0
0.4708499741566933,0.7646852347861625,0
-0.46692707102856557,-0.35023165626788894,1
0.33654933295407113,0.8421444416334505,0
0.0016227339335023166,1.0117104713518688,0
0.09194614400893338,-0.4008589705008898,1
0.9361523913784159,-0.564253246029544,0
0.4584536493257209,-0.3248089987624856,1
0.8673494778176747,-0.5224985790908953,0
-0.00980895419757245,0.9552078522637786,0
0.7641350545992638,-0.5131564780191353,0
0.9963543067905261,0.26028319719172865,0
0.37041537421760434,-0.9840219511450607,0
0.41384920633743,0.900078575640008,0
-0.42882903452167814,-0.9304635941907117,0
-0.05950871985395048,0.3824602961744414,1
-0.5913267861514382,0.7254667036370924,0
0.35629193139463566,0.9805251466810685,0
0.3421981260684616,0.23901454334849354,1
0.12924577871364795,0.8327416636821199,0
-0.3001578412447889,-0.9167252669713921,0
-0.7851411481391449,0.6307246636152587,0
0.27775041678002577,0.8570336066695309,0
0.3823550329243057,0.39264327820971,1
-0.31693694356393626,-0.9558692179242237,0
0.00841022441601344,0.45264105136113447,1
0.6221764730145768,0.8139817089979404,0
0.26722943993930104,0.3989743813568867,1
0.10395695758362075,-0.3688733773598634,1
-0.44480408970450735,-0.3025413477314244,1
0.18946925124663538,0.4964810133380336,1
0.1801086065947627,-0.8598024815914542,0
-0.5055788779506637,-0.8369505244894778,0
0.3155901021448436,0.3729226038862383,1
0.22337340925248983,-0.4057985151934561,1
0.8932712156940327,-0.35672740350875737,0
0.7236956992009537,-0.8574524292926955,0
-0.20185293355543013,-0.5414849361124066,1
0.2206095659606476,-0.4306176599533449,1
-0.2762837735343505,0.8108447156283851,0
-0.2706838880645077,-0.5735078977186618,1
0.49426910286984826,0.9703422048975889,0
-1.0910089209728153,-0.24324081305448003,0
0.44737864155726326,0.28769868881309274,1
-0.20270155648757204,-0.5119878725391531,1
-0.5081995667990113,-0.18817279693429062,1
0.3570831964577508,-0.22956236518546871,1
-0.43506050407120617,-0.09917047431078749,1
-0.7526828622704141,0.7393531425984128,0
0.03175709741479059,-0.9293553334704082,0
-0.810378196569316,-0.18339401842029934,0
0.3801864460047472,-0.20301480211596937,1
0.8706316917852918,-0.7837551564894006,0
0.8620704666419741,-0.4272799834824281,0
0.5518370126080846,-0.34892413887486673,1
0.39115857070952575,0.011212156774003224,1
0.1518101133516729,-0.4143593673201382,1
-0.864804242825769,-0.8077648660154407,0
0.4687030029828525,-0.7713261419345802,0
-0.9486690900234852,-0.2218291592994473,0
1.010116655850914,0.4300084439551607,0
-0.35803607900381124,-0.12939699868769416,1
0.5131569926177197,-0.03152153997336254,1
0.0659563809650595,0.5467721078838593,1
-0.8876413530029278,0.7305994856854671,0
0.19490223111687152,0.42125783576495035,1
-0.08101700692572286,0.8148965956310272,0
0.8678621167081626,0.657377918291276,0
-0.6193303550600767,0.7474588132859534,0
0.5433555764575786,-0.8326078417049569,0
-0.24219407875630955,-0.9683920556193951,0
0.6079856851834853,0.0237682845675987,1
0.5378989907733094,0.1010313115363749,1
0.23312342126218566,-0.5645520214085337,1
-0.9826309606051186,-0.29327594554267983,0
-0.6133565531012795,-0.5744143368985372,0
0.5154184586459212,-0.1458236795570902,1
0.47921333761435525,-0.19443490440931505,1
-0.9829598972037257,-0.35975042306690835,0
0.2873871057261461,0.42894244900208095,1
0.15781778691568601,-0.9800622494122355,0
-0.19932264034298308,0.9296798035336411,0
-0.7756290660519554,-0.3497014350842428,0
0.25195040263336344,-0.35676816062063876,1
0.001619487476493639,-0.4907451776002724,1
-1.046612077261377,0.22783684800895448,0
1.0057605392482616,-0.4831939500342114,0
-0.41681505483251513,-0.3812241070766646,1
-0.2855710751638009,-0.24722369022342966,1
-0.4335898527448583,-0.7589867477781032,0
0.5531268935627147,0.07378236949009204,1
-0.9971099097345384,-0.3156296160908875,0
-0.3266406448584269,-0.9254607644458271,0
0.9810195250069614,-0.14834561808956834,0
-0.9562496572933402,0.26799783343017214,0
0.1408137849375269,-0.42019927538764246,1
0.5810953796321108,0.9644790178071703,0
-0.25130949506332767,-0.2797909136838663,1
-1.01979482478614,0.06891934262711483,0
0.0742405212942284,-0.5697612078539438,1
0.33982618421343075,0.2520225117150918,1
-0.10595538695932977,0.4550277530257981,1
0.3465475424350229,0.8733320410650538,0
-0.3090491754516912,0.19838485848760723,1
0.0002188764832356943,0.5430533363188397,1
-0.7836089289724443,0.45872089088043133,0
-0.3301323184338068,0.1992305138753352,1
-0.37643837668991664,-0.4083651189778565,1
0.21578666856583104,0.3277167577872426,1
-0.42621128100433664,0.13176678437590936,1
0.5394118565784922,-0.03692438715772151,1
0.9944488724807319,-0.38227153045976,0
-0.3095771481505526,0.9087838954000649,0
0.19444220733567266,0.4312711494867083,1
-0.82606510219867,-0.5132626399617316,0
-0.34933330600762436,-0.23498030146002286,1
1.0259254281063885,0.11377394622573589,0
-0.4850781601296288,-0.07640698271365946,1
0.33740847345319946,-1.0775672711821929,0
-0.01635998579163346,0.5227598902619809,1
1.0048547181629661,-0.0682306101797238,0
0.4239952887047244,-0.9625568281521695,0
-0.47684704646927845,-0.07680669294555845,1
0.17352908411395251,0.46090104036350704,1
-0.6714534155971562,-0.7707214703888207,0
-0.13526182326795408,-0.5530125530056789,1
-0.022206214500607387,0.40121075694198016,1
-0.8893582726766392,0.21141943134864088,0
-0.28362097090045857,-0.9792059205271075,0
0.3702015700916613,-0.2541155905339318,1
0.33208371612957793,0.36244391941918314,1
0.5214092576855396,0.15946448611181877,1
-0.1534469112592225,-0.9093411027032143,0
0.6454864978797723,0.5961408725415027,0
0.948705470349338,0.20983631193079783,0
0.35298137021947124,-0.8689939719646325,0
-0.5335357862748371,0.32541463153735317,1
-1.0086904615310468,-0.07638963642557683,0
-1.041979117519674,0.21464284640377024,0
-0.24011506645441041,0.4519940681294681,1
-0.16171785850798703,-0.9467307425590317,0
-0.7368021074042603,-0.6702268390093532,0
0.3236354300463862,-0.33129695795146763,1
-0.8733770058204551,0.45662988260425474,0
-0.3210431579348909,-0.2695725040501494,1
0.3700467071439433,0.33027113470368735,1
0.3105169727301789,-0.3838966628998463,1
0.6737024655319536,0.8188798369416734,0
-0.5569291240658699,0.04983685264907615,1
0.3626781011041539,-0.4397323411851704,1
0.3106316575694378,0.45843991640090853,1
0.30444619724015587,-0.5410620542569058,1
-0.16423323935415415,0.3976476508895715,1
0.515992038867204,-0.8882766008548546,0
0.460237413491487,-0.18764168391411873,1
0.2102824063272145,0.9734545817863545,0
-0.3663857825534833,0.20662015486705748,1
-0.2767656310793519,-0.4569411003208015,1
-0.9131839753702244,0.3793131811739777,0
0.020043297180048998,1.0706699754917255,0
-0.43492291202444616,0.2736320326200751,1
-0.5531814487036022,-0.8471886534635391,0
-0.5179458757157505,0.143779108244476,1
-0.764680165806754,0.5926358043588974,0
-0.1701629408979079,-1.0296783694415248,0
-0.2689513902762338,-0.41299329920078015,1
-0.23420778069186265,-0.4410767633498555,1
-0.5914159170112467,-0.03246345874468971,1
0.9989437704415918,-0.0344410329416009,0
-0.3978264813186997,-0.9661719156721373,0
-0.7091196651426417,-0.6430407177403337,0
-0.8838854957951552,-0.26678880928227255,0
-0.3813690057090504,-0.413681562795251,1
0.4851407075307094,-0.2003423616944746,1
-0.04659457476951801,0.3311627163796016,1
-0.8073765074676255,-0.6168131225903994,0
-0.09358647224379704,-0.5357322684187145,1
-0.3596545548474483,0.2056713077667379,1
0.471316091251043,0.2047940030874589,1
1.045966511625047,0.11229791335881611,0
0.4802617038350958,0.9971443704622917,0
0.8880095623440563,-0.5751313567508138,0
0.30034683914251536,-0.33613077592582835,1
0.7570806804827972,0.5542803835842954,0
0.19660588010374494,0.3817971128604066,1
-0.20969471085837038,0.9210263716092072,0
1.0746768793549608,0.28610664630615446,0
0.2716925164747524,-0.41817320204111713,1
-0.2529853601680966,0.46721504844108097,1
-0.8652936200346819,0.5369452809647857,0
-0.38324198719304886,1.056293950380344,0
0.49804192477510895,-0.23608269059352463,1
0.4414613623834291,-0.8237580523173768,0
0.9797132920714516,0.08839031917864092,0
-0.025386111273361028,-0.5684501482005855,1
0.28861658592040995,0.9735513200861018,0
0.29311139997481755,0.9042314661929813,0
-0.6372856961981587,-0.8177338480921826,0
0.6689415079605814,0.7042988388693502,0
0.09089948250964196,-1.0837975298129912,0
-0.5230749421753016,-0.10849041448566828,1
-0.5737346682677344,0.07905527497094635,1
-0.15178596677256345,-0.4452611963056418,1
0.8804655332581023,0.5669049159971928,0
-0.507681969483128,-0.019373357824139806,1
0.9902478824346453,0.44968423014061254,0
-0.8315584012746238,-0.5783608433527266,0
-0.9158681474419323,-0.050612063867763624,0
-0.20179845338267363,-1.0175039563163146,0
0.25392660021863955,0.37604486178695934,1
0.34026844140773355,-0.588197422021562,1
-0.36465873154374123,-0.406136045562948,1
0.4695461024995138,0.18725375042791229,1
0.39594509359785135,-0.009830231072826379,1
0.35927279261564465,0.2553782343568689,1
0.8901832189564534,-0.2513193036992937,0
0.08662348266017243,-1.024943874818881,0
0.43522509316008545,-0.8925313029637189,0
-0.27950628171285213,-0.4120158297192294,1
-0.48393689228007086,1.0524105582302634,0
0.3634874495734912,0.1373479620784417,1
0.42496850523262025,-0.23343218271248195,1
0.3055958143249756,0.35137718529260664,1
-0.008217442591816787,1.1261303189404386,0
-0.5171394768216888,0.8218896646994984,0
-0.45422488202815275,-0.20708532186703152,1
-1.1058102408656312,-0.2390343323153124,0
0.5141005646554491,0.8262388142928013,0
0.6461485137359911,-0.6239239295370128,0
-0.03595686063128602,-0.45296977572767533,1
0.8433532949786524,0.14986966488834322,0
-1.1109407657781751,-0.1340358456516092,0
0.6763878690564447,0.7407101913536172,0
-0.4946034859973763,-0.2759858188132222,1
-0.8939075632110741,0.011382640924104178,0
1.0649287138418395,0.07907902463361285,0
0.9722325033104162,0.018682837017499343,0
0.23049059859943868,-0.3187858913215104,1
-0.4453258437585908,-0.34047814944665467,1
-0.8715325431946525,0.5664270972605415,0
-0.8679305680640517,0.5366085424399418,0
0.28481739548709833,-0.9202682045904044,0
-0.8493323284500367,0.6779578423645932,0
-0.7137899077900133,-0.7740278421640268,0
-0.9837497832398545,0.11802180467504227,0
-0.3011612773183447,0.33760310998881166,1
-0.42169545124407226,0.9782626855148977,0
-0.145446103722158,0.46903536154632675,1
-0.8309834162929164,-0.5264667094172435,0
-1.017529037044142,0.10371268244268318,0
-0.013206701932220108,0.42723508119981857,1
-0.30213141759644474,0.9284812674329908,0
0.9394691751203352,-0.07263347422275301,0
-0.33620950964736307,-0.8193642696744039,0
0.8751235910015823,-0.19341415146321655,0
0.06411918343925208,0.4635495025973102,1
0.35204567277963844,-0.1272300339854434,1
0.06695617042327476,-1.0835078914846445,0
-0.29517123817602625,0.35119581738181416,1
-0.42153390453010314,-0.8594266080781647,0
0.4920487974754552,-0.7140471549620486,0
-0.3519284708935745,-0.38362425544278483,1
-0.11794780860015322,-0.42877826914588735,1
0.9587791817345938,-0.30835576143823484,0
0.8218853831792665,-0.6477425710201774,0
1.026910194534957,0.30086253205707414,0
-0.1642747882117137,0.3911231229263083,1
-0.06974271270149009,0.9616122033811747,0
1.0580034689842077,0.12030815060926663,0
-0.9570596700158626,0.43870922150308006,0
0.056917583087178814,-0.9203252921419648,0
-0.1830503682932362,-0.254408719771651,1
0.7276405083087548,0.6511607909784678,0
0.3926916311572787,0.36111451899459523,1
0.49655591889149575,0.2577673555776294,1
-0.5615775454017868,0.3009736344593071,1
-0.49929936394982505,-0.23946819446717071,1
-0.9795573303097654,0.37133769515082066,0
-0.33367741953925656,0.2114217552093267,1
0.8918146723097264,-0.07090211849357614,0
0.15477826143913442,-0.39801074385932556,1
-0.5274143798135184,0.9003416027703812,0
-1.0705243336956562,-0.19192185192501338,0
0.2486701017338997,-0.46135972492323013,1
-0.667071609751197,-0.6977366815336432,0
0.33542668871605685,-0.2039573433889475,1
-0.3621811255935395,0.18238513537419804,1
-0.1541546600618972,-0.3616726879920013,1
0.9887321250271615,-0.08245616700321823,0
0.4471116957376132,0.023458626833721047,1
0.01004507356095194,0.5067210721064255,1
0.3235473486595984,0.5091920625364115,1
-0.3782355058637004,0.08097423096138301,1
-0.45961539429895526,-0.2974847695627315,1
0.295869344535764,-0.37134987722413476,1
0.18781320270057333,-0.4017453869671138,1
-0.6776206965740107,0.8772648738974272,0
-0.44071296525155157,-0.3544479714593668,1
-0.18841218911589672,0.4272236698312168,1
0.3771421980385336,0.4759085402069111,1
0.514492022076362,-0.006302947302985619,1
0.38596351087422787,1.1111163821703347,0
-0.5383581918026534,0.8788628505615577,0
0.4712160287418729,-0.7057097096241047,0
-0.22084537442389843,1.1909243260370908,0
-0.6224049761376681,-1.027125065808086,0
-0.10170895659920814,0.5564061260979515,1
0.4655536282697424,0.8061116591595999,0
-0.5351575843181349,0.24209130738912335,1
0.2959268712870427,-0.37017884358500214,1
-0.8435690278348209,-0.676046183160523,0
0.9277269655371182,-0.10387554620553804,0
0.5623935173152823,0.20197799222770707,1
-0.5007786104078682,-0.3125000714013816,1
-0.985513631296913,0.1623671826852922,0
-1.0151084859935076,0.1616997846837752,0
0.8988849606787557,-0.34847898122511933,0
-0.9251753322503968,-0.403399907444583,0
-0.06188362014417771,0.5769865041209707,1
-0.5189699141394978,0.7362324427876692,0
0.3466425240618981,-0.9616636910511079,0
0.656824036564184,-0.6018697225103956,0
0.30561563400318714,-0.8969306904673697,0
0.8872527022943262,0.3987027773817333,0
-0.6253661798557517,0.9728172667850751,0
-0.011055124225531968,-0.5573711963458478,1
-0.1252223486370751,-0.4686997850661826,1
0.9409712104588898,-0.08935691081523345,0
0.2939829780665688,0.5060068526458292,1
-0.3598101262499098,-0.1437024004811306,1
0.3032757657112356,-0.38118851855421687,1
-0.40283803199557966,-0.7581686870354741,0
0.36513912107449076,-0.32482271627517995,1
-0.06757020242929107,-1.00707892513634,0
0.05328495369290162,0.5540877701623829,1
-0.48963039775096207,0.2352692417772357,1
-0.4130088939179313,0.3697805762371724,1
0.5348492282464068,0.5512756663070476,1
-0.4177289429010887,0.8909035886729092,0
0.6623577819660142,0.11263983507673775,1
-0.2679038392030981,-0.4382757185847345,1
-0.03931518342626554,0.36864071663425413,1
-0.24383268702329342,0.39444802892608954,1
0.3715043410623071,0.00012802296209171726,1
-0.8379646985522906,0.44352607808964695,0
-0.22010142912196365,-1.0710417405906862,0
-0.8892029306313977,-0.41963700239826485,0
0.6185910853622915,0.217779885339265,1
0.6086865316960541,0.8676335997287787,0
-0.29774056270476557,-0.3048042411809982,1
0.37261088524067,0.35296071920402194,1
-0.26631764191786245,-0.935024682767245,0
-0.8615842842988946,0.6312872143581157,0
-0.019159914620024754,0.5978439963463034,1
-0.9991889920716887,0.24063479852263042,0
0.3155667083214682,-0.8847086726472225,0
-1.1636819601561443,-0.019474743876965378,0
0.5559985259816022,-0.8930858857555946,0
0.467893138255565,-0.13587243291692314,1
0.09474642839033398,0.38039728479293716,1
-0.3993166461593147,0.35580784633307616,1
-0.8644989532355922,-0.4729573629529536,0
-0.5755661293961284,0.7733725317471356,0
0.13733253609324464,-0.8031327914935014,0
-0.8749067601306758,0.23507343081763757,0
-0.054212817124258586,1.1103539759554824,0
0.45154260501604293,-0.39101573794024913,1
0.2804591406041599,0.5470121678143263,1
-0.4510014362824632,-0.24126927805436543,1
1.0710304969861637,-0.01934184717980193,0
-0.8662767162373498,-0.4699740950880349,0
0.3931855476320454,0.022464315423676585,1
1.0636925407788924,0.15749775968184265,0
0.38288431304977466,0.4027793204886402,1
-0.4083422891977819,0.28877151343935603,1
-0.4918200116847592,0.01588864476036924,1
0.5345132520925193,0.06321547426284127,1
-0.23563951684785112,1.0340365920741943,0
-0.32066553340934373,-0.31717692878102405,1
-0.10743991509887911,0.3748850659639078,1
0.06941123839194067,-0.42336243846692634,1
0.19449526923928157,0.41964282165247635,1
0.2798895910849329,1.0592048551643505,0
0.4105405515675845,0.44889999451997015,1
-0.40262394189792106,0.8322853643736849,0
1.0689710441768396,-0.07238244206697336,0
0.21726846261198907,-0.9546663210660963,0
-0.3844454644865858,-0.44245296152002545,1
-1.0420530751927473,-0.27906226526874534,0
1.004466506865608,0.10824729613099851,0
-0.5054988988868909,-0.7527895025738237,0
0.8775839294720162,0.6076935916454831,0
0.4249529488613633,0.007627854432758485,1
-0.2892746616674121,0.2835681918869296,1
-0.25970599909301045,-0.4747527211275535,1
0.523400686657141,1.02180531619488,0
0.1831570212302655,-0.46689372074006275,1
-0.5084020515591144,0.24849130038202188,1
-0.9208794152343776,-0.45137229400752743,0
-0.16149341463294065,-0.384848585397176,1
-0.3916298862560388,-0.04381319396089224,1
-0.5207462457204329,-0.8864553386941595,0
0.6934491333374072,0.7112373486600585,0
0.4497367055342377,0.22151516828660567,1
-1.1444254225781603,0.003151128152984073,0
-0.874342646642567,-0.5444222108178847,0
0.4457120902557943,0.04851233223476055,1
0.49396537140977287,0.9653603291850077,0
-0.3713506289362388,-0.32632914216949693,1
0.4373874582335647,-0.29797105587896083,1
-0.5597510448403128,-0.24334512151899917,1
-0.6285437963951013,0.532613399350554,0
0.3182731246794541,0.733858379708648,0
0.4284858858948666,-0.27446920043481865,1
0.36046239286181125,0.21287195189802763,1
-0.09060381282710286,1.0149277895484043,0
-0.5679081703685488,-0.8432327128459166,0
0.21555913826072598,0.31904933238720046,1
-0.032072008433519136,0.4846563619064214,1
-0.07323301881637984,-1.1504786949053585,0
-0.5190290358683014,-0.09451745682701201,1
-0.37169133477804445,0.08368689878336985,1
0.703517414825717,0.7926520937668042,0
-0.01013622162637046,0.5202618365424942,1
0.3237140665030634,0.5245126591320102,1
0.16245847647235812,-0.9107006310126404,0
-0.18928548424193278,1.084517759309605,0
0.2869870340788251,0.9017511353995159,0
-1.05034455774877,-0.15704054308612053,0
-0.40317090305416603,-0.3217548014688073,1
0.30407863078165354,0.4534623147070629,1
0.7653378502520604,0.7048615978373678,0
0.6363978551469675,0.8483135977391342,0
-0.8816686128009334,0.6964011758818288,0
0.22868661825120246,0.2975210277103267,1
1.070545445186792,-0.2573480014996426,0
-0.45237177228363046,0.873108239261756,0
0.24412221827644953,-0.3034899078706765,1
-0.41460528347622494,0.11131717772682957,1
0.7302666952267018,0.5007928898837185,0
0.2794365914517979,-0.3754828032586387,1
0.12152573249345859,-0.9477387380607052,0
0.9909954603018595,0.016085567068080273,0
0.3216092978220938,-1.02580465769281,0
-0.057626302926046355,-0.604771305958309,1
0.3562512015926392,0.9209081545093186,0
-0.13300588866738314,0.43622992133123073,1
0.3542069890115533,0.3100917746246975,1
0.8038276769285689,-0.5524168040264412,0
0.620387008298925,0.09815045424403482,1
-0.6822011284935889,0.7039860807650651,0
-0.43087930989983275,0.2983681617601088,1
0.43341351622758045,-0.17114683682220616,1
-0.7213618654048582,0.6498270804715218,0
0.3820667289278538,-0.22941040719794947,1
-0.14296621898753845,0.65678255905037,1
-0.5473103161915122,0.1655933806409385,1
0.47920646772706477,-0.9028154731605371,0
-0.4789707443414038,-0.7942833238874526,0
0.8396746256044907,-0.3296855117985076,0
0.12097139539154983,-0.45421439604781555,1
0.4177206825189555,0.07394496465328737,1
-0.10202465458353917,-0.9345766964553632,0
1.0129754191627722,0.3933529718317717,0
-0.6150338756754996,0.6468976987266014,0
-0.33442969191368627,0.010491916858098367,1
1.014478870951663,-0.11149848974017117,0
-0.37431003580821776,-0.32892554819932895,1
-0.20732089315725571,0.44189715517052364,1
0.5696204222224515,0.7319491078055571,0
-0.8558540493684182,-0.37125873492537076,0
-0.14664498148572697,-0.8228702767760084,0
-0.4090708439133022,-0.4249665908634484,1
-0.05319453169100306,0.4585197282264637,1
0.09807258320508264,1.0823674811403994,0
-0.27795882605623534,-0.9668622152496108,0
-0.3026223776905373,0.9417874952110205,0
-0.4168785253194212,0.1235608882848903,1
-0.14742662671444048,0.5193965410813216,1
0.5260774318012719,-0.28596430746557117,1
-1.0332904489268218,-0.19020234437978434,0
-0.15045900091132747,-0.4987921054445559,1
-0.01767173985305398,-0.29870720275580825,1
-0.2593285997496757,-0.27788124344510573,1
0.45335430427038137,-0.20353868979071274,1
0.04615230735969557,0.9655407180927359,0
-0.46632438692346156,-0.0265048369145323,1
-0.30543524221073126,0.35725766707029094,1
-0.6620651381008656,-0.7307005242934193,0
-0.9864646969947028,-0.35585408173655,0
0.490347376531504,-0.07238078399646747,1
-0.2410942007752857,-0.9812597233007027,0
0.4918802097204583,0.3283532949543291,1
0.17884285255174823,0.33541241608110395,1
0.45659132132460384,0.07974228993360784,1
-0.7960499268288886,0.5748824098318811,0
-0.13775936775527575,1.0454494547626403,0
0.7765047916260222,-0.7757286408658901,0
0.4206041068594759,-0.1416353065368345,1
0.5773394890298187,0.2554282328616984,1
-0.06954417994038951,1.0105405239707983,0
0.5344357348539353,0.3830915044885412,1
-0.35263131265965264,-0.3935886396493168,1
0.02373169739521825,0.46709853600700885,1
-0.43890511422925393,-0.9132360659594979,0
-0.29302780261075106,0.4513990540236548,1
0.17361810796719748,-0.4540232459238889,1
-0.6031174504710931,0.6836119413723166,0
-0.12357238740128787,0.8952376304920977,0
0.5883393357228823,-0.7467315329161897,0
-0.29798094983695844,-0.25082321819811726,1
-0.36565610989481345,-1.0722297126115288,0
-0.351313714980265,-0.8681726721651742,0
0.23238577433343593,0.49453665334492997,1
-0.3375257842864289,0.860590315300465,0
0.74318774610377,0.5949396910251011,0
-0.7106237947896908,-0.6817309499574529,0
0.4455588023789049,-0.44651351240931003,1
0.04842308864182598,1.0975687368070006,0
0.3654029147815817,0.3795072959181981,1
-0.9408141512841047,0.3844366375242382,0
0.8282372252379755,0.4321405958975234,0
-0.05316157761386337,0.5321903775065235,1
0.9591993036516308,-0.27960650295659584,0
0.3862017901409778,0.4042400556749004,1
-0.058649666882668476,-0.4524329257068206,1
0.44634133968968215,-0.1846602382319853,1
0.7401313293374704,-0.43463323870438153,0
-0.26515093691537506,0.8938905444169998,0
-0.3053608435148298,0.2448945279964348,1
0.4064476568398133,-0.22623801470593308,1
-0.05401286344967285,0.4060308891547369,1
-0.37806840979080963,0.9331989062020104,0
-0.05074197769443281,-0.5240035873432697,1
0.47396007758554637,-0.26144219356505527,1
-0.4327247293259517,0.13054254937553722,1
0.8306365485968878,-0.6630438490080341,0
0.43842192391430435,0.23800360964397838,1
0.7057652822572634,-0.8318049044890541,0
-0.17779157818732907,-0.4377478706877,1
-0.526726796331719,0.8197100279296278,0
0.0034730146834724036,-0.6544735663677066,1
-0.024161634940600328,-0.42208068063880805,1
0.32488852335078844,-0.861031404335072,0
-0.0116056810791038,-0.43677828604239394,1
