x1,x2,y
-0.0840692702075281,0.34228639236158975,1
0.6280278582679167,-0.663126076814812,0
-0.004789272638426877,0.17963224935021163,0
0.6690674577828026,0.24683850163439444,1
-0.38438987860644214,-0.13794929384696547,0
0.5822006681761346,-0.17742200275356923,0
0.11778265638378692,-0.21975148029493,1
-0.8391968886124285,0.09219686689782673,0
-0.23895744172171057,-0.45666493104695793,0
0.6826513173696764,0.6237714480468886,1
-0.525212963301324,0.02543341169351221,1
-0.15417065776587324,-0.4556663298107065,0
0.05911536751423335,0.25196028006824045,1
0.009703025209964827,-0.1362764673775107,1
-0.7657313643574266,0.5101436362408025,1
-0.3335010084299303,-0.12710664958558673,0
-0.7787928989223896,0.17525182093260253,0
-0.7334237030013309,-0.1308628689529605,0
0.6665153900830391,-0.5341041145043391,0
-0.6093589429439686,-0.42499763298815385,0
-0.5163875943497834,0.2213887554405464,1
0.6866005478956888,0.032392739233159995,1
0.4599203892533144,0.12958753407437842,1
0.31164155461172505,0.025002625862669162,1
0.43696711990670034,0.26179869132577094,0
-0.20135693246871147,-0.256816197786483,0
0.21852779038594913,0.3594067570965886,0
0.6883597205156776,-0.7504112738639711,0
0.7004592751463617,-0.009437399629322496,1
-0.29506352136294567,0.9395155966444461,1
-0.2054733194948621,-0.11598493975302694,0
0.03394306159935592,0.12361846565071917,0
0.0873716128038651,-0.38896001858373364,1
-0.3095137810879123,0.015343586592503108,0
0.289812403019154,-0.06791260644585287,1
0.41707914470183477,0.5494231625107207,0
-0.9705723578190101,-0.02948621111784333,1
0.03455056070191004,0.2720684915155613,0
-0.29638406210629714,-0.200599033513986,0
-0.2512123239575605,0.9800893448185795,1
-0.47714056398908,-0.49655383050369917,1
-0.16481999300660236,-0.12741333770457558,0
-0.8231325361211937,-0.39843846414187184,0
-0.24756123417987802,-0.557039720421166,1
-0.3159387540172416,0.8876161202792048,1
0.02356890786975832,-0.7089886075368883,1
0.013561287752851883,0.18076072194471882,0
-0.04153880378332281,0.17444497181647745,0
-0.23009185736545168,-0.28927571171356015,0
0.2926722007297156,0.08593474337492699,1
-0.2797460080794819,-0.5648956631076697,1
-0.3145846286420238,0.37225740217318115,1
0.035225469150888075,-0.08790705406576202,1
-0.06361004631420812,0.18816512810563282,0
-0.18888534416058295,-0.5416494100343263,1
-0.19202488467088275,0.0539101590937744,1
0.11080910211420869,0.18041566110025598,0
-0.427976382244127,-0.12727855739768787,1
0.12177081568268086,-0.2061091187863845,1
0.17992007820613526,-0.6738180924249016,1
0.18505183821733245,-0.21097724035094537,1
-0.031733198868132535,0.35163240976439253,1
0.6237116842060757,-0.02119095344334555,0
0.0384585329116994,-0.8787869136652644,0
1.0592967544533975,0.04841432428666802,0
0.10053559019019319,0.1864771886414231,0
0.9617123454382037,-0.19925666762896624,0
0.14947627617653675,0.20107211118039986,0
-0.7268046838685727,0.3776077699770502,1
0.03219624432067685,0.15631034278038286,0
-0.23014278303297267,0.002141264044523264,0
-0.947000581065983,-0.376332914526629,0
0.4687938955369083,-0.3215227531596047,0
0.6301041246398481,-0.4979774718794535,0
-0.11732794654019146,-0.46732716697847654,1
0.25798488241002215,0.11555897430109971,1
0.21547131955560833,-0.44123856211755114,0
0.5833507690155467,0.6857577829152836,1
0.021838415409463435,0.057224743556895614,0
-0.7681811642460952,-0.38255760642416076,0
0.1862790266609397,0.09854541942095227,0
0.6405354639632952,0.6890983808501258,1
0.6336675058082654,-0.432603220758139,1
-0.6794397760308721,-0.7375110329219786,0
0.4914782799263713,0.15375367932470377,0
0.056961011631244195,-0.8739448730994002,1
-0.34275190872066974,0.5536319775982892,0
-0.15628485693170835,-0.2593026317289344,0
-0.25677045811127913,-0.7280425003358444,1
-0.36397372024554264,-0.7598533398994944,0
-0.08105474942399511,0.659742334245632,0
0.15774711859164695,-0.23624725628523674,1
-0.40643688454233073,-0.6022368851401233,1
0.8970567173646439,-0.3999601264128131,0
0.07077828179113864,-1.032149943844895,0
-0.1073863572518979,-0.001611786348340874,1
-0.5469145199746798,-0.5998036061201308,0
0.5177864024211499,-0.05808689385176064,0
0.2842835427103811,0.7047670940367279,0
-0.3238219328597636,-0.10532693556472601,0
0.08475998904511325,0.23397666436965375,0
-0.696297128652012,-0.3533061522096741,0
-0.10971426061800665,0.6197864268662361,0
-0.8151926745176039,-0.29193759692020893,0
-0.21607239705635944,0.8088914305030832,0
0.7255847971238344,-0.10071481990894474,1
0.30289621342853534,0.44345066776538433,0
0.0860032642001725,0.2273187721453739,0
0.5202961868435417,0.0733534250238003,0
0.2942880590484761,-0.1194166077293515,1
0.32676959751493323,0.4310341652928123,0
0.9327960215371183,-0.33479823514986234,0
-0.47653496800335865,0.14044356207764258,1
-0.11618104610155802,-0.05849606645857758,1
0.08369277049225707,-0.29943654865935526,0
-0.23273002027981224,0.0709297768583541,0
0.38441841218501904,0.9629550072462074,1
0.10769935501742442,-0.6030718391749719,1
0.23220153353233774,-0.2488860648909764,1
0.09444033115988645,-0.6622153809681702,1
0.12969063971875813,0.9504609207507267,1
0.6528224748790188,0.06577687612243469,0
-0.23028691939895726,-0.24505944036719765,0
-0.10079562661093829,-0.26452972972838534,1
-0.15824868080193402,-0.1343331824752455,1
-0.19042678463071688,-0.2020058706818897,1
-0.6384273825681456,-0.710311099119328,0
-0.090559828587351,0.02990680737404846,1
0.726224038075229,-0.005905442663543439,1
0.2832910968511762,-0.616309435418859,1
-0.38073614309372084,0.3394819679195525,1
-0.23429120087233943,-0.3789524505092701,0
0.13535041412773577,0.13335904573385016,0
0.38069405062071504,-0.06715782882411733,1
-0.389525701765844,0.8144293284289352,1
0.22846901260811708,-0.08960236480165859,1
0.6032129155953917,0.1367314981702591,0
0.016158819371121846,0.4775178578632254,1
0.2554339612053346,-0.5173240918844199,1
-0.11935073755029256,-0.2917057277423685,0
0.6110516941572467,-0.7023198844094349,0
-0.4483141455544367,-0.03975520326611433,1
0.022751065804986516,0.2835374633489771,0
-0.39539128172947524,0.9198748489812186,1
0.19961822556220166,-0.6622759238811594,1
-0.08766211171027898,-0.8645727467790977,0
-0.26051623796283624,0.24454389810114657,0
0.6774896967138268,0.4035883338881201,1
0.11252217571134798,-0.5218238715514246,0
-0.4498862470045167,0.24119677722959793,0
0.2529666453983833,-0.4438438287539421,1
0.04271344603500117,0.22764788218534848,0
0.029156676529881173,-0.30948197171832864,0
0.1985317635788783,-0.7614057237785244,1
-0.18761410427737724,0.1593978959817096,0
0.13586492790314886,-0.1818946462795229,1
-0.31547919371660343,-0.8638235499810507,0
0.32551569042006206,0.12377680244966124,1
-0.19771356540672191,-0.8871564960873848,0
0.1363445577478244,0.6710276057291397,0
0.724407838425618,0.33265072439206506,1
0.4373910342800433,0.5560317144662732,1
-0.24563173878864203,-0.6266324367823506,1
-0.7216492827719851,-0.4392124647695458,0
0.10026653705967112,0.19088455935947438,0
-0.5893826366330315,0.6629585767629945,1
0.143019591531459,0.41445942145572,1
-0.3422388882890411,-0.13801546242753115,0
-0.11768319884374953,0.31323266468255273,0
0.1254688046946386,0.06566069728934029,0
0.943668457375942,-0.3111667736067241,0
-0.14291693011863382,-0.17840783985564843,1
0.14025572630423142,0.021756624611974515,0
-0.1455218452906713,0.16604785613538947,0
0.9703741854089213,-0.13927527636437007,0
0.19456527445826832,0.01822634502447794,0
0.5783849454086305,-0.015112712105140404,0
0.1176805235651515,0.5184122521233654,0
-0.3996348369708115,0.5670666856116144,0
-0.2435947839640727,-0.31713537277231735,0
0.5320476019371472,-0.6293209487130988,1
-0.22424821866976485,0.2825686504496142,0
0.07356033043669682,-0.0025859066454668542,0
-0.3010839125392137,-0.14641242853691194,0
0.3309120570541174,-0.19370959680936184,1
0.7575150190526828,0.42067392284292277,1
0.17961160517338717,-0.7481855284945004,1
-0.12137654009699904,-0.3380421402682427,0
1.0671368061132211,-0.4611198116042984,0
-0.08215511992830254,-0.22014604573681898,1
-0.10732737209718389,0.2886580448889195,0
-0.33280129081265836,0.08497146991498158,0
-0.01656305680440992,-0.21863184248758352,1
0.8888334261111743,0.23703543770558458,1
0.2505925611187274,0.7164376008319757,0
0.09863332893264098,0.07759282088254166,0
-0.5675825061483046,-0.24348289382093818,1
-0.20609296421475218,0.7209773963430912,0
0.2127912077083146,0.14739591862230236,0
-0.8632035133722615,0.04925728740225183,0
-0.5535799182128942,-0.1397212326077153,1
-0.3882089849616515,0.3862300778066915,1
-0.44204080912325866,-0.13536585659718103,1
-0.06826068980192818,0.09362598430306862,1
0.17108639843483336,0.025981045809934947,1
0.055206855032457904,-0.37111097553151196,0
0.17670382497562995,-0.7953582405045293,0
0.27313059995666394,0.05265043045747607,1
-1.0001483987210764,0.06867651110491463,1
0.5626725132220385,-0.6338137216283516,0
-0.6961193200593889,0.6272200921986237,1
0.6795388111381222,-0.6162415212287917,0
-0.4995842123058649,-0.6442110026057282,0
-0.41727928486025895,-0.7648629721988209,0
-0.05927348664140271,0.5862270257687325,0
0.5773518187574131,-0.7594418505280194,0
0.5855032131172591,0.5435113427704029,1
0.41329618397962836,-0.39001548250059903,1
0.4490619053324318,-0.31282001430756967,0
-0.6972303611800581,0.04018424399512087,0
-0.9196309184970761,0.4269451160695787,1
-0.7415641181647352,0.10858225853590145,1
-0.48884605397271197,0.40343800962489873,0
0.2453908963361191,-0.025490266453484654,1
0.1390358256769271,-0.4978624474550315,0
0.4524891282811102,0.26999516227602244,0
0.4586149090020254,0.07826125925709662,0
0.11745896909101125,-0.060403361054268856,1
0.7364670448918604,0.08336646566466951,1
-0.2438729905293466,0.4370972977109135,1
-0.42894860255585665,-0.5036067683533798,1
-0.17341433471784157,-0.13262728397749998,1
0.5738310343139106,0.43284391629589936,0
-0.3414938299273547,0.07379814164833233,1
-0.38269341148093344,-0.07498441769765597,0
-0.4787562788909672,-0.24184570672780784,1
0.6835844534946958,-0.13259783630912703,1
-0.5565590852867356,-0.41315130453719123,1
-0.238406679716485,-0.27789764329662686,0
-0.5735256169526888,-0.6908133023726868,0
0.4301249532072906,-0.6944293020028616,1
-0.555440344336023,0.7594482911112272,1
0.5737576704671781,0.22982545921940759,0
0.316315879233042,0.18493297700272804,1
-0.46861434452738476,0.8391837339406714,1
-0.4397611753662603,-0.6863539830422332,0
-0.6814945821615473,0.03663112346951932,0
-0.5513733506830066,-0.25799102384728706,1
-0.0632707540145173,0.742271733911105,0
0.3394845045786019,0.0754358590084298,1
-0.17106852017456556,0.40217929901683386,1
0.06019393621809112,0.15303011925568466,0
-0.9716999807513734,-0.08539889384085976,0
0.060830487900477674,0.31040328811112605,1
-0.14152520099996752,0.7113247661821201,0
-0.005240333133458425,-0.610097355094928,1
-0.5552846130424581,0.16000638745942566,1
-0.08610660178057357,0.24324564429614484,0
-0.01201781703352621,0.5086293221217149,0
0.0032266170956787993,0.12875995558282616,0
-0.8498969132182379,-0.12180056934734919,0
0.6304527338373421,0.012424552829736774,0
-0.06781594871343491,0.5082642463989188,1
0.6911016135066723,0.0797860556201777,1
0.17822216224194157,0.44673078588060333,1
-0.04761605457546695,-0.41544724017581186,0
0.32922777538354914,-0.20553674266824723,1
-0.06827714679379995,-0.15847592891504175,1
0.32959056608530146,0.6519926151672015,1
-0.6261596244745798,0.3257929202941106,0
-0.16759194508211894,0.7359436726909763,0
-0.8656046444213292,0.4121603852739952,1
-0.23131075783824243,0.1156116319489262,0
-0.6225278241758483,0.421518198501178,0
0.3892720371307716,-0.22014339599031818,0
0.5879633170246767,-0.3072514423908058,1
-0.11290797846487721,-0.12254622478426204,1
-0.3025235868088218,-0.010911530754480037,0
-0.14945275801047003,0.3363780864785404,1
0.6586484621770471,0.25160603348756555,1
-0.16048869907441582,-0.23268623365683697,0
0.19815487005206375,0.9486027107077868,1
-0.07958370338557942,-0.06066733553943872,1
-0.17758140096408975,0.44159032937657505,1
-0.4243309527544896,-0.2609472769454183,1
0.2770711644355511,0.5450656090380575,0
-0.4484298664678467,-0.24685342155326334,1
0.1561549853229364,0.11186449784735997,0
-0.469584816647502,0.7555824096101112,0
-0.23284324279057542,0.5494255406562378,0
-0.002911952089803438,-0.2286642093945264,1
0.007526959303373049,-0.059443008586317556,0
0.08178913715297927,-0.10406124961636477,1
-0.33146015512757904,-0.009606963063946927,0
0.06637055506897795,-0.07271217059327763,1
-0.8207586057365566,-0.42092466333525214,0
0.3585910512222559,-0.39324794480462294,0
-0.16937088558075192,0.45145668791550286,1
0.849362086616243,-0.044537486401802294,1
0.16183851084283118,0.34780372219518374,1
-0.6477070007188366,0.2919552156309953,0
0.754526758259097,-0.2650253698274616,1
0.5004430499822408,-0.0886456042676713,0
-0.24275784751314444,0.24168043773434267,1
-0.623855142429957,-0.23875472318764718,1
0.12405829583070714,0.09450193636502964,0
0.5429954913473546,0.08601635755679707,0
0.3231741301480171,-0.26602398827944707,1
0.005997614300687168,0.8575783604068952,1
-0.07324864239930189,0.8793735160794875,1
0.1274691456109176,0.2509697911907034,0
-0.5666277577300578,0.6826653426488393,1
-0.5949661990469561,-0.11802550658328803,1
0.1776000429614206,-0.4342288119390028,0
0.16151712104203156,-0.756580820582748,1
0.0733889056399552,0.14512303622304315,0
-0.10342593423728041,-0.003479507152150632,1
0.5975081047049385,0.48060065640037,1
0.49353759240021117,-0.24232162924737322,0
0.7803012890995921,0.16170809111996276,1
-0.3998555093617798,0.4578304776280399,0
0.11720622133533073,0.042941153058044995,0
0.39277977579651613,-0.6605579592645983,1
-0.25656767805267194,-0.87846400760169,0
-0.3318943373307461,-0.221282885382684,0
0.41172711048983124,-0.3226325847682525,0
-0.2954625737257529,-0.7512424125023391,0
0.6794198892750976,-0.06587310560203641,1
0.41800893528855243,-0.4516366971187036,1
0.10301967950194346,0.14947632172891176,0
0.5686643914915936,0.4618377410716077,0
0.19602131903542963,0.3115842258942849,1
-0.41968312249413414,-0.12579330839674402,0
-0.34365792827776565,-0.11143823564878345,0
0.25422025078985233,-0.9324424586651414,0
-0.19155298916598856,0.27257999634977337,0
0.7745593573003836,0.050997516078297195,1
-0.3739581625392232,0.2636059468739549,1
0.5952173459211569,0.2807971401715593,0
0.20680813915497231,-0.35748015701270447,0
0.10733018267474286,0.17011241934455296,1
-0.7408462635968982,-0.504810294930835,0
0.5491231094414079,0.11373130420374325,0
0.8698486632489625,-0.6346403119366001,0
0.49859886783843027,0.4172856235473538,0
-0.4458547023675407,-0.5747554663185059,1
-0.18745740261848765,-0.894609260215795,0
-0.0342605760646584,0.2103916243643941,0
0.8112550034039846,0.3846869897360906,1
0.038205535320281175,0.4667448338734351,1
0.04193456737853564,0.1021775464717523,0
-0.06769111748696632,0.5073970912012299,0
-0.03496656292538459,-0.9403328609754407,0
-0.21150023411715896,-0.21304942444521974,0
-0.27062286230795857,-0.4620782319448533,1
0.3135290125134126,-0.6617779868006562,1
-0.7953015221905634,0.11806596886364905,0
-0.37635693994067887,-0.5330449475639141,0
-0.5324967252974764,0.7217212403772183,1
0.3925590735986316,-0.16332434147544142,0
0.2721275879302295,0.10115880788200066,1
0.02094325888629671,-0.019202509668224947,0
-0.3459949399415751,-0.7711617523698733,0
-0.733847971077951,0.10851983376097865,0
0.32592761844688733,-0.43185762102616276,0
0.5586085949914839,-0.8158776294563506,0
1.0806351909257552,-0.02929201302122804,0
-0.35346607418848747,0.40388643100945515,1
0.5361231493163903,-0.17556640346935934,0
-0.07288809452019149,0.013410465268334934,1
-0.1778745208238774,-0.5110180307877888,0
0.7521219430226713,-0.22832755513852876,1
-0.07148239385697448,-0.3985472999667265,0
0.2947734793989938,-0.6742349654212667,1
0.19897481978412032,0.07316692887788466,0
-0.7510650145415766,0.1923110705899406,0
-0.041525309503934626,0.1500785683577602,0
-0.3534152886698041,-0.7039950813642842,0
0.7162434814022047,-0.29182586718868403,1
-0.16669543563511674,-0.08484779542534783,1
-0.29698850695202117,-0.2709643556166975,0
0.3868200838523729,0.6599036405227128,1
-0.32575100134893425,-0.5083992483518343,1
0.5270561569855957,0.25305046171409507,0
-0.637760520678879,-0.3506395630325847,0
0.030767410315859146,-0.7733525502146279,0
0.2746084933606009,0.27098357596246475,1
0.03289497625041817,-0.23732331833861517,1
0.319556719386578,-0.2708412622270041,1
-0.5148676770574113,-0.19364379212396443,1
0.20901690298414083,-0.6043163249809955,1
-0.049512035813208156,0.3109894784899281,0
-0.4789353351283782,0.25332160996089864,1
-0.31128073195722505,0.4067582666184507,1
0.8053936160671284,0.0772596518324619,1
-1.0796375242635161,0.13137266445134785,1
-0.10275591587521882,-0.7686007036342202,0
0.304252672435013,-0.5266506586237815,0
0.05670834936675856,-0.3752371245457972,0
-0.7257642828456846,0.61791054114491,1
0.033788504199077043,-0.3385126634920678,1
-0.21561473599725067,-0.7879257512712725,0
-0.24952042707502775,0.18113933291757825,1
-0.20891613566118855,-0.21960735856560476,1
-0.7533972281420819,-0.012631752272143554,0
-0.0914866361112866,0.8471280763635037,1
-0.06577895270832373,0.02461833184560322,0
0.44176567199797107,0.033834337203693596,1
0.30124096613768836,0.03456030896595633,1
0.5415139075859606,-0.28278167604004045,1
0.06513801871888741,0.1469957141293477,0
0.3393248478867834,-0.7514589199898991,0
-0.5342900077477367,0.05748474904128296,1
0.2022834692324521,0.348799319326912,1
0.4110303369188419,-0.7073161654768464,0
-0.24984342411006752,0.128429441857471,0
0.45192278655266727,-0.3200887831287596,0
-0.6264585753731904,-0.5371505211809885,0
0.288196090644035,-0.951198774740881,0
-0.05498871248019982,0.1258013028708076,0
0.03928329752556102,-0.3434182801551962,0
-0.4002165073050887,0.3234902701612311,1
0.5500329685124116,-0.6342945049891688,1
-0.3306091668119092,-0.11939268084419666,0
-0.07978412277369935,0.7115806327999307,0
-0.29009047500685237,0.3851194243812253,1
0.030441716586094507,0.2714629842367042,0
0.4285854563337279,-0.5132335333915194,1
0.5196549489154595,-0.4619431875778768,1
-0.41657650261920554,-0.6206532227150322,1
0.0902824522812302,-0.45184589272130715,0
-0.5062860884186169,0.3217156266780432,0
-0.36680876918692945,-0.8099628499725378,0
-0.11300743346341936,0.47218803687185423,1
0.2301452795185603,-0.8975837809870282,0
0.5907100305621015,-0.08608508444239496,0
-0.5845052958340126,-0.5718118723827591,0
-0.08764847601862263,0.19223669638544968,0
0.44317477237454395,-0.06925991442658054,0
-0.08450153880834307,0.1581588605906591,0
0.5743898280561396,0.004824713284220238,0
0.5450032983303184,0.46446300954332487,1
-0.7491513630654865,0.5303725606663212,1
0.652847131779366,0.5904396047851223,1
-0.29998377144153204,-0.23533597198625372,0
0.1460815226246752,0.24443917493475778,0
-0.09342736144037998,-0.0021031218195450008,0
0.21092289326098035,0.14304383799148393,1
0.17042895368543542,-0.5061415403413521,0
0.488241355042598,-0.16522913367735179,0
0.42704763375759575,-0.2809925351982344,0
-0.057977302666570946,-0.6352150875240006,0
0.5196536125231066,-0.7615968031783712,0
0.33709634652011944,-0.2345436077433417,0
-0.1963672190231058,-0.829780194183394,0
0.11991753473497756,-0.27778309017962544,1
0.6573011817480491,-0.15854247835965168,1
0.331788349781758,0.04951690189217163,1
0.7309493161283714,-0.6925220740356319,0
-0.9519437927933816,0.02434211415460658,1
-0.24100007330353007,-0.7093167537707765,1
-0.699152178674277,-0.594208800533218,0
-0.2101981418301715,-0.0724141224039154,1
0.04715170859968619,-0.11106842274585399,0
0.37669517580301437,0.11014864039088917,1
-0.1539583461453795,0.9368345427300695,1
-0.08490595078132535,-0.007583283876232022,0
0.08032593827226345,-0.5146899143788104,0
0.26693021159519303,0.5959273941247012,0
-0.4517933284065273,0.7392316365415245,1
-0.7078581550434845,0.2965459819207891,0
-0.4670125948727254,-0.4963189304211301,1
-0.5246158120186871,0.22146702505390523,1
0.31563962364848175,-0.685263331992342,1
-0.3614350033930084,0.006562558904882665,0
-0.06726315759941973,0.3418062084985215,0
-0.29104587739994,0.6467609427137487,0
-0.034890612697085134,-0.3601255110551213,0
0.23934851536003257,-0.1657596017478535,1
0.5626999474268256,-0.03636445184627862,0
-0.11763003025867172,0.418606112820088,1
-0.507981637057834,0.014468260957420317,1
-0.14628232767494367,0.165508570007815,0
0.07638624589151785,-0.6527158690103896,1
-0.6231881307046061,-0.4647588021490793,0
-0.001321981168130714,-0.19158164678204906,1
0.23918763382562286,-0.151247588272247,1
0.2736090560557569,0.26440571869637197,1
0.29387873236598727,-0.40662747948148636,0
0.4127468672860177,-0.815117143032144,0
-0.4220678575853726,0.6519093702169539,0
0.5371395937029827,-0.25566440647616456,0
-0.781900543495269,0.1311697704956317,0
0.3212960951606577,0.6353334125487707,1
0.24828323004451108,0.015480980813989645,0
0.6855358607029622,-0.5970368916163291,0
0.43281108975021576,0.6471885477513464,0
0.3346031629686157,0.7379495888593022,0
-0.44444199796943457,0.9343755224846765,1
0.679813547613334,-0.3860807199804429,1
-0.0037888710963163014,0.34812475377053076,1
0.21731961407196015,-0.6651929891306465,1
-0.20105318019562785,-0.35654408605597726,0
0.5634969380862199,0.18721260208856297,0
0.5274594712009187,-0.048588858542751676,0
0.6195744509110418,0.1903322812600159,0
-0.4127270520056281,-0.1215543237838566,0
0.2692238939897694,0.18170104967094552,1
-0.005116144426048325,0.14687530592355283,0
0.43230417420531947,-0.6692523303909801,1
-0.220682472295439,0.11958896511233894,0
-0.13419937950207997,-0.18875760123298885,1
-0.5322974513773069,-0.8337791088267841,0
0.27034661548020755,0.9707150078221063,1
-0.0037933331634479733,-0.14119891331296106,1
-0.8537538025826857,-0.07119827409876038,1
0.7843366889805019,0.112662181831368,1
0.7481944528615494,-0.01639647965648794,1
-0.9983288730589438,0.20603669225830945,1
-0.057188773290609576,-0.19097829868703073,1
-0.12382448730489837,0.03932500151924318,1
0.00831276663492034,0.24561736162933187,0
-0.48773383181386765,0.7733851812711905,1
0.9939386697861048,-0.19713944787042312,0
-0.10819713813173008,-0.3940042344337899,0
0.03967352342206629,0.8929472443178352,1
0.1560040215619966,0.09501315570354213,0
0.9751533856875748,-0.10703105324363006,0
-0.6152109794632551,-0.016637967932915106,0
0.04758910239320109,0.47243596272812227,1
-0.19502220751888552,-0.26881601784147485,1
0.10453132726553986,0.11974858236909612,0
-0.22983001274378784,0.07206478798901964,1
0.15290168086306505,0.9008940703012805,1
-0.25746658415647095,-0.8272366215975576,0
0.02079574538908477,0.19068908657928435,0
-0.5776682216591326,0.3975209059433885,0
0.0716721002768051,0.08292837587820492,0
0.42709559903933886,0.04197464136682741,1
0.1725188889015644,0.0312154517861013,0
0.39510226139328714,0.37160981840230645,0
0.17380961304380838,0.17566374716358218,0
0.30845382682439576,-0.8620864764906938,0
0.816233364072335,-0.4610960033775915,0
0.36779842475412317,0.2054571211346547,1
0.015900597275236194,0.6608765640510396,0
-1.0024107802852666,0.04581375010342672,1
-0.8536402382470835,0.08512081200170973,0
-0.009530716150180765,-0.6843332874542483,1
0.11668552863060816,0.24290654868198358,1
-0.47875146148052505,-0.22081117034406023,1
-0.47834696740306404,0.1922905506838294,1
0.7410049087141105,-0.3033917198440975,1
-0.829252539167508,-0.26985719125705987,0
0.7435191645370334,-0.47470127359337466,1
0.007675308667912911,-0.6405615918438896,1
-0.03569459639416518,0.4514040506662529,1
-0.12176908333805385,-0.930794754246172,0
-0.5958682507671955,0.7828315925480032,1
-0.18379036445440317,-0.043452651379126864,1
-0.307848056150803,0.31945270506251255,1
0.6869282231893818,-0.008578224531624268,1
0.27712236613917396,-0.8492742217755789,0
-0.23933405273526484,0.3849890230099053,1
-0.37630814825208303,0.5586600327578537,0
0.5322232317188124,-0.1429171812579468,0
0.21618013756887336,0.8319664122942703,1
-0.3584103972685313,0.31255390835934194,1
-0.038086038894646956,0.45030809596414073,1
0.4921306824974886,-0.44572142680460264,1
0.6947960725700302,0.18686122757440668,1
-0.9099702128289949,0.3354399324835433,1
0.05234065963878326,0.20496670861243338,0
-0.5334834244054557,0.38830470423933866,1
0.2957486449346363,0.42964951063432244,0
-0.09630470935750525,-0.748238957798649,1
0.09869350709706151,-0.3212634723932076,0
-0.35424046361008293,-0.42664151297082686,1
0.3169048937693108,-0.5297882815464244,0
0.39296708094906824,-0.6662015197507393,0
-0.340817784877682,-0.3146019979791656,0
-0.10643891300947228,0.2183330052137097,0
0.6075619866600501,-0.17862004628552347,0
-0.006952922294792913,0.21729922850274438,0
0.30115917996618313,-0.38159938117863823,0
-0.9478958371214421,0.18571457546287604,1
-0.5338596829881611,0.6439748110133279,0
0.23564141236161204,-0.03224511419668541,1
-0.33057464355671995,0.08745056460390302,0
0.5186192757152944,0.3454935261084354,0
-0.6222347501642629,-0.4858329449883738,0
0.8186176600465724,0.26095792836121645,1
-0.5041411785508113,0.655949012244127,0
-0.7189693519774053,-0.2882313906127634,0
0.15549012274087876,0.24863069743433494,1
0.9276403813659534,0.12258064356168633,0
-0.5561488550162172,-0.4683772542213108,0
0.625301741134218,-0.673635683169091,0
0.25601376942188886,-0.018579176051897267,1
-0.05035458765186597,-0.714927134086538,1
0.16867155797295333,0.7149463573638235,1
-0.730861024616593,-0.5006531319100851,0
-0.056647957158302786,0.5241932579092881,1
-0.09449507846428258,0.24786402476403033,0
0.9331182536766821,-0.3097452096475068,0
-0.8378411106199505,-0.22375300580466717,0
-0.40373591552981647,0.12113555264715234,0
-0.11217939820346108,-0.1679431675300938,1
-0.16864871155102829,0.529608817226279,1
0.26461447225348517,-0.13687381304667967,1
0.42017392550243576,0.05388219928695284,1
0.2977832343788259,-0.41349610117064683,1
0.019421306678808717,0.314107328361123,0
0.04356704696707369,-0.8996659496414049,0
-0.7059198313294992,0.4705905615435724,0
0.15027878041568588,-0.5181553344539589,1
-1.006710887498591,0.18000960417657375,1
0.3419154658790411,-0.9158862499246855,0
0.31244051120628735,0.6173650419582679,0
0.04840191227060581,0.08562191442761272,0
-0.581394368548054,-0.508165600059679,0
-0.1080831874248214,-0.15260358555881887,1
-0.9500782020153413,0.22159788758233145,1
-0.11441589784095593,-0.4449110970152281,0
0.3355036318513434,0.5941986901497689,1
-0.029295929805289667,0.1407318211518671,0
0.07037176941378462,0.1897130055567673,0
0.5868712041744766,0.7005158198893192,1
0.47770612526245027,-0.46395523904267705,1
-0.5092182256545904,-0.7221266142105112,0
-0.462100045261244,-0.6625579442342832,0
0.10973748200598996,0.6887204270585389,0
0.17697240474972867,-0.6755709961931896,1
-0.7535967672639716,-0.07798143098265652,0
0.5553810794341395,0.2246313881517739,0
0.5348899551178765,0.06949016797194438,0
-0.7196537102368584,-0.09874313538873108,1
0.9319241231413223,0.2513760174304235,1
-0.15582721934645943,0.26573145643711243,0
0.45830990701558766,-0.6196835989608503,1
-0.8299448026570044,0.008013026829372327,0
-0.3492551473488032,-0.305571267246742,0
-0.05750857811376841,-0.19495020619988587,1
-0.529317153607795,0.5736816016922164,1
-0.8019911098301443,-0.15248435741994,0
0.5933765814901206,-0.08090738150972633,1
-0.14036013793816365,0.5265235770242642,1
0.3177020738181666,0.16454943217146556,1
0.221908451934776,0.6794744104760961,0
0.3157274182310066,0.009561176791852588,1
-0.6684189894404201,-0.2959455295549374,0
0.45719606296015025,-0.6781790304712448,0
0.3190831775821258,-0.49894184065870645,0
-0.06173168291182575,-0.8919266322048525,0
0.3044146556839549,0.1496282934457967,1
0.5608017666454558,0.6330190944321551,1
-0.12401391504602874,-0.20012780987904064,1
-1.0966307813687373,0.22738446316286776,1
-0.31687554540468127,0.10786477402766195,0
-0.7432799808008933,-0.3648513254367828,0
0.20719060584437815,0.21525419797519485,1
-0.29831662917108187,0.7121028071242377,1
-0.29719438800632175,-0.28667652722933734,0
-0.6228687237232872,-0.5567112839718189,0
-0.5388928561756148,0.5279348730931942,0
-0.7376286725706838,-0.5457495686837794,0
0.3623307026858567,0.12057071284006207,1
-0.3211988950134278,-0.5649148049602066,1
-0.08730644754163785,0.18679284044339847,0
-0.049504104767135196,-0.1655944839158669,1
0.5791111458355163,0.5179248140544013,1
0.16591594740819576,0.20055691654452826,0
0.0029600122868816275,-0.6992342361228319,1
-0.1973157904321724,0.021759730771294526,1
0.3849242546719587,0.20892764262801544,1
-0.1977953000584465,0.9176002138514734,1
0.057810413522771324,0.20268843486625088,0
0.42435046591929587,0.4866535330918953,0
0.21677146312155685,-0.10001360830064246,1
-0.6075503668318812,0.4508492114756212,0
0.4803545011272585,0.18598544563872776,0
-0.28166448158279717,0.8693382434728628,1
0.7276435226496628,0.08500236749201615,1
0.2970031623111827,-0.34288764651656545,0
0.4525263109073691,0.06458582881095816,0
-0.38674259769275005,0.025450054406992717,0
0.14703653842931924,-0.3147259973370148,1
0.09766453233507058,-0.6844192207943933,1
0.19267784706742647,0.4133079668252254,0
-0.24081598931542103,-0.35205964499264286,0
-0.22736234767906022,-0.7200005929521794,0
0.12168759249551564,0.39240546062516674,1
-0.2759017082250312,0.9369994190435946,1
0.39471491544463777,0.6399023574457773,1
0.2891495941557575,0.7082669889176954,0
0.24579901894922598,-0.37486144279074957,0
0.39106928675287367,0.04181110111348124,0
-0.1636140424311133,0.18472145910071355,0
0.37848662184267123,0.5615752827600009,0
0.933342676949293,0.18420759786803734,1
0.25681063176028945,-0.004346065068448798,1
-0.25356171566181895,0.15060204867861401,0
0.18411221514357706,-0.8269574799242434,0
0.13896984255319678,-0.13839028666767295,1
0.21019656035917342,-0.6918806751713131,1
-0.2218350157008047,0.8334567864880398,1
-0.05686306909992642,-0.13501203924253025,1
0.7646057618520964,-0.5112361079379494,0
-0.8206817963674503,-0.04335265055466319,0
0.15317585791008634,0.4859885670088724,1
0.560609502266033,0.5139171309864939,1
-0.15766063569920385,0.2207986906150839,0
-0.45393091154411364,-0.6231720967167698,0
-0.7694732009037639,0.028747750737355214,0
-0.532468938196278,-0.29090004254405366,1
0.6531065695151541,0.1902509278356173,0
-0.03467251688419226,0.4450731443099212,1
0.7143924943793596,0.17801839282801452,1
-0.08803710991430908,-0.2506710405649063,1
0.5280364329087331,-0.21360349126618672,0
-0.44114215450724986,-0.8861469573103613,0
0.5427485971393408,-0.5551551355958706,1
0.5024444136792003,0.10477945583230334,1
0.47901466096964473,0.03934267292384067,0
0.7280377657802698,-0.1367357205198196,1
0.20677450127414113,0.3648240538142574,1
-0.11867343631207881,0.055488113431642345,1
-0.4840894915235012,0.17263802433012548,1
-0.14680740374727239,-0.33044163913140506,0
0.8808529060658332,-0.28460925536436965,0
-0.9841141962626178,0.48441239644297385,1
-0.739558077157365,0.302524231730984,0
0.7549006033286695,0.6444769745967941,1
-0.2759590309377323,-0.18878574865203795,0
-0.3822077468484835,-0.23800512651760558,0
0.2305884149408689,0.01812182982754533,1
-0.05095258003664825,-0.4019141304372102,0
-0.23014463987930378,-0.11081895674991905,1
0.3250958331723968,0.24791591436210195,1
-0.16241238137100567,0.46643972040132614,0
-0.5633405315400548,0.5141451977489083,0
0.874407312651222,0.04005690765792055,0
0.03494364984950582,0.6783864680720161,0
0.30003707949391156,-0.49896732515809883,0
0.09713095697298102,0.2817322721315326,0
-0.2376523666772597,-0.24666404783143692,0
-0.5607087085478178,-0.16988521912454463,1
-0.23019822680762397,0.8250145972122628,1
-0.3204318057936859,-0.019790276508660824,0
-0.3366210570147777,0.176516292410331,1
0.22064849628745437,0.4242921474066129,1
0.5290461060840688,0.4409413028678534,1
-0.18786774771948878,-0.10640522979576145,0
0.058855300698567765,-0.7481606591096054,1
-0.6376286044202455,-0.4006818724316453,1
-0.5096939848856574,0.6731382010454563,1
-0.7481960306170589,0.23087898893641035,0
0.5556015613412185,0.12198110825130996,0
0.10864072144334742,0.3122441823249861,0
0.06806759861349045,-0.9092612577249997,0
0.7088695665713466,0.23055353942967663,1
0.23883458712473593,-0.2254586141209187,0
0.16361149526877578,0.1992156225289261,0
0.2390468955894171,-0.19071127824810302,1
-0.15007635077374265,0.13399414138539292,0
-0.08516109536496261,-0.17795896281987367,1
-0.45893205647916696,0.807587818649599,1
-0.38354029304258147,-0.16931231064013394,0
-0.10011136209467529,0.3738146989035025,1
0.07677596004031097,0.8124312860717329,0
-0.9789038551758645,0.38013832691106514,1
-0.4912031842980818,0.02896407479354235,1
0.010672234210584122,-0.2746256532314214,1
-0.3133399335837285,0.06069468470045182,0
0.6341196334939551,0.4889762693480095,1
-0.1270877335939028,-0.026449584055572156,1
-0.5893087218484062,0.23039676530809014,0
-0.17269635338784656,-0.17952777246750384,0
-0.4559446885044414,-0.41134842214341616,1
-0.20671460213503143,0.1066109811635224,0
-0.6451293852488105,-0.2711469010460249,0
0.49359009250254443,-0.13794338726616573,0
-0.5038670146248477,-0.23878195588626783,1
0.7866973474206412,-0.20074481464564403,1
0.48598689446612325,-0.6004355367098683,0
-0.07750337294783372,-0.18814349838787794,1
-1.0359218702950357,0.3512705539488944,1
-0.45907751165815547,-0.6912843245997901,0
0.2224704913869517,-0.19788787063251212,1
0.16094468085995,0.6235590832311777,0
0.4039812949389312,0.12626642561062024,1
-0.17212362054049773,-0.0033697202310263713,1
0.15893209365293282,-0.8087026782969056,0
0.06932580050859222,-0.607790522031203,1
0.09404200057694798,-0.12389320014707893,1
-0.20905714524856506,0.46624300305452737,1
-0.9564672590287915,0.3394837078076815,1
-0.10507737202769514,-0.1585675717558554,1
-0.19648628180104616,0.2101666891713941,0
0.6379759999448522,-0.04139480890168089,0
-0.5026897689952688,-0.49825260122641696,1
-0.11968779110210412,0.2414820598840033,0
-0.5498187227546075,0.07273485390181052,1
0.21372623109418337,-0.3972532307200481,0
0.7312317073937947,-0.7443715207451062,0
-0.39653410094285774,0.03606419598363887,0
-0.42829908550697526,0.347434576971953,0
-0.23590541845729834,-0.27958310902392075,0
-0.766392378502622,0.7552170566785261,1
0.1760704724861817,-0.3540946055586721,1
0.07763804102715238,0.7739473076926385,0
-0.20659791913171974,-0.09432083641310524,1
-0.3570764529086389,0.19903074891218672,1
0.470461039697899,-0.5181126539155809,1
-0.16511761187805093,0.9626974399561296,1
0.8434203711682307,0.1897336615677726,1
-0.6837933054622785,0.08813567242862363,1
-0.8444162529362307,0.6401235591986356,1
-0.1512311548039196,-0.6291034865629317,1
-0.868996968079346,0.1980586998989194,1
0.2812423555913417,0.14732441851599412,1
-0.14987345289460438,0.6877151470858437,0
0.2177733403375604,-0.10753607324127551,1
-0.671918983770699,0.28678904308669456,0
-0.42269451316850526,0.24446868798780735,1
0.07472374826910819,0.07347498597074072,0
-0.5200685889178529,-0.024894340053098346,1
0.196750219001658,0.20375845271566273,0
-0.020365264734711244,0.18037462424398507,0
0.9001601641593336,0.38974273963541306,1
-0.4619166107767,-0.3685061072037886,1
0.14550646532094696,0.2599632226855419,1
-0.7373917766242236,0.6474936855867977,1
-0.037471309672101175,-0.023867906383085197,1
-0.266463545239756,0.3970514511675683,1
-0.06549675031806257,-0.24569950873653235,1
-0.08734191880869996,-0.14965551838373012,1
0.24093606277390717,-0.6475224901866679,1
-0.34758828540781456,0.016219308582676728,0
-0.367993455206628,0.5002716372962479,0
0.32834278892771196,-0.3053396335204762,0
0.9005832800155756,-0.3036164910359557,0
0.04626309063539309,-0.28928240670011285,1
-0.5945591299096923,0.6215398975469442,1
-0.6172876621918632,0.43749510373020145,0
-0.7754364619273961,0.23948117553066225,0
0.5945072658953722,-0.22034631719024814,1
0.16439907142181948,-0.42407900544860855,0
0.7284081276741476,-0.24145225599665415,1
0.06684910331649482,0.4577799658388746,1
-0.12849213002540022,0.24143115551049116,0
-0.3981296101466286,-0.20151789891100522,0
0.23965504882128488,0.26213694971953205,1
-0.13358469291180214,-0.048063709211196765,1
-0.6724278359504668,0.48928320564040345,0
0.0026871315989931144,0.2220745683213895,0
-0.6214759896851201,-0.13288039697673013,1
-0.6548155944111368,0.49781137178523815,1
0.3170875248604567,-0.4829527517315006,0
0.2362608725565697,0.03925695194938701,0
0.16435579317832466,0.28199934566413565,0
0.6635524561165176,-0.818164823085479,0
-0.6598942605437045,-0.13804917919995618,1
0.00877687514132694,-0.3188204104349855,1
-0.3253723598743024,0.19579819493102318,1
0.8287611985593137,-0.008837228902327049,1
-0.8762593579151339,0.6930813457483866,1
-0.1379204639301166,-0.0851402163362844,1
0.042582218872032146,0.2077480483252223,0
-0.09885244174174646,0.7634565120401139,0
0.11455561236810022,-0.2413259309315528,1
0.6147025834591263,-0.4160833822964476,1
0.6682389541787072,-0.6066718458458316,0
0.8165466180645574,-0.24063904065867708,1
-0.5029973876110236,-0.13561210654571226,1
0.5011628550887519,0.056428998057696,0
-0.38325140313994316,0.6168052315950621,0
-0.19086422973681672,-0.04609417218600567,0
0.33753973810404114,0.04794934949866698,1
0.18655457467862363,-0.46103004420049876,0
-0.2788989268114414,-0.10175539821859407,0
0.1268229532089055,0.017890138936538603,0
-0.6715187285044885,-0.34877781632938065,0
-0.36648171631045645,0.5972610541828389,0
-0.07760680106580463,0.6534922323272015,0
0.9176537819311008,-0.16707062886705,0
0.2792480660308553,-0.19314560225780217,1
-0.5605022617284106,-0.5076076861800949,0
-0.028078599253291953,0.055109741519606084,0
0.9917774292366263,-0.04390516327658484,0
-0.027439897161100905,-0.2763104829686478,1
-0.05095290730581284,0.10450796738266338,0
-0.4012537050413797,0.027949791577742293,0
0.0683562186861187,-0.26048511905801086,1
-0.2881785080313525,0.21473570705534314,1
0.1930274301926549,0.3822011582033242,1
-0.6287343037017551,-0.5679952735329663,0
0.07929467080072433,0.17568303875060517,0
-0.26574161719707823,0.4512902653229594,1
-0.21315611479849086,0.15444921398757253,0
0.1624773706147146,-0.2384404036798136,1
-0.6951010693942032,-0.3818577668450619,0
-0.2751245013315395,0.575442955550967,1
0.687004484007533,-0.25830794094244164,1
-0.7248251772786083,-0.2345896585111383,0
0.8890661551882492,-0.08038521473189345,1
-0.1136912376405737,-0.3498544086806107,0
0.6739014333372917,-0.042013745255293056,1
-0.39847807554075954,0.8113064471137436,1
-0.22353073124381773,-0.8378315008973849,0
-0.16845935574115584,-0.30965134442780046,0
0.16556536053640966,-0.579773407986468,0
-0.3145259884050124,0.1422275622128749,0
-0.9342607848097086,0.002458968130336553,1
0.3326280384217566,0.08574366181931281,1
0.1365214973726046,0.13285246156406508,0
0.2972208089629902,-0.03530653487591712,1
0.24708402130427526,-0.015516514133597946,1
-0.23929920595832246,0.16960367251766212,0
-0.572869192958135,-0.11634363447477802,1
-0.08345046418442692,-0.2585711044082626,1
-0.13227422185194698,0.9599657698027567,1
0.3994070290755575,0.253944016690209,0
-0.13553751964480304,0.9108871540245734,1
-0.4797593826448055,-0.34864205517193436,1
0.5930580487513007,0.5392944069290212,1
0.8128446127509283,-0.22516960269151864,1
-0.13190168289405252,-0.2301684639817775,1
-0.5737811992048931,0.5034617833691093,0
0.841438223116117,0.290918552895861,1
0.2997583244860895,-0.6450445691034198,1
0.20328720616710827,-0.20123637109435583,1
0.15314397589446022,-0.21559112776058548,1
-0.44293177000482853,0.8247869681140437,1
-0.25208651401561183,-0.5336641326440148,1
-0.11364811519963351,0.5952706201829439,0
0.2926547783917547,0.41862327777020825,0
0.16075139497549196,0.17670649516351666,1
-0.6809325702898779,0.6855425022625108,1
-0.5214596852094983,-0.6027546084098816,0
0.8912025433140597,-0.3084648301357412,0
-0.5369806326142152,0.22288130424690394,1
0.06197247972855817,0.6208467745437602,0
-0.011154905128177933,0.5934071078242742,0
0.009171927966881144,0.20237656852751834,0
0.5111317741704684,0.1313305851137453,0
0.07522423697303074,0.5907912260822692,0
0.593831993229515,0.4777784146190077,1
-0.11570404181150817,-0.185830183676659,1
0.184335496532969,-0.008642637664999564,0
-0.3000714251902721,-0.50317676193797,1
-1.0297436742141044,0.38543438856953305,1
0.13016163683078635,-0.2314721592001594,1
0.2806991260481988,-0.6514827223369505,1
-0.029598515687075097,0.010317463071908083,1
0.027935240753424607,-0.5944304243602596,0
-0.3684163319609604,0.7714341027513607,1
-0.0408632925299974,-0.380356285162941,0
0.020444387092587498,0.219749903984238,0
-0.24910042614566325,-0.09102252744493838,1
0.45473793354513525,-0.18942872358821908,0
-0.08118077737387597,0.5378134767537187,0
-0.12056520270779546,-0.27647773315522717,0
0.9011889265939701,-0.008517299505227088,0
0.1542168280309386,0.33581286523153536,1
0.06674095531761934,0.316293865850757,1
-0.5294915626198953,-0.10448873204270255,1
-0.1079012392159355,-0.04597628904733235,1
0.40791210225985874,0.7311835975007087,1
0.31961076126346455,-0.012960301218948783,1
0.010793202652300516,0.012436143302546415,0
-0.17694180139115262,-0.7849708173698018,0
0.08367411579169146,-0.004350237265750512,0
0.4258453966358543,0.8629050602839549,1
0.01631908237994434,-0.01975899977213208,1
-0.3486428905957796,0.8706710656101574,1
-0.5121445440466391,-0.1545343662783753,1
-0.14318766935548466,-0.3905419798140416,0
-0.37011966628422044,0.22008614853212816,1
-0.3633729289855965,-0.7877203703393727,0
0.42098946819670136,0.1948272517432339,0
-0.5293993801362047,0.4237233624414074,0
0.5903399713233832,-0.6255439645009337,1
-0.6317032314936258,-0.3981428902136883,0
-0.2919661994636645,-0.39378033390322403,1
0.15125246377388896,0.6094927254751333,0
-0.7180812797661451,0.3407384229685049,0
-0.9685818226405504,0.08287149346431856,1
0.08443052001578598,0.1008201238799902,0
0.6126715072897642,-0.2610804352634116,1
0.16291966303508415,0.8415423540673573,1
-0.09547440707451033,0.3284804314882249,0
0.0058760566061517305,-0.547823345083584,0
0.302298733859841,0.28178553217956026,1
0.883764423814169,-0.2812573996447302,0
0.47965808733308,-0.28655352497505165,0
0.6711694294864362,0.3870936494469006,1
-0.25278950867654154,0.038312210306575945,1
0.96346447048949,-0.33856603158958076,0
0.3118976745465758,0.19527425283341618,1
-0.06888352212968377,0.11368905100971839,0
0.6486770895538819,0.06930012470107283,0
0.3498987885006884,-0.03270364391957277,0
0.08417797005576001,0.01696758800162068,0
-0.029254497704374785,0.6233971260644958,0
0.5964324713750248,0.17436122495321874,0
-0.2618103027995849,0.4132773758766209,1
0.14436353625631143,0.1700106183299546,0
-0.39672413002885004,0.6242712968886149,0
0.2147942421917854,-0.8067833545706518,0
-0.040522450072890716,-0.2629795158853764,0
-0.49804307703531187,0.29308378092861037,1
0.6400808784387337,0.2012960823578698,1
-0.15272637879324505,0.6379831202800353,0
-0.5072450483747817,0.11682273774705951,1
0.07046799277681565,0.3420649960118947,1
-0.056376853423194886,-0.6031660276908191,1
-0.10989303219520082,-0.2867226956113011,1
0.7550246220917995,-0.21040424261501506,1
-0.8333198637052358,0.2668937807933603,0
0.08027367569608046,0.12707065632217943,0
0.94062590773881,-0.45180254949412263,0
-0.3005070599471581,-0.1886603801183503,0
0.26047015204625296,0.22032496453964412,1
-0.14888845218310176,-0.01942019048293557,1
-0.07572655868480963,0.20930000368522084,0
-0.5740857930813092,-0.3124266203425004,1
-0.12667070490527854,-0.19044581052677423,1
-0.2923356649181571,-0.7203563514671038,0
-0.09692224043312614,0.13756115842602418,1
0.4327893873088235,-0.3446191254108774,0
-0.38306838000285737,-0.25693435346165133,0
-0.0826624518116139,-0.13528330277117884,1
-0.40849544390683074,-0.7871155639445085,0
-0.12574728145205813,0.5734121027866268,0
-0.061213044547028986,-0.08242788108923205,1
0.6325037718342464,-0.27038039840167777,1
-0.1358209856336806,0.27986533258317664,0
-0.7765120954577598,0.5686418113140164,1
0.23399821858557113,-0.14404156883868383,1
0.2044682329888036,-0.4009094384985803,1
-0.40876490692869255,-0.7003771698540517,0
-0.5483089042056772,-0.6234785219467798,0
-0.061049822146714144,0.3470578463818306,0
-0.33547780601346633,0.005562187699229074,0
0.17309416016823528,0.0267227515749532,0
0.2516881491334154,-0.10630512879997263,1
-0.699915655336819,0.6848961039412955,1
0.6080092374609021,0.0548868472541496,0
-0.6282906654233642,-0.2032024745842337,0
-0.42201532151668664,-0.4310881919515229,1
0.2053256264603472,-0.4292426545256704,0
-0.3422013268676298,-0.1944619838106467,0
-0.07653019926899823,-0.00325163947082676,1
-0.2161784854495763,0.23911799331472627,0
-0.10328094778056478,0.28790726078083545,0
-0.6249905803138516,0.436676314807496,1
-0.3499419775530354,0.04077492142049444,0
-0.32935938619791866,0.5452948599298052,0
-0.5634207389675812,0.7333566384329957,1
-0.1754713511313785,-0.048681098809687906,0
0.34119552267140413,-0.14348398986116598,1
-0.06043306695136384,-0.9252438895537021,0
-0.19910052938100342,0.2073180771005839,0
-0.9874897180228228,0.03020401627967842,1
0.39494747719680734,0.1266061810541957,1
-0.46747269531803415,-0.5726384593729901,1
-0.6896540867518098,0.04438592012092863,0
-0.3167780453437908,-0.15579415165256294,1
-0.05792414914437176,-0.5563842615350848,1
-0.08380488501291926,0.04214602460241271,1
-0.19229219881795218,-0.008096303080229883,1
-1.0214381169831768,0.09929505669698856,1
0.01629940837166946,0.4019644519442968,1
0.7966331202991604,-0.17339001052084183,1
0.5271505363403907,-0.3839529695818783,0
-0.35702989955862796,0.4429815277594675,1
0.4911322077802626,-0.5057731777753982,1
0.04863107192445724,0.415355957467049,1
-0.08226621341677257,0.5075662939828122,1
-0.22439644724495317,-0.15478418583804518,0
-0.390416395833579,-0.8063382783682204,0
0.0951200606114948,-0.18809497093637442,1
-0.6912432246889225,0.8350528043235556,1
0.5754227128682334,0.13916918190230693,0
-0.04794496149116109,-0.8146932948816855,1
0.16238451341677967,-0.7632553507443491,1
-0.3589461845561648,-0.2889041119147724,1
-0.14139223015610258,-0.3416436641779201,0
-0.24389815343647464,0.43780523211857886,1
0.10261920687299302,0.019656842210927675,0
-0.808506445032045,0.22745773988705897,0
0.3848190572638401,0.05941612894104478,1
-0.535171437830566,0.7497208378355249,1
0.2789653302967703,-0.4932467495749547,1
-0.7973120637022806,-0.1499284807017413,0
-0.09022005355706758,-0.26376842145746626,0
-0.2019583528645786,-0.6310727476460265,1
0.9490014405208554,0.2747344282380451,1
0.2179519942451339,0.26239835068335227,1
-0.188676823618575,0.08227127404630027,0
-0.08900978516534594,-0.053657846544747465,1
0.05949588288115377,-0.3656545578900498,1
0.04133349412934231,0.0420089863930167,0
-0.6132577616143595,0.32751009142456855,0
-0.30013650238651535,0.13901545317066674,0
0.21856123775427877,0.22093458213101314,1
0.034505875427287516,0.09500210834800632,0
0.46209991903419595,-0.560496024033444,1
-0.3813115531069107,-0.1657296234891112,0
0.5033890213668712,-0.3196015223936203,0
-0.7079406248719398,0.2731286829189737,0
-0.3232637192622916,0.08179303312582079,0
0.08610410307544433,0.030315234180115346,0
0.3903369447466369,0.0513545263465346,1
-0.5393671371114294,-0.6951300078636995,0
-0.5450662715071061,-0.0571646683410561,1
-0.35899357671396226,0.2363995454389054,1
0.07559816191558413,0.13261561396061639,0
-0.13302740795159956,-0.08863231873646005,1
0.22006236272743518,0.12616098991149338,1
-0.0981890740400635,0.02945643793395559,1
0.21270393415177458,0.028647195596184512,0
-0.2864972861514163,-0.3939085135868941,0
-0.21164025870324996,-0.13648939778196664,1
0.3354495059428241,-0.1847089442932787,1
0.5310956091776257,0.396860225280989,1
-0.4677490185001133,0.320944596520333,0
0.527975437183374,-0.056828023499330915,0
0.2953414078767581,-0.6890635465815478,1
-0.7304926608101051,-0.16714730188883575,0
0.05541154018421798,-0.7563371286418663,1
-0.09460739884701486,0.41526012216046665,1
-0.19032183950082912,-0.7977336769220148,0
0.3210880435051654,-0.4789826245541984,0
0.23995862058740944,-0.8802772270347623,0
-0.11142521607758271,-0.09701421052735172,1
0.07186330152072007,-0.1023453046448436,0
-0.03457046909010107,0.16311718285976945,0
-0.2790505503608157,0.5348080273210934,0
0.08418712668288622,-0.040370034506457486,1
0.29608747034714605,0.1387672851111998,1
-0.022672988157501545,0.39984624669935875,1
-0.6220243180506808,-0.3286110319385191,1
-0.1610557468463344,-0.5197699109725498,1
-0.5666164304641502,0.1553424689222312,1
-0.5111442712401015,0.09309821787622506,1
-0.35356379671103744,-0.16061003021855058,0
0.07843042426387492,0.8881874594210233,1
-0.5886732403775627,0.22798587599687373,1
-0.18833931442324672,-0.17761301576539806,0
-0.6170600612249495,0.6768714978914602,1
0.23674523424144506,0.0846655144435603,0
0.7003455652838045,-0.7127545389958839,0
0.6444520235927734,-0.011700253037669514,0
-0.28028988105092567,-0.027212945422358237,0
-0.37307553183713893,-0.36733237401707614,1
-0.9847085027281083,-0.028769386742352562,1
-0.5498791603521556,0.007647782351379653,1
0.3660652143538592,0.2346011835338414,1
0.5986725976758854,0.49961728009450207,1
-0.2051844031542972,-0.17241862599951444,0
0.03951793134975505,-0.2852517625203566,1
-0.6332606014198657,0.5424878791841005,1
0.07930060951546686,0.36758249730532416,1
0.4061608702976942,0.2308039826049294,1
0.33162776220671697,0.7848384743545346,1
-0.035764374353082655,-0.12905361921452413,1
-0.2830343494919164,-0.9810371044922707,0
-0.7319323334204813,0.4181401688130212,0
-0.09094645949966211,0.4651501935397842,1
0.5845233360303985,-0.7893937101849481,0
0.03035612146607058,0.4607410523171881,1
0.11635462380128457,0.9484101726214684,1
-0.015883584750881526,0.2634883164432156,0
0.3642218090096476,0.786341719298452,1
0.5164527124620483,-0.5433196627288107,1
-0.08960840404604759,-0.7492864677652191,0
-0.4916941223577891,-0.6996833575466445,0
-0.08600112665042617,-0.19258914711024555,1
-0.3027180899897554,-0.04523450769918662,0
-0.2648073447152884,-0.9239807261733071,0
-0.06474110369444236,-0.14680824533608813,1
-0.3472673669433637,-0.08156396325862372,0
0.4815685433623812,-0.33361445373883536,0
0.49445679587735547,-0.11183040619710016,1
0.6871930563515234,-0.33411879484963547,1
0.070623051881382,-0.9339778011090569,0
0.27816098756642543,-0.026229809947332747,1
0.3529327788505096,0.48734388409250484,0
-0.15442329705589575,0.22203356205204178,0
-0.5792805455897216,0.027517667368559193,1
-0.9491563513539145,0.1001096739233814,1
-0.6443015080839987,0.2953155589179527,1
-0.08849509253054652,-0.8261681893146864,1
-0.23105426684873226,0.7710671912657885,0
0.3251354014534513,0.840066552485033,1
-0.37696652582177886,0.010717619215895268,0
-0.4438660048054573,-0.028636124598942735,0
0.35466078110062177,0.23249701415195312,1
-0.5790391645431872,0.31926782161624917,0
0.2753855828126347,0.5379420253859302,0
-0.8139081504388354,0.6122268953782855,1
-0.40866841579307267,-0.22281047250866814,0
-0.08921881825813137,-0.1396279360413333,1
-0.531686393868065,0.015311633170410777,1
-0.659176044540795,0.3390222542173018,0
0.4658694923875422,-0.5620785035148794,1
-0.29629763620149807,0.12415735011929996,0
-0.2900676502145731,-0.1327839246309237,0
-0.5229787969880538,-0.747400686735249,0
-0.5183204919201382,-0.06508244632660833,1
0.3082854099642513,0.16022337055225427,1
-0.4883792690723087,0.8037934760942614,1
-0.07249826947365588,-0.053321719321281144,1
0.034623481211392,0.392042825842262,1
-0.008057217019077453,0.15829418251475,0
-0.2902273720494588,-0.04639643854902205,0
-0.3889586177172877,0.5876664799935646,0
-0.7930369771530561,-0.3471494300796331,0
-0.5017449036042522,0.5409520536161754,0
0.08044941266162056,0.16930800448277075,0
-0.5356485835913926,0.46405395099835656,0
0.47148174754529126,-0.1525963602988504,0
0.9672195837696658,-0.5576716767975457,0
0.12301241033932328,-0.2861572325762227,1
-1.0955054075477464,-0.04697848661250813,1
-0.103672938842109,-0.43955631990253363,0
-0.4954659623435887,0.31489852283684594,1
0.60354014085735,-0.1594311430790993,1
0.5564563068147732,0.2793423456726495,0
0.11785290482727376,0.23952741912288145,0
-0.08833958030801335,-0.5863650969300244,1
0.1610018774624788,-0.2203250983179207,1
-0.7392843755745678,-0.4040035115583057,0
0.8841757038514544,-0.3689396672910578,0
-0.39055805765062707,-0.08897847526713853,0
-0.2385334700125903,-0.4082788924754458,1
-0.5386296502972678,0.7077919654498889,1
0.027524027290011143,0.3542513390655742,0
0.3524142235536715,0.5228511276996062,0
-0.20905783171471548,-0.8657925060350509,0
-0.2008970461323132,-0.4096165281084771,0
-0.49431527910971335,-0.5379075530178622,0
-0.6433894817944931,0.8616435080730354,1
0.27882539501577325,-0.35107972714514774,0
0.043339475315333637,0.18338681061601325,0
0.23324142169803777,-0.8033283672388807,1
0.3518159083960015,0.13261444418493187,1
0.6820375393290459,-0.14987706222370856,1
0.5169132736748502,-0.32062450088859296,0
-0.2803560622406127,-0.06193324498318719,0
0.268893195829996,-0.9427654674362371,0
0.36158425235613423,0.42117551314178103,0
0.3468456664725911,0.25874096829042087,1
-0.549721593006208,0.039475462994274325,1
0.041123367393582404,-0.133267027827339,1
0.13592441907594655,0.17189077684575862,0
0.07672843488531114,0.35043682459096515,1
0.5417858844728375,-0.15738120522213864,0
-0.40292866629396107,-0.5788068621654557,0
0.3542339086489297,0.37557299801342686,1
0.08866837572607046,0.14689936523616898,0
0.2979099440895796,0.03657360432091153,1
0.6669509053710948,-0.18697175765988877,1
-0.0510778153778661,0.0031839953739391247,1
0.5729827338060473,-0.3205900323797539,1
0.12494111662603015,0.05576539328521149,0
0.1562789942195696,0.6409941857782263,0
-0.35934884642522424,-0.7643620496352179,0
0.2935820645546703,0.06397982902611184,1
-0.431071978882419,-0.12439798197178162,1
0.2554106622197519,0.01500420266607809,1
-0.17329787910833822,-0.22700088603557173,0
0.6864914321139115,-0.3231895386922983,1
-0.7109751246564809,0.21030405902326435,0
0.0723705855033624,0.7216578343568933,0
-0.38713997506261866,0.4920723259565636,1
-0.3923115703273986,0.38184030302789523,1
-0.352566110488741,0.5842896165361824,0
-0.06274638509204503,-0.7226165854929053,1
0.17063951721129691,0.09292117022249027,1
-0.07468746639645285,-0.12552389108853773,1
-0.5993618493183605,0.6695048098745415,1
-0.18610123013980495,-0.3872033665544018,0
-0.20071010386180874,0.4512136397476333,1
0.47266548660953556,0.480897333682608,0
-0.37429393200527705,-0.7223409828703713,1
0.27098212987950626,0.44341616016782626,0
-0.394035732330723,-0.5809379188447058,1
-0.19031755360840993,0.20912460082239925,0
0.5378351224165542,0.7077815555386067,1
0.013249546573954479,0.4740753395343902,1
0.15856453196997633,0.8357910625645608,1
0.7838846685974429,0.08549455265704929,1
0.4553045545692199,-0.04234742414506157,1
0.28815051061689173,-0.3182090643378301,0
-0.16910651070853622,0.7099877241152186,0
-0.39833839443400904,0.025861493901753733,1
0.24473258549104454,-0.47937654344261116,0
-0.2843822579362147,-0.8255073797248381,0
-0.2786834308530665,0.3467682481000234,0
0.40582003044612497,0.8057605435129707,1
-0.3084813904449964,-0.5540473300415336,1
0.9314458415758864,-0.3482284660830618,0
0.6441264143302557,0.4980247527223812,1
0.7996584433675249,-0.5598478546018787,0
0.42543057564299086,-0.568981983635391,1
0.12792901647823707,0.06539745855188037,0
0.7419499112025068,0.7107813330560733,1
-0.23492679108750664,-0.35735219049490274,0
-0.22916151743441637,0.24089850861013443,0
0.40439063503168693,0.20871443740776138,1
0.2557264751376105,-0.4074582377213685,0
-0.07218056604318127,-0.18330682972258022,1
-0.6722694285313217,0.3966297787746249,0
-0.11939344314149872,0.3667863817930426,1
0.137067310314735,-0.5813473766974506,1
0.2316461224943001,0.8347539637224494,1
-0.6446713641522799,-0.5679411147483644,0
0.857515864250704,-0.4477673070195002,0
0.02261127059883413,0.31738234773575175,0
-0.21786561736012494,0.06567350227014088,1
0.04344608895019239,-0.13886525254373114,1
0.16191793954978353,0.131412311483405,0
-0.305523224032679,0.4907300808357659,0
-0.059914235264408346,0.50622025708966,1
0.6424222028410748,-0.4394085493090403,1
0.04198236374680429,-0.8290260223607654,0
-0.42446964860846026,0.2334003344893315,1
-0.7455901307308154,-0.499425703680345,0
0.3743199829505043,-0.0758293594912024,1
-0.845792502384357,-0.02319210548998956,0
-0.07038072871912396,-0.6741539995409919,1
0.2273174738367318,0.22612942055080593,1
0.05685268139684581,0.21402620206455247,0
0.1464884807881791,-0.7340505805989194,1
0.3681460338686246,0.21799921011514492,1
0.48372728479611893,-0.8517154040096485,0
0.6527752081932489,-0.22730940295316693,1
-0.07521495745728247,0.19768869812812975,0
-0.40128154958070006,0.2910116239404955,1
0.49585616405165994,-0.924804021598929,0
-0.4681687475251085,0.5514119642440549,0
0.21064324882199972,-0.2917581994027848,1
-0.015207139726963054,-0.12038038792448746,1
-0.5707012448686831,-0.34034031528840625,0
-0.06354582881118029,0.3013646978167719,0
0.42478088207258585,-0.2300990971179227,0
-0.09090136957632321,0.5191607612410032,1
0.24326016147340654,-0.3763529178286074,0
-0.12123742025828729,0.026519310856108664,1
0.005804091848271003,-0.4677508189521107,0
0.21972291656258713,-0.7768125721869048,0
-0.1887373816166057,1.0453452943563577,1
-0.6718581531624676,0.14332882615409398,0
-0.3721857930821345,-0.5457577163682942,1
-0.753361841708357,0.10688914941461916,0
-0.25241613212256436,-0.3479628860559656,0
-0.4083812683078188,0.7418628380794899,1
0.04519222817021904,0.23997330611053785,0
-0.12019428556463617,0.6577796435929274,0
0.31612673532441893,-0.674784303753482,1
-0.3574344001222526,0.6807990059318011,0
-0.05234596212620337,0.07574061625369706,1
0.4934003769649854,0.8361625470245769,1
0.22992809296565275,-0.7451167656590174,1
-0.23156585742128594,-0.8640588824349146,0
0.21108859318032575,-0.12890895840926142,1
-0.06220476451698816,-0.05103834286657072,1
-0.3569041482627767,-0.6064169514280784,1
-0.10344398766571504,0.8828320921757385,1
0.02459417345688794,0.5518972317385841,1
0.04785440127187171,-0.9765945853323023,0
0.6068962941400353,-0.5262656609967531,0
-0.05588007447590973,0.7072999718249848,0
-0.5568318907455867,0.4764294812314532,0
-0.3575621593949911,-0.13251744531966614,0
0.6753663343041129,-0.14799420324465123,0
-0.7977460492496353,0.8685379721502997,1
-0.9801095537044038,0.14506483964666375,1
0.033015423733895405,0.057998395494588566,0
0.7331234412704857,0.4665091998056241,1
-0.240365420424111,0.00274650793042501,1
0.9036796593984658,-0.4447928215588108,0
-0.7129382135227119,-0.5193821582775162,0
-0.8436961052380985,0.4116576685909447,1
-0.352524043842064,-0.5860733018138852,1
-0.29933244813503374,0.3967914677933912,1
0.1927058627665258,-0.10181619954530448,1
0.13194373526339584,-0.33061391223502545,0
-0.9351496526807166,0.2819534529781724,1
0.12084233192279653,0.5222129227001527,1
0.8108984377122067,-0.31494805283987787,1
0.3174071784622672,-0.9530490487485498,0
-0.17252796310610333,-0.17020771982639635,1
-0.06590749943069268,0.21665068693033726,1
-0.1889496742742355,-0.32931766697434983,0
0.25562328007559765,-0.04136409551572318,1
-0.1669507183282503,-0.17293974222798242,1
0.8458266308471939,-0.032376939969923565,1
-0.1902113229392608,0.08343268847777029,1
0.6315164146994771,0.2381205911263577,1
0.44171988538376544,-0.34573406097660964,1
0.06557291271449234,-0.226200600380052,1
0.019776111280986112,0.4550816658733857,1
0.23062996769845887,0.8785189998127395,1
0.4534365659790384,0.2284353329778923,0
0.23865161477602445,-0.43833040655015015,0
0.07234135868762581,0.8003521522869781,1
0.5545230857164939,-0.513426373214592,1
0.06970519267549367,0.31636504415209854,1
0.5688736412701921,0.6668143558344924,1
0.6875455585262413,-0.6511974919270537,0
0.17033048636314757,0.040684767346767334,0
-0.8841603425064828,-0.3408518108974491,0
0.5541802268702802,-0.37436059718015363,1
-0.46970964124945075,-0.5779199660026307,0
0.3282230282139207,0.19222494651675587,1
0.173548236327861,-0.10428268766695324,1
0.1589941814155106,0.3304532840283215,1
0.2976117508382673,0.09776650976618587,1
0.2391071517263436,0.8766117934774366,1
-0.07216240998592657,-0.5591718372907701,1
-0.357542878772233,0.1897801509434247,1
0.8443998235250421,-0.2698742025630473,1
-0.6386237411605257,0.17426318792695256,1
-0.004848868761832617,-0.4393924747576014,0
0.06648122852533908,0.28927190899009503,0
0.2758959434077245,0.6478568960352067,0
0.07718679728850192,-0.10233096340004119,0
-0.03662646456450368,0.4712013035550422,1
-0.0737905686042647,-0.2301374411330038,1
-0.23908355726360245,0.21404507642688897,0
0.4177211768529496,0.7956907116680242,1
1.1298509143611208,-0.1667476111238749,0
0.13962406732583468,-0.552527825902124,1
0.14381098449842905,0.2971059954400683,1
-0.34546665399728055,-0.2355861308739456,0
0.16054247739027971,-0.18705663995029306,1
0.7401358055960268,0.25198468905815957,1
0.226046327124579,-0.528950118963212,0
0.6624320490175115,-0.2905148535054035,1
0.21702014021198301,-0.035068712950333814,1
-0.5761584452996736,-0.5627827627395717,0
0.15129065132873193,0.5089579014505963,1
0.669337654648467,0.06661297839646875,1
0.44524532768056513,0.7138335407218543,1
0.25574773042525883,-0.5696485580039181,0
-0.0635427006243471,-0.14809904120348708,1
0.6803637888897099,-0.3557770654981849,1
0.14717478321995217,-0.5862331277692064,0
0.6193222814973456,0.48538311635516385,1
-0.5514482286903377,-0.5283564611723423,0
0.45616114046163725,0.6762303772923758,1
-0.1473874356146054,0.14927261502681308,0
-0.3508632014097637,-0.25091840568336093,0
0.037967150844697393,-0.6455137022170953,1
-0.7040416199834103,0.4595602794088565,1
-0.14364444100070672,-0.3785078235916362,0
-0.4841292916471336,0.030693699783664916,1
-0.24391944623812992,0.24415690843900606,0
-0.04941237517508715,0.19017732927787923,0
-0.5807718668907251,0.6513120910124174,0
0.367495446549466,-0.3185244355784281,0
-0.41103882852359275,-0.08283223369123933,0
-0.31766750178583436,0.3628207752376468,1
0.20104860901381216,0.7271751706744768,0
0.15123946811216826,0.34580399357076974,1
1.0235430996871127,-0.023732810630667497,0
-0.32168526703851,-0.16470330823422055,0
-0.12070210639369225,-0.4194082862654292,0
-0.2150511661604148,0.14539886751725545,0
0.13754636074132104,0.5709454917527719,0
-0.4147581803633663,-0.49185228582459106,1
-0.26809276965267376,0.017022848171451915,0
0.11755710543982764,-0.09852844819023372,1
-0.09155327649302689,-0.7493852786480487,0
0.8396923954044584,-0.1441615908260277,1
0.40991534067094104,-0.046027112458975436,1
-0.47533449564545777,-0.31434336391197615,1
-0.018651129441029767,0.1197471191251141,0
-0.2502262443739035,0.904867289537211,1
0.17595806116405135,-0.4379156760649542,0
-0.13444728625833888,-0.4840153998754216,0
-0.09663709121467873,0.9228313820990246,1
0.500459207380008,-0.7863368523836102,0
-0.2869549134482845,-0.6784782820439526,1
-0.0533512197138563,-0.13932903839309901,1
-0.8351334771364896,-0.02200378831024516,0
1.1208499606521947,-0.0782173891618204,0
0.2757667308844503,-0.1108674692912787,1
0.2661515560476189,-0.830223989731345,0
0.17937578105346327,-0.3469699673688562,0
0.19693443004032996,-0.8720396306586398,0
-0.5392444910755555,-0.09962487306453488,1
0.7311907170617193,-0.17039632214028005,1
0.0736170949200487,-0.5850791320316675,1
0.13643661823260092,-0.5042267528677118,0
0.18491694726484365,-0.717234494670802,1
0.01079385186124169,-0.1985862095643824,1
0.4519734117020947,0.8682008563796121,1
0.07833162693112844,-0.2181053851579707,1
-0.9047757500078134,0.22132339407466267,1
0.2585492645542515,-0.17159191852264463,1
0.7400587374770633,-0.6783369317225931,0
0.08080058804392647,-0.5985625863275217,1
0.007273947857036826,0.15047945976874477,0
-0.09013993231622913,-0.4851210156649033,0
-0.10178470094578736,-0.05597774616707918,1
-0.1518806626812768,0.25056135003234714,0
-0.10722822445392088,-0.08863494819121596,1
-0.13573046561309893,-0.0809242606972387,1
-0.006010702385558061,0.8085661239542121,1
0.022713168934759217,0.28406643794925185,0
-0.3683453087288853,-0.2895058169251243,1
-0.8950661668873522,0.06700306587789144,0
0.5872289012387091,0.4331708070722453,1
0.2642732733336036,-0.21932077681103374,1
0.3406516166319189,-0.6314172791972038,1
0.5414635570858994,0.17464666689702096,0
-0.1649905731892444,-0.31477758516406384,1
0.6476379948261489,0.6485628366011689,1
-0.27899042034255034,-0.36696495091976455,1
0.3344523597367147,0.045027513487208404,1
0.020258915563794416,-0.08673801315320497,0
0.7170864143510761,0.15757065883667776,1
0.13149134028880421,0.1825659949782523,1
0.42825293906364936,0.6362991901978928,1
-0.6729966804401781,-0.3781319580786979,0
-0.20137671407576202,0.8244503565726671,1
0.6295183836660685,-0.2993405994918358,1
-0.16963980742877832,-0.1183274306833593,1
-0.7546648282047692,0.5714969105874559,1
-0.20759774038111722,-0.11321245245968348,1
-0.19357070935557208,-0.44005662413616436,0
0.3519525730496583,0.1634643035650304,1
-0.2553901087450225,-0.022498883254822688,0
-0.291365713932293,-0.38100785072374255,1
-0.5856175410478309,0.7803878009313369,1
-0.28152624659542486,-0.7237147996001723,0
-0.35678293509484515,-0.20565192941574606,0
0.17518236540260707,0.2197455418291416,1
0.11636359158029956,-0.009941435669707652,0
0.07474381980095031,0.4218256909993241,1
-0.19922230398461876,0.43444054996083387,1
0.5590532038542433,-0.45219278631805826,1
-0.040630541053755714,0.5499378184403789,1
-0.18442488892107758,0.8315616131028133,1
-0.14305840722406066,-0.33439068442095177,0
0.042046474662098224,-0.7192224977505588,0
-0.48111508345832416,0.010129435909394177,1
0.7802424683263564,0.00785437272139437,1
-0.20744260207439683,0.13023799788120763,0
0.3145165581067719,0.31884386692116135,1
0.20645805722922392,0.7105229052621908,1
0.2150225899079679,-0.17059326557493512,1
-0.15458056154211913,-0.14495442449524087,1
0.02371778994209823,0.16630226066648554,0
-0.47580458364794215,-0.7174061836530593,0
-0.6109433405408509,-0.17106023885228971,1
-0.47930656318062187,0.7733038525539176,1
-0.558949840136366,0.21370702402704905,1
0.24609525760199139,0.8011486481101386,1
0.8750200480359629,-0.003353599993365458,1
-0.39490106052758944,-0.10049268618068888,0
0.6010559804057659,-0.06903712142737334,0
0.006097977699483184,0.04890486380959043,0
0.21438332481909456,-0.2682397715558437,1
0.9553806224747603,0.05999660080786899,1
0.07220332824217437,0.2688363094458769,0
0.8317067525935111,0.07527012440890947,1
-0.4654906654564563,0.5360570619715913,0
0.025598717207526323,-0.9502343780359255,0
0.49203662691292965,0.2711268220309053,0
0.46146703799343286,-0.7274709787337443,0
0.26857533841263814,-0.21885610912627074,1
0.16540001155336648,0.08248498822482575,0
-0.2793449083194664,-0.22759646270727904,0
-0.3739728027633508,0.929673800001052,1
-0.45249625392473947,0.23921450588068138,0
-0.7317136068845902,0.3406283539613316,0
0.15189186090729853,0.1846674207331599,1
-0.29163278673566273,0.18330155454770353,0
0.28288713032353036,0.46729198742626155,0
0.5713124184554448,-0.45251451877580334,1
-0.3143188208840034,-0.21899381129406506,0
-0.11873576192834183,0.204701594998191,0
-0.5757942349498818,-0.6468017070763042,0
0.40363849172720456,0.6507066932295695,1
0.3204391222299728,0.5318246493820408,0
0.023403702645778693,-0.1988528576745214,1
-0.6163101088350875,-0.32554535860748746,0
0.7688998712162164,-0.7629137525422077,0
0.42735085206624135,-0.5797361268846716,1
0.5653335509735206,0.3345144802553575,0
-0.5581053873107342,-0.21246979563793295,1
-0.15556125159658293,-0.744006522429362,1
-0.020724317894352376,-0.009583168817618915,1
-0.5564423584722822,-0.27470008305896143,1
0.3056239327746232,0.08529870569318898,1
0.05593206447002991,0.207726472280942,0
-0.21982772362274214,-0.7114049754321561,1
0.3277255873203661,0.06383422114654111,1
-0.08851817311013055,0.07837390772608258,0
-0.5108641887884513,-0.09517490925062451,1
0.7675565559500228,-0.2856944208568257,0
-0.29233199582003777,0.0025517182173028646,0
-0.9761168659159459,0.49597603126083256,1
0.7827733737201492,0.17907268216226474,1
0.5175098110798256,0.0460528762618255,0
-0.06310050000154456,0.5126068007610957,1
0.5754963167501124,-0.09289232570886434,0
0.15966995820847774,0.04551267833059083,0
0.22412847994368637,0.31903291065246053,1
0.025860799344203926,-0.6193908062895642,1
-0.16013392134911053,0.10017306202892368,0
0.369085668111713,0.20321942055752373,1
0.40695786471137074,0.31007662492930205,0
0.4026666548081938,-0.09239243311732243,0
0.2051667909082393,-0.21178431462902125,1
0.5701130625754217,0.4474924661630185,0
-0.9854357221271726,0.30046463571719007,1
-0.519750406183517,0.000694199793601781,1
-0.1366032958601655,0.3076765024263205,1
0.2273773351403524,-0.3510949824677009,0
-0.6327754951389801,0.4485724601322883,0
-0.04450132328005104,-0.03981792768255146,1
0.23635673011368175,0.030829097534444922,1
0.1881619504878255,0.05435684394550064,0
0.6583146418284428,-0.6388585492790989,0
-0.5469027046582954,-0.5875935994804928,0
1.085254765282327,-0.17410871186442345,0
-0.6316488467388627,-0.4991765041299173,0
0.14332192608642216,-0.03743374678376974,0
-0.0701534200285002,-0.12866758843745468,1
0.1480018133391804,0.12247327614477269,0
0.353875493136928,0.37401525662143653,0
0.5245256320729259,0.34032616781470426,0
-0.21572937862371344,-0.6440363074589288,1
0.1508924392808259,0.8248085294517358,1
0.14445283530410824,0.012796209327954639,0
0.6094232883697228,-0.2788066195223066,1
-0.8493430710976123,-0.24883402021740642,0
-0.1273357111253055,-0.11630868451522339,1
-0.9509732963448557,0.032615406372832265,1
-0.19279991182629994,0.5116919689252023,1
-0.09239282730293787,0.2982295210275876,0
0.5011632813160652,0.7236740486273939,1
0.3310610456901226,-0.6974835587771745,0
-0.1527326270917029,0.23490876610991202,0
-0.37171311407474505,0.9027447589077227,1
0.5211009667586994,0.589854640157106,1
0.2768993134934945,0.047224262200246975,1
0.8933243576947333,-0.2910927509239226,0
-0.23087409171624382,0.05542969377198943,0
0.49423126493006636,-0.5154398210338603,1
0.7503074847337017,-0.23178561906211118,1
-0.8474895373951155,0.5266101319136477,1
-0.4609837210802685,-0.20394870793915676,0
-0.32774315265236204,-0.5383136664494921,1
0.03256929509011697,0.21908570936209104,0
0.1315061873432566,-0.23810140902020166,1
0.2490551255589984,-0.8873194665182559,0
0.9688161354888294,-0.16516255086637474,1
-0.4008016145070059,0.1910804969382043,0
-0.2426030709132444,-0.2563996119937611,0
0.2594286910980465,0.00243752998766298,1
0.4983537088141997,-0.8424728384137132,0
-0.6470817115257809,-0.5388216214408066,0
0.26112197772361667,-0.07047048695371601,1
-0.19438385103153372,-0.11807904355503474,1
0.5227261687830406,0.610071503615451,1
-0.2642912157979327,0.14297251057345386,0
-0.026960732734911334,0.8493479309227638,1
-0.17240622420896629,0.09841811506170874,0
-0.2817446180159184,0.3765810644803711,1
0.2535316078530843,0.4159934008213326,1
-0.27003918832949486,0.13447751450930662,0
0.09477820700344934,0.19230109189187694,0
-0.2377682672245171,0.9448832242445736,1
0.21602244643685964,-0.1326608825957423,1
-0.23532198225438625,0.3650026009807863,1
-0.3578675777567579,-0.6556135174631915,1
0.15354956711137302,-0.012050908146351305,1
-0.6387454277126527,-0.4709189651606194,0
-0.5797189387625353,0.09744566054147517,0
-0.02035711684659751,0.19193774901053515,0
-0.1388522198377291,0.26662079720697895,0
0.53878412576652,0.005779956199982714,1
0.7749835567792627,0.030353031503393954,1
0.7412123160655957,0.34801998069258905,1
0.2597944155101275,0.7472033727807331,1
0.29135574588735835,-0.5226910794596191,0
0.22700567276951683,-0.0049806465648249,0
0.8155279322881995,0.07205453938280798,1
0.1386771314064423,0.11396090002039638,0
-0.39837027578968603,0.5472706570755344,0
0.059171738550044636,0.3179725691876136,0
0.19091271256958225,-0.33106715605910764,1
-0.2809399328729,0.019240068647105472,0
-0.44728897205038476,0.18893971374785024,1
0.08283482946736906,0.9924734175305991,1
0.023271289046182284,0.1499192440114906,0
-0.042225474083218445,0.7210817133205298,0
0.4713897700384448,-0.5776101809773082,1
-0.2193825422048133,-0.8123293893203467,0
-0.19582424228097983,0.027708858579094862,0
-0.7010368622137334,-0.011252340162952373,0
0.28661962669143737,-0.7460564372954157,0
0.2507253327915029,0.4264409369864648,1
0.13674999942197943,-0.4118776514760562,0
0.20690242716723398,0.4346489228548768,1
0.5375438608000226,0.6358844947216227,1
0.999461728086699,-0.010907849395278058,0
-0.25125158693079297,0.5754833221613584,0
-0.4290714337209555,-0.6757373392521502,1
-0.12499510289295543,-0.1469668472748747,1
0.3702940742534049,-0.07267036555237608,1
-0.5959301834587165,0.41076465364246056,0
0.6573871265826543,-0.44564184163355103,1
0.3321027350265836,-0.13597629362643418,1
-0.8239670484390368,0.5365365573764478,1
-0.1756216176053075,0.6948008406535175,0
-0.3334626946966079,0.061213207526267466,1
0.4010640855746593,0.25568763108473413,1
0.1784782747662488,0.10353031107214657,0
0.4639525231584488,-0.7627106419462305,0
-0.7269811437962916,0.4868032518514677,1
-0.3859117397714625,-0.0985712934962901,0
-0.055953919711735814,-0.19065738666930473,1
-0.07643311962383009,0.2225395490954571,0
0.3731045627719644,0.41480817859814645,1
0.681144558839336,0.08379638582574606,1
-0.4559907549901621,0.14308655432625816,1
-0.3478501404761365,0.6656014558047035,0
0.331333870482159,-0.08311363486193138,1
0.31112541833909424,-0.46181926761186914,0
0.5219769528866689,-0.524891747436878,1
0.4458182598261631,0.3873044388487218,1
-0.772688860921127,-0.3182100296434982,0
0.6868944408611141,0.3899776712646279,1
0.07881537568482141,0.4742542388824371,1
0.17356346335571052,0.7418745177030477,0
0.020783561522212852,-0.3396930635857195,0
-0.18655398990441727,-0.40787002356099084,0
0.3921749204489976,-0.11887467656402781,1
-0.3031177859879863,-0.16364808901454253,0
0.6999199441025438,-0.031772537294225994,1
0.32417191387044086,-0.569410598946907,1
0.4753144155826524,0.6719852162717569,1
-0.23176554714339076,-0.20780177903126337,0
-0.10186902196120856,-0.08452505810283278,1
-0.7785322214833683,0.007804943390182612,0
0.4391200193509287,-0.2529044373969365,0
0.37118522560553296,0.6450154326427973,1
0.2354451120307646,-0.59026696365061,0
-0.8207300226243074,0.009588400862435481,0
1.0700823647220605,-0.04730860953298832,0
-0.5045209917750796,0.13913583517022463,1
0.5438923010572968,-0.20165977901923582,0
-0.01427368966323296,0.05191975769753845,0
0.47160811375986644,-0.6652074097013561,1
-0.3357113776649708,-0.6721383679186819,1
0.47106726305178714,-0.49333538213367434,1
0.8158317903732251,-0.4375802626555496,0
-0.5191928821225119,-0.7588490453907496,0
-0.052125648533783965,-0.6626743772996747,1
0.12072902733323745,-0.7312480341967539,1
0.09127621406093506,-0.9540445742072726,0
0.31836263089675443,-0.6321206580283589,1
-0.5376423092629266,-0.4722184902207366,1
-0.23444606883653774,0.03937566180978869,1
-0.11641113638019679,-0.3642463956073389,0
0.6284985386967659,-0.2032554404294133,1
-0.1271073126519838,0.23425639051609182,0
-0.13183518706992253,-0.5844906443367694,1
-0.289061264544408,0.29160647213981555,0
-0.24464129197307577,0.3752241502733784,1
0.24999641983562917,-0.34703024138859273,0
-0.1930617427795306,0.22508367018374922,0
0.18728106295132826,-0.25432313066653667,1
-0.3360641862154622,-0.10982019874162836,0
-0.2587780845018422,0.7914498079708867,0
-0.4050282570300006,0.3619273350974632,1
0.1154657675572564,0.19032081738173603,0
-0.5901019795388943,0.6421177039612497,1
0.6352881692664015,-0.4051621552232898,1
0.20096990961525052,0.03228931038426343,0
0.07642934056357964,-0.240665553044131,1
0.6791228086280554,0.31411713450503187,1
0.2867852347979799,0.986140713114134,1
-0.4675272840577391,-0.3402918987096666,0
0.2768354148908974,0.5273230193425782,0
-0.026961676973752097,0.015098004653192623,1
0.15570014662794085,-0.733641711104369,1
-0.3005957036490595,-0.7333890929072562,0
0.2947566119012367,-0.43376350051119805,0
0.17370707557888004,-0.8293273157953168,0
-0.15466760146018707,-0.7112381693044976,1
0.013930388846441974,-0.17409904786299618,1
-0.15434037582097807,0.29737313597271253,1
0.34155368182561596,-0.3019280044435067,0
0.5293487736796225,0.5297157058651704,1
0.14198044527372086,0.050530713023762955,0
0.6078834504161397,0.24603937315427848,0
-0.44193020672408184,0.46029698031736577,0
-0.18620832147370842,-0.623390189671034,1
-0.5752585639667191,0.7663276773135019,1
0.48343885569209005,0.020383735436987543,0
0.3829111456143798,-0.23267747309532077,1
0.556798641080334,-0.7727913523260928,0
-0.36406358445504744,-0.4018138008744366,1
-0.09900885036000906,0.19500061629147805,0
0.16718336697958897,0.5429635276849195,1
0.5090842537093284,0.5485009123088528,1
0.6991822291758406,-0.32176159077154387,1
-0.4424681030825696,-0.43684824459148286,1
0.038880295341654575,0.46409098278815714,0
0.02331319439313253,0.9015296854409849,1
-0.25365444789303476,-0.4042194293201808,0
0.44691140613278546,0.2920524129808466,0
0.4523635556398352,0.12605719761466955,0
-0.21179534830497354,-0.8810250793440395,0
0.5499370225155523,0.5181099297437982,1
0.0742903698645907,-0.3342154160286378,1
-0.5051313745788429,0.7320391515731715,1
-0.04143333252870745,-0.4545754902158775,0
0.24181917841995038,-0.23217895876365535,1
0.5228589790357812,0.3881770154359948,0
0.25309277623603504,-0.15971890124626092,1
-0.1304974055893554,-0.6239129464786011,1
0.22810811083158336,-0.8944374030861681,0
0.14313473148932845,-0.31014062166486844,1
-0.3767738830823134,-0.8527968182643765,0
-0.41775237688915723,0.0681444727250277,0
0.1769688427194242,0.5156785806897054,0
0.08451879348352719,-0.9375597712324628,0
-0.30160542448794575,0.6900673920576367,0
-0.16910738833134373,-0.5959695828560879,1
0.3377415308575197,-0.1160385490607917,1
-0.9899674441548406,0.4058825498401888,1
-0.32247160897735483,-0.2561461083869203,0
-0.13915248236740146,0.3566738608967372,1
0.2621470386236094,0.3441535096293051,1
0.4697292540008704,-0.5245262079477613,1
0.44574463050359914,-0.5387995088096051,1
0.2466914105152316,0.32270921759520305,1
0.14854132481762256,0.025545530960043,0
0.03153309948589539,-0.7395770604804428,1
-0.6447200463109403,-0.36609577891715467,0
0.5523421460291268,-0.04080459438022657,0
0.7427377098770903,-0.28337035476803046,1
0.4405629972996377,0.4569710812872211,0
-0.17239850208893814,0.64678094447522,0
-0.5663017886782014,-0.5896846291484265,0
0.4383055947640453,0.14018828423994617,1
-0.6181652466628075,0.1594311240192846,1
0.1430869463556286,0.39062005083061085,1
0.3222687840752541,-0.5303288578372723,0
-0.17400576053397462,0.43189967214644587,0
0.6198022327114816,0.0441242529935659,1
-0.2696800626796309,-0.3027441492819108,0
0.07893841127576837,-0.4419483632361844,1
-0.3008245935630264,0.18297283818207422,0
-0.1725575856763006,0.8989439472863895,1
-0.4960730311130273,0.3277822254832198,1
0.6387370494571079,-0.377485348149706,1
0.42143567799101644,0.2650130903635721,0
-0.03504520073989794,-0.3545881149692471,0
-1.1136621335204946,0.19996041465852432,1
-0.22430597301722535,0.2422862722440085,0
-0.7505990691036001,0.4221308741667476,0
-0.0729079652056979,0.12303698397367731,0
-0.20515072099018963,-0.8693956536998779,0
0.46397617717367484,-0.3730698387467496,0
0.18576793686363707,0.05765073556611235,1
0.19627724558915163,-0.17064867089780386,1
0.5631524611921277,0.3737998556580222,0
0.3100010285644361,0.13706994820537916,1
-0.19732081665299728,-0.5676719708236018,1
0.3350395392785661,-0.3147236390558384,0
-0.8513572390665137,0.3681882578020805,1
0.23683668566902738,-0.3440394864263921,1
-0.1110536401920835,-0.43811958197588124,0
0.46045301276374767,0.7406360080448082,1
-0.24960280428728726,-0.35833319380715134,0
-0.26641437861522077,0.6281730818520445,0
-0.04186608214722765,0.14706101145588357,0
-0.1238991580887571,-0.34655151373509974,1
-0.4003066530393319,-0.08213717213886286,0
-0.5266028187567259,-0.022039450525414214,1
0.058080363836657004,0.3043277325682864,0
0.496352892523102,-0.307694559368187,0
-0.08042869791274997,0.6944740202358854,0
0.0708639691409362,0.6324199308153523,0
-0.5087149502438089,-0.5175336552804755,1
0.14875381485340114,-0.29311924677741474,1
0.060305155419009666,0.31592588178810915,0
-0.5770137118355652,0.06231197177840436,1
0.4240617188806381,-0.3015034492861055,0
-0.7222587881279177,-0.00793920546810362,0
-0.10081231596355537,0.09236927230704148,0
1.074717055648775,-0.13811292948580964,0
-0.648031834096747,-0.01390872431375667,1
-0.2839520594262436,-0.3265923600972248,0
-0.14595581814707925,-0.5406272170804364,1
-0.20139611718745512,-0.4697957805991134,0
-0.11342705467348772,-0.8362324535571368,0
0.8975878557183395,-0.2569571808223609,1
-0.09278633998756698,0.3984522509398821,1
0.9719073323803588,-0.15179910966347487,0
0.09854810119853888,-0.16511047171058288,1
-0.45797643606985805,-0.721974966319419,0
0.254958907631536,0.2607602360977702,1
0.029105572231148152,0.17542029750421786,0
-0.09389388518882472,0.2228189001553488,0
-0.09680588420010793,-0.2346024305691955,1
-0.1980712124556825,0.13228639594237698,0
0.4670267485615549,0.17476165666999485,1
-0.22286891335802778,0.6424303620255724,0
-0.22909101878421545,-0.07514558028961563,0
0.02025730251288764,0.0017023515024576774,0
-0.15012088696026538,0.023516005582221056,1
-0.30268809714689154,-0.25681658779415134,0
-0.29782191066348795,-0.20508504891475315,0
-0.4823293699543369,0.21097653189843601,1
0.6086568503412606,0.2507607563355186,0
-0.5864330421191631,0.25880871750201234,0
0.2038871348615723,-0.8142194178821408,0
0.005734037809516056,0.44207474437265715,1
0.06323478618775291,-0.3063429916146234,0
-0.176787483160262,-0.11452980857906976,1
-0.8130341385691251,0.03713144256512774,0
0.11053662499114289,0.1723976775270766,0
-0.32715432021541146,0.4758398788274591,1
0.4529278047411012,0.4188969370221434,0
0.5913261672500814,0.3200811150627338,0
0.281131022499364,0.2433564541821742,1
0.5938873126738241,-0.2353905085842115,0
0.40920423003432277,-0.7827419485548344,0
0.47481171796110255,0.02000078401601922,0
0.5915252091816744,0.6429823369292654,1
0.04099877590520567,0.2726779083046903,0
0.16626523661237608,0.28558806747880117,1
-0.06913526691860389,-0.1892465041763156,1
0.569238445949235,-0.9246935477126943,0
-0.27806019289307615,-0.1206073832482979,0
-0.9510986385213827,0.4903335689366759,1
0.059092949614932555,0.6238496648107695,0
0.3789603948154326,-0.4109404818536783,0
-0.037375090430243285,-0.12938784776165504,1
0.8621077541756921,-0.048899092940572486,1
-0.11436263894874472,-0.16834828766732945,1
-0.5158418202205628,0.3234181436185009,0
-0.1665030602918683,-0.08588201591582874,1
0.6590497370143557,0.6567265815112521,1
-0.37038110109038713,-0.11394169760089143,0
0.3463879563419026,0.1042086598674722,1
0.3217488645572785,-0.10418122777848503,1
0.34776968831960825,0.2110909110360174,1
0.6888220531804539,-0.08932839893731107,0
0.3126038675730317,-0.2826205204023139,1
0.2511640770445988,-0.6928360537950949,1
-0.4963497600539648,-0.42219637020339507,1
-0.4951733796084157,-0.5622389436746916,0
0.019668266500922776,-0.6136831113754173,0
-0.15891141544932466,-0.42550294590826065,0
-0.2696685640188785,0.23817423987722805,1
-0.04954058405250805,0.8231385351691536,0
-0.3688596734576282,-0.8678850231995531,0
0.6112352123604272,0.4798621435591858,1
0.6080721800087413,0.23538225186851647,0
-0.3900133502149079,0.400409388809996,0
0.2919066367537735,0.799900834813147,1
-0.26335044167518973,-0.20440909360969797,0
-0.18813530411144885,-0.866760538180554,0
-0.2069198589001655,0.5954385046755742,0
-0.608655442626841,-0.39439941331439615,0
0.15836012720335696,-0.6152599765284277,1
-0.2710821912727364,0.8952496491186088,1
0.2355432733786194,-0.284456919773711,1
-0.38323968863094143,-0.0776713004558662,0
-0.3011051602435143,-0.3820526244556214,0
-0.9344685462697028,0.4428365411659662,1
0.24965688490444832,-0.005882345388093679,1
0.3918416264520655,0.11244180422634192,1
-0.6159645906824118,0.6424772378697188,1
0.2897920191441771,-0.007623988985881139,1
-0.23286940534349493,-0.24816487930589193,0
-1.0371203231094641,0.18729393294377816,1
0.4832538274456302,-0.13153470928912891,0
0.5350117193927088,-0.22033998689010328,0
-0.1498815481365943,0.8757921011779123,1
-0.6948644695017773,-0.39887992337460115,0
0.19569321000857468,-0.41482415393616634,0
0.726175348113821,-0.4040846205784012,1
-0.6701392016744965,0.3467353700387922,0
-0.15595391288900617,0.29773081600351675,0
0.4895038665867212,0.5486161607385193,1
0.2640442418035278,0.6955233164359174,0
0.7638169565169406,0.33535631219248985,1
0.5336653757075012,-0.6989850577269887,0
0.43725136635740924,-0.7434674668039852,0
-0.44832028052030815,-0.3731833120002661,1
0.10093801354802849,0.04401180600711653,0
0.35869884003533187,0.44259311106581867,0
0.5683570548920419,-0.12476247025400504,0
-0.06866648597559778,-0.9830419642905956,0
0.3991043501728354,-0.47506990298491264,1
0.6338812845223184,-0.0010388651343379149,0
0.6635108208450422,-0.8576751800760185,0
-0.559555894679326,0.6451143487617362,1
0.28579835975499623,-0.7413166093570948,0
0.3238104412691979,0.3774560552658516,1
0.43349523053486655,0.4352061960395562,0
0.7702828120413246,-0.0183792674610279,1
-0.06506618140862509,-0.5321993194252342,0
0.15937691792754743,0.7914598470755245,0
0.07578339075521792,0.06921205776155584,0
0.027351175428466074,-0.4146003218590705,0
-0.43618783283291385,-0.49796090946716115,1
0.032128914987199185,0.5740451176803734,0
0.19768472469878953,-0.042235517464629724,1
-0.3764087899619174,0.12720121648145508,0
0.821981228336651,-0.5438882090164763,0
0.09569638956676238,0.4137010781485456,1
0.33353185188242873,-0.08969462753037086,0
-0.17290292645383432,-0.4022250852543723,0
0.7321276389553412,0.4177852764471009,1
-0.09864737542810602,-0.2314798344748284,1
-0.1722946600940336,-0.32844805242610436,0
-0.16955278722488182,-0.2001634838994026,0
0.06416515601754154,-0.5031292809240107,1
-0.18921199613545642,-0.12678233363195532,0
0.1538594163725075,0.3525804308421989,0
0.568490489819508,0.5314426259209748,1
0.18087843051171873,-0.43106347588460875,0
0.06955061931453217,-0.053342777201187935,1
0.06420208292277599,-0.3625229810939557,1
-0.3897085311086763,-0.414429366482192,1
0.582403968422792,-0.41039441878171773,1
-0.045095706352657736,-0.316182870847127,1
-0.38727959335721934,0.2580028647973822,1
0.17421578463165216,-0.4131545584535336,0
0.13461913639515366,0.04431810884839055,1
-0.029816554654664092,-0.9095772164873315,0
-0.3281678870356638,-0.4005084583374204,0
-0.22398095658701267,0.27972921039427134,0
-0.07647523452082382,-0.12134312667235891,1
0.45130260535704825,0.13045860014704702,1
-0.17172572099541938,0.6589771789658216,0
0.514655787302118,0.7187901591795623,1
0.28911494147523886,0.6571889877401876,0
-0.12865845114653596,0.7970312312170844,1
0.4099810976543666,0.5130680911630461,0
0.358576825349726,-0.27535347256935655,0
0.4158660793170018,-0.8814642536948698,0
-0.02033249851364078,-0.42833472726090877,0
0.817642206044419,-0.26196813167255967,1
0.0648733061217208,0.4803635057023792,1
0.48116622407183385,-0.7024970886561168,0
-0.2361433385258626,-0.06231967146925091,1
-0.6920149719367332,-0.021672219226903836,0
-0.7872461490379403,0.0323110780230485,0
-0.022937559757516268,-0.14297785613541494,1
0.47234608676602113,0.2555403677751022,0
0.07983516860213011,0.36336575830578616,1
-0.14248333589762113,0.3026148331762831,1
0.054675167756907894,-0.9298146548746339,0
-0.5033889436826419,-0.4391539045491249,1
0.6542259553228169,0.3458919252484614,1
0.042647113576016686,-0.405671913576455,0
-0.22527177543035282,0.24460670075269164,0
-0.4434326697925902,0.128379362226709,1
0.17355167204683425,-0.6502042787772238,1
-0.37499141881837106,-0.06918315529082837,0
-0.06207113633037645,-0.21745218496739785,1
-0.1290868050305804,-0.39442446444621576,0
-0.9148481470727666,0.48531077446407256,1
-0.5508754549467129,0.14303968655557364,1
-0.8414432823784697,0.06271889937322891,0
0.09093418264671654,0.4536790007506831,1
-0.06744088255659389,-0.40083610834416666,0
0.28170132397403075,0.22131063958031733,1
0.2647886243483449,-0.6549149137998875,1
0.4417819084905773,0.03255375283165918,1
-0.048328678904817145,0.25355362398528325,0
0.11749204538339345,-0.4331850639698502,0
0.578489304219401,0.4570361740660532,1
0.19101991944498242,-0.00038664854821949743,0
-0.7681407736741284,0.09036156162717363,0
-0.01612687788345861,-0.02951652696904445,1
0.2008305793384524,0.15282092989313176,0
-0.47323148249033126,-0.06880640746909297,0
-0.7282995013443226,0.6013809366200712,1
-0.11497363508485858,-0.8531811538332199,0
-0.5045983413010326,-0.5008947580611697,1
-0.24694213592700734,0.16269660901836963,0
-0.19641378042498897,-0.09676725872632516,1
0.7953605692885308,-0.6713921518410368,0
-0.11419920317309668,0.9763556704247213,1
0.8181579067608823,0.3965639047736594,1
-0.056500960808425614,-0.7243105729741974,1
0.091728660605822,-0.26345323317415503,1
0.3673141049874318,0.03455913488809632,1
-0.09337458705122245,0.47852223634641244,1
0.7261990885747466,-0.2904421804122428,0
0.605765662309146,-0.8301537115534199,0
-0.10199766319014555,-0.2259815753525143,1
-0.06691789510538301,0.04174752128197093,0
-0.014363599187723508,-0.02856858238726133,1
0.12928330556263176,0.001445995282634699,0
-0.10784579615221915,-0.1635808016799198,1
0.3876669289011341,0.6454909022524856,0
0.1297538163700185,-0.9001204361106429,0
0.4653347878799741,-0.29904075370007077,0
0.6977765860408714,-0.2105316376808689,1
0.3682743089772122,0.2966955216488283,0
0.43840070552836485,0.16762864086645474,1
0.11045126905109671,-0.24658367879585014,1
-0.003134956299814251,0.9533875443331075,1
0.304018754259858,0.1408097412238738,1
0.3366287424541315,-0.02743146550598468,1
0.09089995222722898,-0.8086571713623014,1
-0.06989036567928722,0.16877558603912363,1
0.13848540465163764,0.7348884765006286,0
0.36295288769092104,-0.12829711625777943,1
-0.029876009211971102,0.23605543362193332,0
0.8570535827178968,0.08853639719341241,1
-0.21443042158366926,-0.07159383177478801,1
0.5030069670947211,0.03419362468652377,0
0.279434739277415,0.08296198316666788,1
0.566613258850853,0.4697344990378346,1
-0.08045010859756872,-0.35634777054328043,1
0.7286227196846718,-0.19060254328680748,1
-0.4316310039464446,0.5249750173051007,0
0.7320608848846775,-0.13468467590570005,1
0.5384632966003248,-0.13985637067266965,0
-0.040103532623414345,0.640131894236296,0
0.007230584019602616,-0.24298064167322359,1
-0.20358479685866573,0.1350533455657389,0
0.7886276194519964,0.22708721219746092,1
-0.06577277362796316,-0.02870727709916303,1
0.9372641705592311,0.3315710951402887,1
0.05533586781905507,0.24695374926298252,0
-0.18085373777524316,0.24991330190760533,0
0.01875450436097316,0.5565497010508106,1
0.4040838205068563,-0.23690449548125148,1
-0.03815863215068527,-0.22862908465628545,1
0.12800990468714105,0.25440122654680647,1
-0.3240645621519123,-0.04805620098512577,0
-0.844097711823037,-0.16145550086338561,0
-0.44808168668408543,-0.17781656703035556,0
-0.5090636855462095,0.3724495000026268,1
0.5239532266663962,0.08248554368035985,0
0.13668640221815795,-0.6696999233313091,1
-0.8790630511930395,-0.011146193384940523,0
0.11295705118994492,-0.687678462515755,1
-0.07823933396295601,0.19387204759509716,0
0.5402950362714921,-0.2194915021840506,0
-0.08154318252800352,-0.4353119723525279,0
0.5230110599144941,0.36235542365574114,0
0.28925826808811983,-0.051245152635919014,1
0.6023529610309096,-0.44620845334213294,1
-0.6501142004430178,-0.6274979138190212,0
0.5229085724250626,-0.3674872814105352,1
-0.8578312038782836,-0.08777202203681918,0
-0.37127867600462744,0.6220783301277893,0
0.28888774689684965,0.6663298335323102,1
-0.18901118652547122,-0.04884744157934074,1
-0.040395902829067944,-0.17019089287803296,1
0.2409154644982326,-0.6766001706700773,1
-0.17123437204723313,-0.3977468881545665,0
0.40678150442378613,-0.6323671614444826,1
-0.3274420644518311,-0.672300714348892,0
-0.09002754361528874,0.8107921486993658,1
0.32764864910491937,-0.311012397910782,0
0.13637863580111287,-0.01385065494875476,0
-0.4346796189392981,0.017462991942262793,0
0.0826422109784226,-0.5086207998909632,0
-0.4918651760669089,0.5758101152834669,0
0.5556889493320067,0.2842143062254624,0
-0.6517104464417325,0.28339950998663027,0
-0.06845769198581514,-0.03583132563061933,1
-0.7382642182625143,0.6176891626567048,1
-0.21111243447925804,-0.7063164708950205,1
0.17176413357456033,0.344044014470558,1
0.09006407160437702,0.24966202006555913,0
-0.1071332902919684,-0.06268112719465946,1
-0.5856340470185135,-0.31742800156781725,1
0.7793221049431963,-0.18287740314816955,1
0.30967175010444453,0.4733442668379659,0
-0.04192316702204216,0.5893193791860362,0
-0.1447352628904432,0.17867933427056581,0
0.020169968291671447,-0.42041437980736407,0
0.3055105561921291,0.17723914451903627,1
-0.1391491331166318,0.0015600308831132254,1
0.6529251072144034,-0.2588629967529514,1
0.551599706284232,0.3470059523374296,0
-0.021009954668225105,0.5535588838278811,0
-0.6068674774115912,0.851380685644717,1
0.6053550886101979,-0.05158324191142611,0
-0.08541844614664677,-0.5527967886480206,1
-0.17284138893195347,0.11386383667683525,0
0.10245546233971393,0.7552963369300554,0
0.27767110300172043,-0.07363809038320124,1
0.3466975263437485,-0.8814195694505789,0
-0.00029141378404323737,-0.25966554709359296,1
0.0065117277702899795,-0.07561033273395372,0
0.3273765179197147,0.4902088152101982,0
-0.17160422686331284,-0.5988361260085842,1
0.08358283496109827,-0.1437236140109359,0
0.4587716778883799,0.6463453971984711,1
-0.04271625683481209,-0.3206256889919731,0
0.8097275833532331,-0.13959973141276538,1
0.36907553308270274,-0.09933186551049632,1
0.22802036989666002,0.43478212066697897,1
0.22408530435198,0.24997509107467575,1
-0.6949641559195853,0.6775149091885743,1
0.16985925679885194,0.8972357460469594,1
0.40348655854972787,0.48813516465749374,0
-0.23498563331582845,-0.057314561509707034,1
0.7165300700848772,0.08103530760760898,1
-0.26900774819574763,0.14170352224226343,0
0.0018651589091861903,-0.053544550649004735,1
-0.2045726938454893,0.2158669558199521,0
-0.37613580624498133,0.4936302519849499,0
-0.006580002926960975,0.6096238981679739,0
0.2922496304787558,-0.36765900123691864,1
-0.13689904732092573,-0.11980666326054773,1
-0.8904377153009846,0.40597502992242007,1
0.37234693263167,-0.13254252356543764,1
0.4833492290375671,-0.37597867709064814,1
0.7551761390780048,0.10234805128515904,1
-0.2893944594146266,0.5624692067316305,0
0.18664697037207303,-0.1625393255255007,1
0.474348196976594,0.3911671004792336,0
0.07310094100545753,0.4443956583784714,1
0.09891129362382724,0.3867970346788646,1
0.4000142036432054,-0.1916897693777666,0
0.07134786287743294,-0.2223816251491655,1
-0.42017128042558677,0.16296406121155554,0
-0.7464951965106276,-0.6103037716482049,0
-0.08539597976005853,0.16545506999043616,0
-0.2627847499971794,0.3885978515568111,1
-0.062150985016959634,-0.5984062873455265,1
0.09712782581213698,-0.5455318056753108,1
0.8094017362548016,0.334892531695209,1
0.0949768905195699,-0.0031702493859098527,0
-0.14943213974378727,-0.20059391832018925,1
0.04829184867903005,-0.7413526452892869,1
-0.22086017346475273,-0.2258026467309716,0
0.5942487071654963,-0.6563850297774737,0
-0.4811988729690093,0.30952705051224855,1
-0.14287924890082518,0.6566901586194824,0
0.02176345714860911,-0.0412084305694054,1
0.6717241704164184,-0.14627917754839165,0
-0.3530373130042648,-0.07457215451109347,0
0.7097274491598183,0.3673374786291302,1
0.7776334848343283,-0.4361515896532751,0
-0.10866428391976365,-0.15785783172170026,0
-0.280485660241207,-0.2420607980134959,0
-0.22847969167806179,0.8037985166318383,1
0.29259738893962606,0.010103932638323748,1
-0.10948817898326103,-0.2075336001569915,1
0.5358905512899632,-0.36729257897784917,1
-0.5447434905528346,0.5369404177063707,0
-0.3341771250441081,0.21714823516099074,1
-0.35417300662592127,0.016963868250743926,0
0.8992426543074693,-0.29207809878590524,0
-0.3066041339593095,-0.09073005705418696,0
-0.8815560612114193,0.6870012101501801,1
0.2079271388866879,-0.044017482884110046,0
-0.0029858712298896223,0.6329438121627826,0
-0.01951020315251792,-0.20713856954695423,1
-0.9102951031818585,0.49530226876658395,1
-0.42057949295024416,-0.10775027281196847,1
-0.46878983556606746,0.262081310859362,1
0.12023467128460599,-0.05332066577429784,0
0.0775942233833814,0.48747399157983196,0
-0.09531684982123662,0.0970415160680847,0
-0.198766369983856,0.073579060430706,0
0.15260138613825397,-0.0048689265283461125,0
0.06840425962199952,0.26880803486563887,0
0.4318804128938615,0.10601929130878973,0
-0.8423184698018604,-0.24452687186554853,0
1.0193121961625862,-0.15553865667997727,0
-0.18720913993031033,-0.5418716448616758,1
0.39285777180945297,0.753877611696561,1
0.05043952016575131,0.1039164873401372,0
-0.021423954025675946,0.6859211268536605,0
0.49438788688597457,-0.8478638979872405,0
-0.5253089878388706,0.4199432476094377,0
-0.308584561859391,-0.2624041856834525,0
0.1941326683202674,-0.504784601214761,0
0.5752328553354853,-0.12321955517821243,0
0.7161455845837477,-0.628021154476534,0
-0.5630248846427257,-0.4111130740190009,0
0.23796388040017408,0.07417911259232186,1
-0.8426800269429334,-0.0579678498441972,0
-0.5557942733030823,-0.5056404472161153,0
-0.10585077354301886,0.8714254821307758,1
0.4813886413093629,0.6020091878153108,1
-1.0173574011260142,0.10738313749147702,1
-0.42741644958032077,0.016418200683237433,1
-0.6975730491332615,0.7218222440712426,1
-0.8722351671681575,0.4697676782617793,1
0.19684580538288868,-0.7056601147732379,1
0.12952363729593358,0.9332704136871433,1
0.6375165018923036,0.2941194970306963,0
0.1923130681785055,-0.668858243244126,1
0.0061041033067802675,-0.22725956132518244,1
-0.618406355134851,-0.6008251178627515,0
0.4684432125936311,0.35729602962464735,1
0.5636200884794044,-0.34399776450838293,0
0.39552005348424357,-0.8224598399261039,0
-0.07953149523039774,-0.16136019010405087,1
0.9252969222267522,-0.3676399389586634,0
-0.04926146217105734,-0.11974610945517329,1
0.4245856404080362,0.5243541466485405,1
-0.11368693651390331,-0.16780992295246802,1
0.07489147142882088,-0.2958887168080497,1
-0.29192838538991317,-0.6184570234537158,1
0.567005884469291,-0.3884506254701363,1
-0.7031218222320191,-0.5526725034650143,0
0.8219654468072037,-0.46272448465156824,0
0.32129977214352556,0.9600958350823439,1
0.20402665251191,0.804469969528999,1
0.6319460284379055,-0.7203271586080338,0
-0.8679347724401711,-0.005176165196215193,0
0.7668729925778733,-0.24956043556622665,1
-0.40196120032134053,-0.7007924502860214,0
-0.06870014404602776,-0.6664797909215752,1
-0.7602853801748024,-0.06726153061950926,0
0.4353457154847973,0.1339801401029887,0
0.38960172301508106,0.4756032685186223,0
-0.639428556142573,-0.13901441244844404,0
0.2461827046333815,-0.28356285776240825,0
0.4959909638216554,-0.414065747762879,1
-0.052862338558967444,-0.24709548069194998,1
-0.3245999361222066,-0.1336660732815998,0
0.7723120019072429,-0.477814338742224,0
-0.8474815996977747,0.616458305477272,1
0.0828053225814722,-0.454459779315383,0
-0.6955772483687014,0.16039598480656173,0
-0.30347320927292043,0.3197436248870015,1
-0.9654113070389702,0.3114613568706208,1
-0.07197039857339967,-0.9287717819328072,0
0.8417217296477756,-0.10403056600866781,0
0.35896726482472024,-0.520967571602768,1
-0.0963332626092,-0.22367082471987332,1
-0.2759855787777503,-0.004977200216596992,0
-0.6231281633725412,-0.1348853261565099,1
0.8087151020364651,-0.08971489738253349,0
-0.1645443607293413,-0.2173323825544244,1
-0.9077978533716373,0.17251152713517182,1
-0.5337130887919478,0.4410620341906151,1
-0.46667152205987017,0.3489117914098552,1
0.24905620780168458,-0.7638696450481903,0
-0.16010430884759072,0.39779371776329586,1
0.3183213827638603,-0.14226933742623685,1
-0.9632936438202229,0.3125864386552657,1
0.12960963771296943,0.13642762742413347,0
0.16613758661138694,0.31074214168928904,1
0.09152778666555074,0.05231413210124414,0
-0.3419281697606752,-0.41461782310357503,1
0.3710560441295991,-0.22976528898846948,1
-0.7819815542900231,-0.2519059010725251,0
0.8471629292703914,0.3305341759344003,1
0.2238954550333888,0.5010639579836871,0
-0.16891786199502054,-0.4103426074758149,0
-0.6180936366270715,0.5748665463722551,0
0.05979914525026057,-0.2259530281558349,1
0.6908499798750138,0.7525810754402058,1
0.9223921688453018,-0.3334551746646834,0
-0.9456817882530336,0.3195196425660008,1
0.4214286451652111,0.29211910181206474,0
0.9330854941162683,-0.1816388533545454,0
-0.333582992440053,0.8680002527270151,1
0.768385729150789,-0.21550934999458426,1
0.545511205981571,0.10801057359970506,0
-0.15587159331527012,-0.8490396090422297,0
-0.08206627312681006,-0.0548352632783302,1
-0.14016661221602458,-0.04739382064569267,1
0.17061782832394173,0.04375016801023403,0
-0.32906329758493197,0.5135739257986698,0
0.6929197967386012,-0.22540516768897836,1
-0.26198425851478546,-0.15960787191104917,0
0.09277697750585477,0.5049465420440405,1
-0.004014965602441859,0.6403234297928142,0
-0.1395987697906238,-0.7381155984362745,0
-0.15436541842542706,0.20183653014003883,0
0.48139440610326595,0.2062424071472001,0
-0.0866226938571587,-0.26810197620915743,0
-0.6001396381775941,-0.7771571563673695,0
-0.49196022912887993,0.14183918105539722,1
0.7974236086002399,-0.15811954653954532,1
0.1272284750324325,-0.5318000179243155,0
0.8533218517231264,-0.208177357894015,1
-0.3067827367818463,0.14790237878586165,1
-0.7232331886903377,0.6450192960791943,1
0.7449007587369385,-0.009556351712983552,1
0.8667972904865041,-0.27023561530940804,1
-0.3000707248900765,0.2831401971821834,1
0.8477054116071099,-0.5550068060069616,0
-0.16089547080703823,-0.7301450709760342,0
0.17628820317263882,0.6584400848127677,0
0.4195858072913985,-0.08405347762998747,0
-1.0171051598969865,-0.08971656497315247,1
-0.7028114708453542,0.5282242755840728,1
-0.32012736358264876,-0.4117490869599438,0
0.39816612901915804,-0.32444096418538815,0
-0.23896889753515338,-0.7029697491580981,0
0.5778483813811296,0.2105830695796667,0
0.0226912370134887,0.35693678811350926,1
0.8684722606239333,0.3184419213694186,1
-0.44273801091843423,-0.4616276296848956,1
0.42664681203234345,0.4176135579299032,0
-0.5614068273089644,0.2629728836444858,0
0.6911416852988304,0.09138874940452535,1
0.4858799468430475,0.2994253133582696,0
0.020585212785174625,-0.14415817498154299,1
-0.045208349341578885,-0.4569290434886524,0
-0.5866933319863019,-0.5147470855467593,0
-0.917032770636472,0.3465968370179907,1
0.6295987760801415,-0.7719811297340351,0
-0.061701737736765544,0.9388269926449903,1
-0.22088707145373196,-0.15803566940780636,0
0.32802321627856784,0.2557411925585631,1
0.24784644996681432,-0.33914057737154774,0
0.008650865184671452,0.21630097747438198,0
0.20199172251391154,-0.19479052951058398,1
-0.25591523964143437,0.35565881473675376,1
-0.6830007616271645,0.3399984293053232,0
0.172492372108997,0.050979774557584914,0
0.33135513333643307,0.02224957371272427,1
0.20691106613867322,-0.45484881118411524,0
0.5016073241173796,-0.1330954957183388,0
0.01715909822240115,-0.027088698403974987,1
0.21776458190762826,-0.015555573036738856,1
0.2618093266859543,0.34130739512470365,1
0.4663600781598323,0.3020321554202199,0
0.3151950572844203,0.42634539623751305,0
-0.2798611246229671,0.290985917571043,1
0.3518242678425465,0.6401830187485332,1
-0.31997094459776365,0.22254107324793862,0
0.043524276303040316,0.7673361806641795,1
0.6607702947964843,-0.31023052431646664,1
0.49342269413388146,-0.10443392696414822,0
0.31866679522096986,0.39352466250839657,0
-0.037756835217889737,-0.8673136725511781,0
0.4798966711811755,0.5759876944491049,1
0.22400842493328774,-0.748016650056087,1
-0.2654644935798217,-0.20559651581085864,0
-0.5545064090881077,0.13813073943446647,1
0.42701074676509526,-0.5524565002403329,1
0.5064940994596245,0.07845547623902902,1
0.49426887501062233,-0.8641017586257559,0
0.526140192075892,0.0696351833103033,0
-0.3590160953559649,-0.15587978470464733,0
-0.40234716380285085,-0.44730139031801674,1
0.5580061665518655,0.574126242405232,1
0.2741415071912387,0.0702703379190352,1
-0.10226272878789855,0.13153871577881815,0
-0.002028294980452497,-0.8854196245456732,0
-0.7617550983105505,0.2833236567551226,0
0.05773592254545894,0.9820530918291006,1
0.8967292241490747,-0.1747839023577836,0
0.05488013073305706,-0.17832912543194446,1
0.6271093811811606,-0.5033564124474417,1
0.31431480096076514,-0.07615222871131841,1
-0.008088725076225276,-0.16037455579190163,1
-0.3223011142404503,0.8048254953467868,1
0.2328598597897754,-0.5070102189350407,0
-0.5374753321297199,0.09597999802255358,0
0.6590702011249796,-0.08783940901563145,0
-0.4400193109783365,0.4920849738097051,1
0.2136961644594071,-0.42625917609549796,0
0.43490964781356983,-0.02155216439873238,1
-0.036994810764697864,0.6802410835899337,0
-0.3449469117096299,-0.5881488074935697,1
-0.34303938969027503,-0.5836560582631294,1
0.2674824579337932,0.3634458446178084,1
-0.5114584177388669,0.08908621025712048,1
-0.3059928847399021,-0.5823484982088447,1
0.22838748686631719,0.7280064010487447,1
-0.8883173242112461,0.41470613897578473,1
-0.3965589970240389,0.27335457804315977,1
-0.5290002518595164,0.41018261562941566,0
0.051267917155701066,0.09046113543206681,0
-0.09483188069423037,-0.13600575592728928,1
0.3551927224043893,0.1896004181081406,1
-0.09353971437264003,0.2795019851137046,0
-0.3629094629742149,-0.9368052417422921,0
-0.9899445026094476,0.053466996971902526,1
0.4894030027405192,-0.20943894915342323,0
0.8240606978903114,0.013290254685586811,1
-0.12766760562627374,0.0960905681445756,0
0.24804116114341426,-0.05801903454394916,1
-0.1844697167984657,0.2320569264324331,0
0.6735168586012859,0.24724799209969153,1
-0.17307949346429136,0.6739078720727946,0
-0.9473762393623141,0.321923668042502,1
-0.3527534381521385,-0.11366523785101816,0
-0.12496441141984484,-0.0996987755765179,1
0.5718676041157819,0.022854593523903878,0
-0.06530487620988054,0.24219874917739764,0
-0.32212385403739596,0.7616992141260139,0
0.21569218490858247,0.31999810404833195,1
-0.6449134643437854,-0.3642958349805787,0
-0.2047961072420617,-0.4659797297784967,0
0.028065697948315878,-0.19816198865193194,1
-0.7697204543781111,-0.38613476467290103,0
-0.9533211391096381,0.10381346127752994,1
-0.1256888827122031,-0.47573058208365654,0
0.31430962687356184,0.7912817801931692,1
0.20321481917219203,0.6027322730197512,0
-0.7305358962356898,0.6886025129264647,1
-0.059783274178218666,0.016263423259222726,1
-0.23170516787839007,0.8793908819757781,1
-0.6195440976665696,-0.23842322478756722,0
-0.27790349761447625,-0.10678588547812283,1
0.9708625550242885,-0.1629116084659704,0
0.019525192018810963,0.7015272934773193,0
-0.12293177755938013,-0.4027299240073884,0
0.4463797273085504,0.35990825413540517,0
0.7817601161803619,0.059874538249117135,1
-0.18293468186319398,0.31609752960313986,1
-0.28343600488897674,-0.8241935724373933,0
-0.03845085353875276,-0.2342182090600617,1
0.24253347850462026,0.35296092162087067,1
-0.4287382989570796,0.5725352152057561,0
-0.25389192582021686,-0.2221000783899571,1
-0.5690118597526476,0.1695958659292594,1
0.47110426029328,-0.17594551251028925,0
-0.3523584047945089,-0.5525740902141963,1
0.2660636030449391,-0.458402676913387,0
0.2953228989944254,0.5452703374586892,0
0.35477129356000164,-0.2653220739511814,0
-0.11701652547588834,-0.8394862076954887,0
-0.32965853930238614,-0.39631149408804783,0
0.06953372049618939,1.0192077271629716,1
-0.16041635216195033,-0.05176698470077033,1
-0.015068869171968646,0.05324147766164756,1
-0.3729781169490297,0.06449339404430635,0
-0.43764482660530685,0.1617160457153412,1
-0.3805349515275851,-0.8608394410616125,0
-0.2720578789880892,-0.47752438981873474,1
-0.1661944880355945,-0.24659058842373416,1
0.4575059458598979,-0.022820519127230196,1
-0.4585319269740919,0.23387582043290328,1
-0.8892796474100824,0.5587263630893353,1
-1.01649127041383,0.262601498914245,1
0.627339181767702,-0.6783263787408483,0
-0.16213538785559636,-0.008394111109775598,1
-0.050199075599670975,-0.7170370571291227,1
0.2056596771946585,-0.1944363783844874,1
-0.4905847478151061,0.030001354326319365,1
-0.21507654947783134,-0.30331900266794765,0
0.31043481001987916,-0.33180624960534266,0
0.4342148461176207,0.30360998983820653,0
-0.12591258222306398,-0.20611063865610646,1
-0.07264112182029825,0.2123650683802818,0
0.09693786636233233,-0.8490248414100422,0
-0.6126773462611648,0.4501278081863242,0
-0.3374998607524023,0.05984283920799252,0
0.5123522444577067,-0.833524458821547,0
-0.16977901361580738,-0.19450973847190528,0
0.7491569233994153,-0.12367001841609851,1
0.5358826960241369,-0.2293767067318584,0
0.43628559866221583,0.5944030470888815,1
-0.545234962804131,-0.15541671762580153,1
-0.6323909986967036,0.6279180494027787,1
-0.3081457258542697,-0.04929048025507703,0
-0.6363343870905359,-0.006841863968212694,1
-0.030549391020376165,0.8115993567095964,1
0.3480654074364417,0.1091427407717723,0
0.3461712746201063,0.07595602628478283,1
0.1285619512373237,-0.48411396774683374,0
-1.057845818531968,0.21179047761191916,1
-0.42765703102308616,-0.42891536747462833,1
-0.7098130388306034,0.2690199072403302,0
-0.645371784159756,-0.21045969356907104,0
0.28840516011761147,0.16970885968553118,1
0.35941484066770335,-0.4272785549433792,0
-0.3878456489164038,0.22532278978899076,1
0.25406408615563997,-0.15712191831452157,1
0.6263549580601395,0.3310639368893079,1
0.03281998952923537,0.024009528782584957,1
0.459293618575875,-0.21416550352088345,0
0.18794160708334876,-0.09004186778105853,1
0.1481382582934146,-0.2199253829409351,1
-0.1283511887614525,0.22176020305379313,0
0.040719858814171596,0.34669805849565855,1
0.35936981617198205,-0.3372921628450355,0
-0.6389360334153255,0.2664982590075395,0
0.09013176125309671,0.7311550201435703,1
-0.4861595685995136,0.8187876049739196,1
0.6767305737089823,0.4188382545034474,1
0.28465802075507385,-0.028648997555494354,1
-0.25772488715300423,-0.06901895100235152,0
-0.4172672023664856,0.5169807718296765,1
0.07767719762816792,0.956573582591732,1
-0.4451476360412934,0.28067160455296253,1
0.1431947057196193,-0.5431888223427155,1
-0.646340727019952,0.3290841735587776,0
0.9708310395195366,-0.1837737623297421,0
0.5660016169665846,-0.42779607394668206,1
0.519761008127759,-0.5495527088879784,1
-0.26122292929851304,0.12561018018799405,0
0.5343090765192805,0.15911608332679,0
0.680186383834029,0.45353704151423924,1
-0.16107332488244389,-0.033968335598164125,1
-0.9231849467314865,0.3152942838089022,1
0.08196697523076574,-0.6244031421737976,1
-0.20205758015093825,-0.12969936717710107,1
0.46286857015973204,0.6740063249456839,1
0.02679682902503093,-0.18887668735896057,1
-0.2498736750877925,-0.12890420754954612,0
0.4431148340354448,0.41989336684895623,0
-0.32989011876369184,0.0629853238337616,0
0.2018162765910849,-0.5727346775029903,0
-0.5232541718258336,0.5848993526496213,1
-0.025254987051281378,0.9917217459492822,1
0.3078627380967351,-0.21332082729535312,1
-0.13698101075933714,-0.10045800929403989,1
-1.0122570984814518,0.14844423008853286,1
-0.028111117170002805,-0.19994577026074978,1
-0.5091940894861043,0.017961343866430612,1
-0.8725531115850944,0.4608928920315598,1
-0.27376030647304095,-0.36556473321510974,0
0.03690246156346867,0.42874921749153766,1
-0.529574779376566,0.16625136559813744,1
-0.38383259742908915,-0.2348492346281521,1
-0.4068141192224485,0.7702948005199937,0
-0.36817666545855277,-0.48824236423331036,1
0.3498251590617656,-0.3116783378817266,1
0.3319753679178539,-0.06630083041475726,1
-0.3658071769831649,0.6712242799433152,0
0.5244400791270687,0.7828246130443802,1
-0.398499653498753,0.19458786495431327,1
0.13250830891623017,-0.5156777366475499,1
-0.10542110111728886,-0.36590317683364343,0
-0.3746311163160195,0.5073722488160785,1
-0.02278206463292791,0.05430395474502529,1
-0.14372987383133584,-0.5835120825252854,1
-0.1166460326624971,-0.015388433548759801,1
-0.605527706230066,0.4291085677122346,0
-0.01639111257176068,-0.24546847112359246,0
0.30227604857851653,0.08882404388914794,1
0.7494209799289175,-0.07029962953252311,1
-0.5039648172417521,0.7555796847676776,1
0.7395818666861974,-0.49086045312690735,0
0.2716041508636744,0.31991437121786026,1
-0.5039450841112011,-0.22564147466819154,0
0.21787489819959824,0.27349526793409396,1
0.16920835977268986,0.015320620440113779,1
0.17787958138239876,0.4581719314581765,1
0.7729831649361396,-0.15769723975470712,0
-0.4928938188530516,0.15945278509229563,1
-0.2704774439285136,-0.002433160876385256,1
0.14347421120616596,0.8922344450774671,1
0.09942222505313723,0.2877329497640202,0
-0.30238294387879083,-0.02285981528240082,0
0.0008932103823391557,-0.4382909397296714,0
0.011798534978964716,-0.5165255571367521,1
0.9362981528079379,-0.11470710528890135,0
0.28288409317318863,0.16409816137916128,1
0.2529408363887115,0.48986624055272243,0
-0.0797560945138487,-0.6757749941507759,1
-0.054512525328906936,-0.10264949011462704,1
0.4225208571329127,-0.12611133800417634,0
0.33317734677866095,-0.7706895849180753,0
0.19625565164816028,0.2376892304300546,0
-0.5171457795392355,-0.8748167581857291,0
-0.7743701218831994,0.6334919645965481,1
-0.3204386884705035,0.6355214093150561,0
-0.07148975836080693,0.510046482042907,1
0.47158114954610864,0.7576961698805583,1
-0.0036145853764955257,-0.1355896857566732,1
-0.06147774023307605,0.47236392288164797,1
-0.7042061212683141,0.13876554918790862,0
-0.5183759326066162,0.4676995771750408,0
-0.14330210417863248,0.11248719590530021,0
-0.5757024824092223,0.6489393466549891,1
0.006096776973861566,0.5710365438834364,0
-0.16823819699077291,-0.33740091730519495,0
-0.6733557112862031,-0.35722000164798573,0
-0.2912526001613356,-0.29619744159321726,0
0.11833806512080317,0.1954831459926128,0
0.36554299935468293,-0.007828781846246559,1
-0.014396801246200158,0.08318554345975074,0
-0.16013146692185556,0.788346199297463,1
-0.4341999549200899,0.07170345061907707,0
-0.7154044759696385,-0.11765753091012646,0
-0.3463595478588296,-0.15636006933612318,1
0.2161822744615319,0.4608778501358099,0
-0.28067625706156,-0.0348106248530551,0
0.07494286177576161,-0.11710721730249694,0
-0.20958016521572498,0.017936390913847678,0
0.09135597514514653,0.12896829099172857,0
-0.6992290341820924,-0.3313448358689027,0
-0.3980668181810024,0.1085893773684062,1
0.2597241506537913,0.08767227523905563,0
-0.1891256889009562,0.6523761908562417,0
-0.28665618597082504,-0.736402721983904,0
-0.11229730519999381,0.14281318523288702,0
-0.11297515016336206,0.26769634524190355,0
-0.34955560050400314,-0.4405736728811822,1
0.2410800545240631,0.3127763792023123,1
-0.12982901758086102,0.020390428418228426,0
0.17882097737784156,-0.369798024265485,1
-0.06701609510114212,0.29504719713462596,1
0.22974372273182483,0.11527561302455916,0
-0.2582820707702519,0.40860429065056914,1
0.18115425041496344,0.05401060275034029,0
0.11331932731815944,0.33698488644312186,1
0.12466668689969324,-0.021989987347575964,0
0.5585283188986263,-0.6624078175291804,0
-0.6203784403232188,-0.49215758317711655,0
0.11750677504518078,0.45040574865530264,1
-0.750236882884499,-0.608957249317848,0
-0.1656159441080769,-0.42999078620891124,1
-0.1327386795942102,0.2370263471749353,0
0.5625584576593525,0.3154334664930996,0
-0.297795323061879,-0.32209158443821206,0
-0.5672367732194115,0.472364633421948,1
-0.013449622880993828,0.9993193815033079,1
-0.6229541174642226,0.22177224967015122,1
-0.48304654996806373,-0.4576235635806118,1
0.5978237366208231,-0.5957444882598038,0
-0.17885835917696685,-0.04253363335167992,1
-0.6121548654343846,-0.19029052393025783,1
-0.06126590710614041,-0.6956658656687653,1
-0.05770931578274731,-0.39169386726660976,0
-0.22206426899530834,0.35884883595008676,1
0.5049694753655508,-0.00803562856089296,0
-0.37266343522240897,0.5475576762439689,0
-0.3838827529528873,0.8372146672303696,1
-0.15840201137845045,0.19805783829455262,0
0.07812061374895446,0.21922616761482294,0
0.3037783487752714,-0.08417863154705649,1
-0.6941287921723858,0.1551356211350375,0
0.22579435507502238,0.8361255650972326,1
0.26239925846267675,-0.1058006501052267,1
-1.0696316188686774,0.05839931064489644,1
0.23113186675569453,0.8480658683002203,1
-0.3261274510150515,0.006969874841224785,0
-0.7454784271957217,0.5797088905832153,1
-0.24663299157539192,0.060637813169807514,0
0.753084072901801,-0.050043447178829276,1
-0.9258554024087768,0.4129606771717213,1
-0.4263498873327627,-0.0653627489647086,1
0.6919373902384041,-0.6045891629588064,0
-0.5319795501896905,0.5123772493906026,0
0.09988715376613937,0.0009114163097172501,0
-0.5068114185915603,0.9480866268705452,1
0.017146983913860596,0.11699438639698287,0
0.1291223257747699,-0.15187300057552294,1
-0.339455397039487,-0.06316307800026813,0
-0.3949594339513224,0.2501244297318095,1
-0.18230201303231186,-0.22069810571634413,0
0.2530730587846252,0.09038012751472987,1
0.1119431282399306,0.6231602166637085,0
-0.8235881008229577,0.1696503835063219,0
0.8786443272511096,0.2424292202592024,1
0.44087219218349233,-0.18451472205991115,0
0.9420351867060772,-0.25953983506171363,0
-0.020166036167479362,0.4582100123493885,1
0.614655719631608,0.732656645301306,1
-0.4496214646567254,0.8749596455704007,1
0.10790151597788294,0.2866532785792784,1
-0.7119164931818875,0.4006813652245287,0
0.23950670510387922,-0.04167351892597054,0
-0.25572425246667485,0.17110290584268736,0
0.067961973078144,0.1398459547302287,0
0.45226856754497186,-0.1946109734682242,0
0.2506446432678328,0.692791896821929,0
-0.614921579295997,0.27290519993982626,0
-0.23567645879430915,0.11968353717959104,0
0.0764429263594226,-0.149340754779872,1
-0.7518519735627579,-0.2758702508544363,0
-0.47160184390179116,-0.7711610324462763,0
0.3931561810428557,0.7498361462129236,1
-0.4528978124923916,-0.7450921013176836,0
0.21212514111226555,-0.08240549750143783,1
0.47797153437585066,-0.5323839154359935,1
-0.4484051142432288,0.19164303627486182,1
-0.44973531760375723,-0.2874657601556997,1
-0.012350332558368163,-0.048512306721106,1
0.8742768935442726,-0.4231959302841394,0
0.09370752032628696,0.1483817456926443,0
0.14705111127212286,-0.11736922344491459,1
-0.571089802866755,-0.04968231471100488,1
0.36426176488630235,-0.38940615787301763,0
-0.12093349580871757,-0.22513102110201955,1
-0.46751068403595436,-0.1087430452832113,1
-0.5366027984187447,-0.3663972273674153,1
-0.5112436199785775,0.2876245101331337,1
0.5355761102442591,0.12243687508817183,0
0.30678264302305136,-0.3525848835785063,0
-0.2781061078786091,0.3634740240348862,1
-0.6451272266784563,0.01049820663689343,0
-0.1064047149333958,0.8839045325783098,1
-0.6112794053102278,0.4222307143175231,0
-0.7828636828039908,-0.45173449154729134,0
-0.13579148154032722,0.2716069107653951,0
-0.5329991981966443,-0.7642609930863155,0
-0.708063695009873,-0.07536001561699016,1
0.38136286578049683,0.2472179871679257,1
-0.18331647409328755,-0.310676160310786,0
-0.13835682699295448,0.31783038157847343,0
-0.22983654482591387,0.8331737358455522,0
0.46079916255644354,-0.4774207978410493,1
0.40186158388176063,0.6794517648344239,0
0.019170325329470987,-0.8544747295269001,0
0.3830646071341264,-0.1297392378390607,1
0.0983027319329536,-0.716019200946336,1
0.7399163612463774,-0.22329049210983073,1
-0.1427313156618937,-0.32745181507389526,0
0.22042410002216417,-0.39130543804217566,1
-0.8023624689210094,0.0625677700370813,0
0.1040964793966611,0.029403307567320628,0
0.37129457681900424,-0.2218798121189784,0
-0.13764036860938494,0.5249799318965863,1
0.04117880978382715,0.12160744506345954,0
0.2515511979441586,0.14277245326600846,0
-0.39347337139619337,0.6264216797628485,0
0.4005341995730867,0.04047700848674028,1
0.16776343499613178,0.7593076897065744,0
-0.09456103386645358,-0.13194986853315635,1
0.44639968452477785,-0.4820998069538631,0
0.5054429644287497,0.6958705344515245,1
-0.8123893866909515,0.05921294286757545,0
0.7744239002457307,0.2679228395812095,1
-0.028016472410392693,-0.3400743293995178,0
0.3808275101081945,-0.82681647977484,0
-0.6235609556872248,0.37683564169675676,0
0.1475525523267468,-0.7301456838316709,0
0.08590668258899498,-0.20243229909511512,1
0.5694945496893107,-0.6504318681001721,1
0.7426930195554454,-0.03350836957609547,1
-0.6698135435363828,-0.035558023663326346,1
-0.2526777571396351,-0.7785687759488817,0
-0.05078286043798444,-0.3827962111766162,0
-0.4023367443997445,0.34175193143321736,1
-0.09361855838433805,0.2141948923925592,0
0.9666661946732104,-0.28802630240145854,0
-0.1893989248308856,0.07154774200231731,0
-0.38004794193265923,-0.1329948981481204,0
-0.17646189782310756,0.18094813691622078,0
-0.0438054232990987,-0.04157976379114621,1
-0.5782403537012839,-0.277678765504962,0
0.22361301375917458,-0.437400655756343,0
0.46227733332560084,-0.12691558605006859,0
-0.1114454638108018,-0.05234873183836844,1
0.33107679604427204,-0.2213450412040212,1
-0.8696838081406912,0.2556518007254148,1
0.664026581593864,0.5964363339915169,1
-0.3825333334147956,0.45174630505690944,0
0.5491364834454955,0.13389805178706277,0
-0.340648214369185,0.0946375857978633,0
-0.5292580024581953,0.12215036267416432,1
-0.7300176446340645,-0.03672284551838558,0
-0.48294510551729286,-0.11928541230318829,1
0.4253018344098823,0.18627705116583979,1
0.7622443298809933,-0.4780412930427626,0
-0.22949055530485252,-0.6288989644745075,1
-0.609033294964968,-0.44082737084421747,0
-0.30881269461916216,0.29293900103720844,1
-0.1121311840003541,-0.9663845335988009,0
0.8433386967714537,-0.7029878170590339,0
0.17138635165164592,0.12398714659774235,0
-0.3656941120827455,0.4182058357689656,1
-0.05421630179189289,0.7494431978522974,0
0.8074430279873308,0.23926361063783597,1
0.8159007297026365,-0.23589176053243718,1
0.5079342700139264,0.14459446934630646,0
0.5206100325607321,-0.0702027528544388,0
0.19152160488901337,0.7163584417808863,0
0.3816422537046559,-0.9503286811734812,0
-0.1712467369980468,-0.06589679717654404,1
0.08048826478913051,0.2666598421801727,1
-0.39589674915464906,0.2611804719873033,1
-0.5216036364976427,0.33920613730716426,1
-0.7534185550057398,0.162320678229804,1
-0.18758189918046309,-0.026570338408664455,0
-0.6148194719810612,-0.2879756721446151,1
0.635359864694751,0.05234382971247409,1
0.28748944853283387,-0.7701693649481305,1
-0.7066032564248322,0.03188813856115089,1
0.477194456694483,0.6812455718955062,1
0.07317570047011787,-0.045460043887109565,1
0.11941447876809072,-0.8647784342741837,0
-0.6489662471654619,0.5635949073425767,0
0.3820312750898608,0.5412269956221472,0
-0.4257112811105446,-0.15306055054884773,1
-0.7277895390321111,0.31993670927895573,1
0.20164872349488505,0.618046748416259,0
0.5454917900166445,0.3950504798979414,0
0.05735745174455556,0.07404694254378735,0
0.7246677741221176,-0.430992461809287,0
-0.23339076887175736,-0.6781826233186771,0
-0.6647529214272629,-0.17362626680216892,1
0.053204618026673506,-0.7177183894206595,1
-0.49774849955288714,0.6817929298924922,1
-0.15565109654060802,-0.6371250724827389,1
0.10524942253672204,0.6705171161350121,0
0.5596445256162871,0.3210503669839359,0
0.5266509565635177,0.3833422397638823,0
0.7144160705498637,-0.7018910780757919,0
-0.18012890554291303,0.9914450677143021,1
-0.442148471063201,0.03646884415699983,0
-0.1318901020583776,0.6369305309568173,0
0.3819084586096426,-0.9878573838761963,0
0.10280902910396494,0.12193856259081755,1
0.07825612002170984,0.14310027526897734,0
0.0689828524815013,-0.4792938445722565,0
-0.6761383940009602,-0.5402252085813791,0
0.19110425035263,0.18509098222826514,0
-0.8850146264866793,-0.10685658028538647,0
-0.4331835550190295,-0.1073508050943851,0
0.3625557793492289,-0.2672098484415724,1
-0.896575133026632,0.4239926007950243,1
-0.587182763999962,-0.3905662701769139,0
0.1433002284274764,0.10837321683167733,1
-0.20940556148979927,0.36876457589925804,1
-0.029520993663069192,-0.22000167585811958,1
0.25339762463715937,0.3904424961101443,1
-0.18496518639005483,0.4382381874060882,1
0.39803736398233347,-0.06315582192840624,0
0.8439186450514633,0.4495635996305172,1
0.6366490648611732,-0.2309575458452357,1
0.0216771329343727,-0.29251537129298466,1
0.734131382788432,-0.5844019918114273,0
-0.08900279208750433,-0.3569545074310257,0
-0.04401207951372862,0.1691630732665071,0
0.08158830071632416,-0.301399345967548,1
-0.31749465546449485,-0.7030148680610787,1
-0.7685424697710962,0.4864890654109611,1
0.7877655310147069,0.4461810439037734,1
0.7063197544633606,0.18683991418794113,0
-0.5688909749821284,-0.6579428520621774,0
-0.5895898945905469,-0.01608694535532279,1
-0.3181520482111719,-0.7915743286456621,0
-0.4523803562479421,0.3940370561846715,1
0.09058920847937563,0.6709050975380721,0
0.29557594680139276,0.5304878724231882,0
-0.8006576793133596,0.3407110657148323,1
0.2689190514123586,-0.09141322073435441,1
0.4506117991467762,-0.5033773217633245,1
0.09731297776827683,0.06299456116324503,0
-0.2909755044228107,0.4502618642614353,1
0.3549732610985827,0.2877392747855422,1
0.27642866491557666,-0.6359487957172092,1
-0.4035999446699605,0.5258877895337607,0
-0.016453848896934985,-0.19749162804702233,1
0.44476788468398504,-0.40711400700245703,1
0.06463813642430191,0.09796204843076407,0
0.3258573896166103,0.3137435958398336,0
-0.09838594099160475,-0.1584651239712195,1
0.46789347669397424,-0.4531669777043207,1
-0.04339545348106915,-0.2193661437446742,1
0.5951473973768266,0.024723786578013343,0
-0.8535143361983133,0.2233294519902452,1
-0.7854678390051723,0.3886823800919416,1
0.5476686519297563,0.408390150823837,0
0.6970365490576376,0.3647300553154237,1
0.21540265055100588,0.36018458494002414,1
0.21726248059701056,0.16340368442145922,0
0.5868591940853431,0.16838694046470487,0
-0.4488582924538004,-0.38887676522131437,1
0.16283677233122207,0.15390363764774811,0
-0.7613188883474808,-0.3887023156528359,0
-0.44794400734388584,0.6415918779052497,0
0.04045907032812934,-0.20201213544277172,1
0.36354946178139275,0.666580621790315,1
0.46948407207647574,0.3064959468269106,0
0.26654686255769333,-0.2382136817711692,1
0.043535976955572965,-0.38747815795779594,1
-0.01727032974986236,0.6296422700234566,0
0.22610518384607733,-0.4804474266030515,0
0.1345944398139969,0.14118763910630638,0
0.5458725369488543,-0.3275704884515415,0
-0.10704288573768823,0.2301282726105611,0
0.43618057558179024,-0.5594163661433577,1
-0.06333579477015958,0.21260754186051792,0
0.49902699240465637,0.10779025290047162,0
0.1202947500016011,-0.45401153698382124,0
0.3898811900696871,-0.9715068143253143,0
-0.41916941661712515,-0.8243613627936923,0
-0.5600298493917306,-0.02474451293212466,1
0.07722017309243862,-0.28936374072187443,0
0.5320608160686244,-0.9127343056655407,0
-0.015365649848875215,-0.04109484972955606,1
-0.8012683175633838,-0.22796712321139892,0
0.8189933239083735,-0.2783109467909385,1
-0.3226303307710461,0.41552607455132035,1
-0.10562320329359255,0.09786002177591613,1
-0.09725229357608335,-0.3487594283262129,0
0.2225509336161069,-0.45218863837576134,0
0.49085021983592325,-0.016177151690636847,1
0.6232043211547927,0.4609361160161862,1
0.6088051154969714,0.3716602983619644,0
-0.5714947734992113,0.7070490739315848,1
0.11820252288840206,-0.2827387898924877,0
-0.4285793279215764,0.21572029648571156,1
0.22662911508796602,0.0450249941228396,0
0.3729888772944333,-0.6947860493413002,1
0.6029217061188087,0.0765313499524346,0
0.35375525761564164,-0.48870126652174806,1
0.24259146575789062,-0.018932581122269157,1
-0.2751428551981887,0.047188309223440014,0
-0.7129936520410629,-0.46913579963064206,0
0.19556363675350003,-0.14447675404298643,1
0.4326519070535109,-0.5315551160792488,1
-0.7099290110006067,-0.38019328418062615,0
-0.5668206590540072,0.80299502897915,1
0.7595888187356027,-0.7085494088392773,0
-0.5233131281370079,0.09229915113438955,1
0.2443514502413975,-0.30874639854083685,1
-0.5665654930281975,-0.1796925718157364,1
0.17499174618778998,0.2806021244431807,1
-0.3073528857690917,-0.3701723687867404,1
-0.06753371214663682,-0.11774799009265374,1
0.5196380361614061,-0.08686794902304439,0
0.3106255666138618,0.1502592114415206,1
-0.6594133405158816,0.10186836876683095,0
0.0848389532866011,0.13085275966288373,0
-0.4079528290988907,-0.7804182565407914,0
-0.12081790713390753,-0.22527496692492627,0
0.4584361014619112,0.6962977784475322,1
0.5092419725837548,-0.8078522358410692,0
-0.588694643680298,-0.37444868591200664,1
0.14701597571063768,0.24248867779214184,1
0.4947959774372324,-0.6258998745907343,1
-0.40152859996348106,0.28637316501043175,1
-0.5373112174170255,-0.35516313076962847,1
0.30178638338697006,-0.3679035442685425,0
-0.12883699794950115,0.11617868173176919,0
0.050260298358689726,0.26134799231847455,1
0.30226327147557674,0.0639662531742003,1
0.9274565689897211,-0.05155908914301573,0
0.2052286703497268,-0.04687763474342212,1
-0.20701113827680584,0.2015623637869016,1
-0.35815715399237313,-0.07996698581575004,0
0.7140630274930724,0.13521426087355382,1
-0.44720852300196534,-0.6484685044290672,0
-0.23578253244619257,0.2763748151573995,0
-0.21418785354123704,0.6428126309560197,0
-0.6203789780212137,0.35525314992707524,1
-0.06396680696287121,-0.44537366531209477,0
0.2192465491672678,0.07646965422714944,1
-0.06741232604323072,-0.1385832370401438,1
1.103374394867987,-0.010577372364861184,0
-0.19844017421754323,-0.3063538202156384,0
-0.14237709335186308,-0.6282828713314329,1
0.6060009847207516,0.004368857955341712,0
-0.24507996208466445,0.24950402688605053,0
-0.7531839046907773,0.4622712162128585,1
0.2700265613781168,-0.6126649378731975,1
-0.7493417920009764,-0.07222598547937789,0
-0.6876888103642889,-0.1696468583782717,0
0.8773315371225567,0.5032706852816129,1
-0.006709751709064603,0.07608185912823695,0
0.37630523118078585,-0.04723890892201919,1
-0.3017285066073919,0.2648202296749034,1
-0.5910056385066478,-0.02239257767449987,1
0.5782197277720799,0.04791708691492848,0
-0.6627283360382729,-0.3862948057964389,0
-0.15465902606493992,0.24142458699376546,0
-1.0033368952838504,0.06671966661761149,1
-0.6577441998659984,-0.34960401085167686,0
-0.15391880341441327,-0.32721684118277394,0
0.41079049642544,0.02982193993042513,0
0.5528708430374399,0.4030958972821123,0
0.5376361352870007,-0.04298420385541018,0
-0.39430627116455197,-0.36018506769789027,1
0.19558022847648332,-0.0503302401062526,1
0.2308424544273951,-0.4631537917544061,0
-0.23714566409175908,0.5973265751411316,0
0.21390387351658782,-0.10141511454248642,1
0.15066247907461305,0.07105543090212153,0
-0.7218727675359573,-0.3568042903432697,0
0.16439036530896517,0.3567855623274227,1
0.1956414250272558,-0.10866884341674249,0
0.15274094827425816,-0.09092072500412707,1
-0.8856017275978827,0.4770928750202007,1
-0.9261046012955103,0.07223396679148467,1
1.0988868827969196,-0.11350741215443207,0
-0.20603561377119084,0.6156130994038399,0
-0.44992464983026703,0.46616100719159603,0
-0.09398743133200377,0.25716776717924145,0
-0.8901254428528963,0.16030310796336933,0
0.0856706114051472,-0.0826506134087218,1
-0.04273033865651102,0.9354403522562607,1
0.6860561393956359,0.08878878333852433,1
-0.366770698405188,-0.09972225156882647,0
-0.4869687067033854,-0.5894817051254294,0
-0.08398991745006239,-0.1384872798545843,1
-0.0840763661681998,-0.05495634271567017,0
0.13337525050283291,0.06759748755329545,0
-0.6994266850017957,0.7770722457200079,1
0.5040296838525268,0.19818236759648197,0
-0.46991227125339735,-0.10493859576791467,1
-0.6358091200964454,-0.1807524857065058,1
-0.5156939577687631,-0.24813861049421765,1
-0.2532625553732692,-1.0065039246817076,0
-0.13404024779841425,0.2861716018769619,0
-0.3384979135231013,0.8644585701572067,1
-0.6015277467914046,0.056791146577428044,1
-0.3121756205896344,-0.6490971573890956,0
0.9781979743093213,-0.25255760794241666,0
-0.46380740022493416,0.25829459699769675,1
0.5662302432170594,0.026592302524818423,0
-0.6533579024160753,0.32652818160460784,0
-0.5356205023410923,0.4146400196000673,0
0.7601474720639417,-0.6005546891717567,0
-0.6557887897451438,0.7744840569215405,1
-0.5364784431936698,0.06953431774039454,1
-0.2325179780089629,-0.8626692590417958,0
-0.1151802081184618,-0.17068457009631813,1
0.11936545710059077,0.11476192585853282,0
-0.01447805385784623,-0.997475957897838,0
-0.12200034796084015,-0.03731353300679486,1
-0.10787764635584807,-0.15984373717279737,1
-0.4532273106894852,0.6268021800912258,0
-0.033414321193856025,-0.5086655150345379,0
0.5639600097888608,-0.13406124589806534,0
-0.07421849156135292,-0.35170209006388276,0
0.20728892870202298,-0.05767377086693713,1
-0.6526823263122012,0.478729290358364,0
0.20170744428288026,-0.10201120827613443,1
-0.08453042090226082,0.3585473033213269,0
-0.15875271158427734,-0.8485447062926558,0
-0.7172330090786443,-0.31793421216560075,0
0.27863789508310133,-0.36723624606015914,1
0.9514720476145945,-0.33326674400310835,0
0.05721464773684739,-0.3458990399067635,0
0.09895959214665609,0.07285964964929698,0
-0.7182011291011188,0.1852784250946406,0
0.036413362333877576,0.03991139660084006,0
-0.5938374939861535,0.6204868917806496,1
-0.47854797681040023,-0.054363605976755186,1
0.31898945637133186,0.1083743133751662,1
0.078596161476914,-0.03597477485699163,0
-0.09640145382732587,0.23015172365752787,0
-0.08258881732721435,0.49396687766684394,1
0.840362367836593,-0.42469125986577944,0
-0.3703489167516416,0.04528674134183491,0
0.5456582066997875,-0.32775045858334007,1
-0.6951121132371203,0.16293815454907806,0
-0.392505542647197,-0.030323929924683697,0
-0.44194591470265027,-0.29077100873122164,1
-0.3348552275231053,0.5698173762037246,1
0.21354850934291203,0.5366181666307912,0
-0.03186502408735355,0.30513799898582067,1
0.14149231187828568,0.24590799697402355,0
-0.24588055086428376,0.06002757757529571,1
0.26206735689656246,-0.03980878745869073,1
-0.16914120710377162,-0.11303780559975674,1
-0.03940357590297272,0.17021724262786037,0
0.1303798758613002,-0.22450192824278165,1
-0.15559732998150877,0.2030607548950992,0
-0.4930155655962146,0.2076571391567096,1
-0.056069151462364804,0.4932765756335662,1
0.7225759523542321,0.44008223511948635,1
0.3332540769560104,-0.8837933351493247,0
0.3138440753370245,0.7649051767879553,1
-0.13376788031622827,-0.7750184154868698,0
-0.5345549138349794,-0.22527716015859572,1
-0.2806996606459934,0.5944687637295538,0
-0.37982891558568044,0.035989882103781234,0
-0.24464752719441402,0.004481901151139414,1
-0.5013747710118561,-0.531036953616884,0
-0.08939237647968157,-0.4121541557320031,0
0.44792447246545053,-0.25839973444872927,0
0.15395527898376168,-0.5104979478379073,0
-0.3732312765897266,-0.49663632878024455,1
0.011960456303758749,0.4768034552636835,0
-0.3050570909867342,-0.21730515097918351,0
-0.19453554277600701,-0.1403019918281923,1
0.4075327790232295,-0.329222175212243,0
-0.8558228462013536,-0.33833196616642947,0
0.023497238575352512,0.13191691908222325,0
0.45915671569661837,0.18392050092727885,0
-0.07498867868292108,-0.18280023304875082,1
-0.2690792398191391,-0.23304970328308083,0
-0.5687848017703899,-0.6754103246759504,0
0.26086568401071747,0.08271517352460334,0
0.5094514758769034,-0.2101454762498181,0
-0.5954128892108065,0.5135561812040161,0
0.02337245361740546,-0.22349643443747402,1
-0.7503259119319106,0.3372703192283117,0
0.6029177958932261,0.5047183067484502,1
0.006102444414361627,-0.1844942666145143,1
-0.5790389974099512,-0.1243412155523439,1
0.2143770383682818,0.2813758802540166,1
1.2118410279820184,-0.16566139734453506,0
0.7042735409051544,-0.21246466301068834,1
0.3549464216916918,-0.8108350996235447,0
0.25565832518761433,0.0033988523547930985,1
0.8797155799679228,-0.49073636889477357,0
-0.5727890640963846,0.5030595021077552,1
0.22458523656856258,-1.0244428887143258,0
0.7655697466547136,0.08563570881988902,0
-0.7434762522724186,-0.015186255726188484,0
0.514131506508831,-0.7946684129801607,0
-0.5795135840784378,0.6111478032161215,1
0.4608860210778787,0.274144873652056,0
0.38792286221273525,-0.6646613011672698,1
-0.7998615915740024,0.14788227039873333,0
-0.007985813379018283,0.571598676324829,0
0.22253480018621374,-0.434437106927833,0
-0.703297140518036,-0.41744748908718654,0
0.028062729396570424,-0.04485588311293992,0
0.4648444456714004,-0.5499727222653423,0
0.46817734307512704,-0.03330179596710897,0
0.1839105546716749,0.36056814960202443,1
-0.14323057050909443,-0.6336131057998712,1
0.19849362144562305,-0.639074712991047,1
0.4726956745641313,0.11259334080470135,0
0.3708853356311164,-0.8208118786039569,0
-0.12555468843009104,0.4809063384256437,1
-0.3487376424878274,0.8451975764615297,1
0.8956602108161683,-0.20490411948755788,0
-0.5552498818758992,-0.5315528932723462,0
0.07779985378397178,0.43801835638270553,1
-0.5130477378353802,-0.09023055147404435,1
-0.3853005240638372,-0.6163453514315422,1
0.2659772661562292,-0.038186672710999806,1
0.3278191059832135,-0.4655471950261294,0
0.2353923749430835,0.5595480549300065,0
0.21108986181329414,0.1920079849798801,0
-0.2645422710202881,-0.1288549499991111,0
0.41507681031713484,0.08978424541339666,1
0.03963067879532336,0.18971159075642813,0
0.5328792985948339,0.2038686719580472,1
-0.14829022793449953,0.3787021051479192,1
0.6224166552938873,-0.6800108331865004,0
1.0371000459887703,-0.01225116747939441,0
0.1091105103158868,0.12778720202191837,0
0.5759920414883863,0.46652926050292043,1
0.5799639637327783,0.34709583957120893,0
-0.3333623225192542,0.15418890919640665,0
0.8723768812970463,0.06503089677559884,0
0.8877221778728661,-0.35642772876177753,0
0.6890862473442119,-0.21400019410646487,1
-0.20548858394997996,-0.8570589697232679,0
0.23129376017520042,0.7972386208303779,1
0.5071332949314814,-0.20468661792346293,0
-0.5236850746283812,0.5888600383833783,0
-0.017088553471936732,-0.37334939881907064,0
-0.3386209199587266,0.007334604405527134,0
-0.3293720336488654,0.2026161721293513,0
1.0208252628810555,-0.2597953739662131,0
-0.399340983329325,0.16609421894125587,0
-1.0688561471405555,0.40892905170997457,1
-0.6233227051976218,0.16194788840131308,1
-0.05368370448455542,-0.5807394308915098,1
0.027254651301527568,-0.24615159626339037,1
0.22088645878408045,-0.1998884423919565,0
-0.15795931470878502,0.60687072912116,0
-0.012780911534709824,0.4762472413064291,1
-0.28113388345087886,-0.06436496012926499,0
0.11767765743373544,0.4024861578200825,1
0.26123905166226385,-0.06582566240312444,1
-0.34938133693028206,-0.8014248420550343,0
0.25482001811256844,-0.5560745077356508,1
0.12772134342458932,-0.42681866413935854,0
0.13005245435143944,0.6706690034953287,0
-0.41129230520181026,-0.2385287318309355,1
0.8417388746286253,0.4509315409735367,1
-0.33829239910832576,0.5193735269940913,0
-0.7429520547730464,0.33825898212116856,0
-0.3938242097297824,-0.7093007828115906,0
0.5830334681386052,-0.8150207951964039,0
-0.25808194617487057,0.3694571138913288,1
0.1692297906323189,-0.19418135765338942,1
0.11479970821178467,0.7221025718931159,0
-0.033493247443657725,-0.029575549417125927,1
0.23541236949130706,-0.761805924859932,1
-0.42143198081685096,0.23945249200852958,1
0.2457094821691318,0.03490060977629611,1
-0.39380743764921233,0.6561539196000805,0
-0.6461931154549863,-0.3212076583588481,0
0.059496954897878734,-0.46353237642290884,0
0.38418563078045287,0.10995785994860813,1
0.004897161140669461,-0.19048386783779928,1
-0.13383392665045088,0.22243953018130586,0
0.19562439235077334,-0.6159135330763862,1
-0.21992056038872299,-0.6799934071377666,0
-0.15265454097181644,-0.6493386044189511,1
-0.18718469526454923,-0.4005205433941385,0
-1.047863321198914,0.3048022775588257,1
0.1773329738413516,0.17544957697868974,0
0.9331398291173091,-0.27447000466629146,0
-0.9946643098385894,0.12970984915801814,1
-0.0015055966555567318,-0.9176287306653685,0
0.19443328347173428,-0.6646983809481113,1
-0.48868628011421544,0.4689621300744722,0
0.6411644055116207,-0.2828784045819611,1
-0.28826563886876744,-0.3489431852147737,0
0.8133909089491828,-0.6328136223002148,0
0.48735093144508923,0.6326362082799211,1
0.008642288868301366,0.34587603226548846,1
0.11728425163069744,0.3430849860499258,1
0.24678942162427797,-0.21078579452311952,1
0.968614126126696,-0.12007358164434495,0
0.39712969450397584,-0.8220959916465173,0
0.23832100124642872,-0.9568291674276111,0
0.5067976030456475,-0.17947502580659283,0
-0.2055301460266351,-0.6746495369712754,1
-0.5644508083107671,0.7034077268111363,1
0.29371950678413505,-0.30503359008166037,1
-0.3358280939118241,-0.4523723459753375,1
-0.3509690743767665,0.5929431458153497,0
0.32565631840693376,-0.07739309341406253,1
0.4662182032922517,-0.0997615484854837,0
0.3264859213012113,-0.07054797448644567,1
-0.16967541253243232,-0.07147232412234639,1
-1.0410197429124644,0.20998002377441652,1
0.6470388096174315,0.308129115062746,1
-0.042381113261890535,0.059266880279035615,0
-0.2843365242256591,-0.15323135511755495,0
-0.7550401193199544,0.4660919387823296,1
0.40102878587065466,0.08559140489296749,1
0.6218181069207609,0.5501547496734872,1
0.2441982220424526,0.7526650209478227,0
0.5641335231093982,-0.25748083283410783,0
0.6541372704078601,-0.46874323567137,1
-0.7077247459900915,-0.1971095125895939,0
0.49268965788865987,0.026302066570489935,0
0.11096296643281564,-0.7926531751533746,0
-0.16278778166094876,-0.2367300805936277,0
-0.8186742350789264,-0.2558090072709967,0
-0.14990184369335313,-0.6965396238798561,1
0.15481177622842476,0.03742901546008856,0
-0.34189874831730005,0.19354575744840904,0
0.44266054968434243,-0.4567869741631518,1
-0.036187012520153536,0.08049695326940529,0
0.059452569833214536,0.5512679645642823,0
0.9619969499914528,-0.009561118786262507,0
-0.539171428255083,-0.6454342633140387,0
0.46635627839728316,-0.8708562375762695,0
-0.605177427271798,0.5820889355761923,1
-0.023861797077928584,0.4470196675923056,1
-0.12944115491286212,0.4504234570780261,1
-0.021569704408228745,0.17006084835198804,0
0.29792263931714474,0.2986266347285267,1
0.8876424584728357,-0.545063194720524,0
0.12075161504060619,0.5080914689904021,1
0.31789276391798693,-0.427119562379681,0
-0.4210723349885062,0.8891305039468451,1
-0.8136519156855209,0.20797832834888255,0
0.01575119458240551,-0.47958806181216856,0
-0.023454291241775393,0.39073349670784396,1
-0.257512510274884,0.8487111130952874,1
-0.5156471234419966,-0.5013145739529362,1
0.07080218005445091,0.07681678346750603,0
0.6564841733791968,0.4680547090386864,1
-0.7274009182286024,-0.22149260410716412,0
-0.08971364781498849,-0.04605781031756222,1
-0.2800491805249417,0.08904542746091998,0
0.17567980882296508,0.4025131828002264,1
-0.1359598230397588,0.233151593106686,0
-0.6142093550295799,0.10585747797277395,1
-0.2552656527263018,0.20707869816562213,0
0.27468047891560143,-0.12583841054088973,1
-0.047042133522865404,0.14583570335896867,0
-0.5300478144453332,-0.11318256980237333,0
-0.5682804458501214,0.800280613779246,1
-0.5368170869364363,-0.2599288330345684,1
0.6442532283468787,0.3679810604570029,0
0.07758843437289395,0.10455965209153488,0
-0.1370165018525626,0.2538438188826271,0
0.3036303336077965,0.013743027655515494,1
0.7538866951543199,-0.4719915675425157,0
-0.7914755860359411,0.14637063742906117,0
-0.7918469339828124,0.7033320677962166,1
-0.6710152577100561,-0.24690280009582505,1
0.0715807239311014,0.5168591657022914,1
0.3944290652641266,0.31253866262785385,1
-0.25933846064064814,-0.31921438573084354,1
-0.916789677204826,0.11056946007065713,1
-0.926876510971432,0.1094866486327016,1
0.3400206141866971,-0.7060407734711907,1
0.33669068826495974,-0.048627560582408025,1
0.10034774333107087,-0.44235689552540874,0
-0.4921597596685545,0.6714628222597876,1
0.22845829265495865,-0.38399077292217537,0
-0.11690645623915885,0.8724742922284997,1
0.03852303932845377,-0.43292541718415956,0
0.2804308630252557,-0.07754167050200007,1
-0.917470436512639,0.5033788671126533,1
0.6213277475171107,-0.48499292771276253,0
0.21737076987815146,-0.37787068548507385,0
-0.0651697052995536,-0.197595387090735,1
-0.41683086525372837,-0.0668229037155125,0
0.22306237409545965,-0.05640119444249219,1
-0.46060749371706694,-0.22133101803449223,0
0.12014285060724694,0.19714427692858139,0
-0.6928037352501741,0.15528591101152342,0
-0.2600436938203525,0.8589917115336476,1
-0.35133765319424426,0.8736364475166488,1
0.05123950707847978,0.2046568575881658,0
-0.10381012387828226,0.5068431112350079,0
-0.43024893456365515,0.7210144716279479,0
-0.5114747196708082,-0.002986294823957014,1
-0.17757700584346375,0.12963028558186615,0
-0.2775108431953317,-0.3885330398704101,0
0.015329556337421876,-0.294361143980102,1
0.526869014286275,-0.5049869934875415,1
-0.09339871206590475,-0.3393229739887592,0
-0.09694383630835567,0.1719065284933939,0
-0.20451762193103917,-0.9517427462803714,0
-0.12020695465002552,0.21190375492342675,0
0.1968293364658153,-0.8971400359520363,0
0.34814341396228876,-0.6706349880867664,1
0.1413258506037244,-0.7641029110091191,0
-0.9672533563050815,0.40364962490859224,1
0.583680156579844,0.5439100499914787,1
-0.4180549833405036,-0.13477625828857198,1
0.06536329115350832,-0.5926390021074034,1
0.30819294340448145,-0.10179886903494094,1
-0.3709187886353141,0.07980927112616601,0
-0.30078897932464693,-0.4854655277687761,1
0.5913630475932602,-0.32297355117778564,1
0.18677802571576893,0.1696039526930912,1
0.5280876489636551,-0.6814525887746232,1
0.2870726119293126,-0.3143423944015391,0
-0.16586736642470315,0.23623884524754074,0
0.2049503887284421,-0.5201982787922393,0
-0.2655375645491917,-0.7654987248506125,0
-0.26490140881557567,0.04369212969173712,0
0.042195791273527836,-0.2588723291609511,1
-0.0045541677262085495,0.03734718727159063,0
-0.19001478355295323,-0.5394647105456208,0
-0.32740103055114117,0.6025650148044004,0
-0.48154811771970524,-0.28859272036704153,1
-0.2010494033371013,-0.7731365126944046,0
-0.5774961889315272,-0.17504998509041247,1
0.3235920458303735,0.4829843986855399,0
0.26057008317472186,-0.10485296060719407,1
-0.5882506167203037,0.6814511358345043,1
-0.7618783510076508,-0.14976446237391494,0
0.3122378262255894,-0.030930605339458198,1
-0.21996916276759368,0.33447581659170444,0
-0.8221380015819976,-0.2576887043751592,0
0.2895878239349674,-0.04745252848313053,1
0.31979821668161,0.2035590384947351,1
0.3261534212024537,0.07493230941336881,1
-0.19654819564506476,-0.2687419461235083,1
0.45488952319445886,-0.17050865432803503,0
0.625338377147543,0.746175480907978,1
0.40937791863879186,0.3318454200306324,0
0.6063526657136022,-0.3477930843362906,1
0.1544400341317938,-0.3666580770186203,0
0.1986214096938871,0.846336437514756,1
0.5973277575236262,0.2136618352374688,1
0.21863161709215648,-0.06364937234708776,1
-0.017688635937106643,-1.0191564681597545,0
-0.06438489987874851,0.4450291064708481,1
0.6206172690880967,-0.09515796235097572,0
0.9383966776756529,-0.15405673111655324,0
0.4407237631131865,0.11827356306993489,1
0.2338898784243439,-0.4208687245281192,0
0.4621007919509381,0.7716350325949217,1
0.6032650099243847,-0.4065742199644758,1
0.41951806080903975,0.42918744585302604,0
0.07917757895405057,-0.10016448324476793,1
0.23086539633271538,0.07570554767163162,1
-0.8112984950958072,0.039927028548255014,0
0.26039441007555886,0.10168920238320704,1
-0.5703500891905436,0.5925977026601895,0
0.813210277865609,-0.13529526683404144,1
-0.5514239901147255,-0.7002754241059465,0
-0.5195263855316418,-0.43981468453042755,1
0.5092143853685421,-0.15734229052617657,0
-0.34250400151613875,0.367234544754785,1
-1.0880289570996438,0.06391589740488882,1
0.3905966467453756,-0.31002232417926634,0
-0.23619855804805104,-0.13051575863982345,0
-0.14289977877882018,-0.4042511803487596,0
0.04958540385524049,-0.14763640913283474,1
-0.560265878936538,0.2720345373028278,0
0.6349976454575892,0.5218687894996378,1
-0.6629862253326908,-0.2663059101041395,0
0.5166467396203228,-0.8947128015078054,0
0.0030474792264226364,-0.19237983496720942,1
-0.3230704330067097,-0.38515353247136624,0
0.30047822450533257,-0.8145894029350101,0
-0.7141648379033744,0.352478441245459,0
0.7771890527144912,-0.35697935079402715,1
-0.01342660056484202,0.4117677388363851,1
0.6464385084463261,0.3919418830349556,1
0.6476702296632507,0.053948087316397025,0
0.6091346093768797,-0.25919833358525657,1
-0.10915297452593983,0.5272339734572862,0
-0.05658226666889476,-0.2776166532741964,1
0.3401750717702244,-0.6605485275665434,1
-0.6850850284002089,-0.549913797628473,0
-0.15587637244681313,0.24303765540474453,0
-0.022004190381389264,-0.2580806768489515,1
-0.05533249151173235,-0.4478312262642731,0
0.4383068084269559,-0.4266503348887433,0
-0.8844324742204369,0.11404043969921066,1
-0.20820304208853735,-0.1365131963776136,1
-0.3057278606468081,0.05158932082328155,0
-0.07382753996865517,-0.6372121233760137,1
0.7164888292257641,0.4207849484722254,1
0.2895418172605,-0.04083383040200235,1
0.07809205244935609,-0.8249240779452085,0
0.26265898929458603,0.07465012223591587,0
0.025048131907981885,0.1676670726889264,0
-0.6188453151201407,0.4607052154465547,0
0.048030964313195146,-0.16851737027299396,1
0.33445195592342836,-0.0929257652572561,1
-0.7477827293620539,0.16366575937732997,0
-0.3209906955177182,0.5998129493339127,0
-0.11727194439527804,-0.7245195115445862,1
0.21911563963821729,0.10083977460850925,0
0.33531849315582035,0.6008608200622797,0
0.45883962772647113,-0.4350048581461141,1
0.37150066314146735,0.6838000757927415,1
-0.05067337823438096,-0.06191876604435574,1
0.6549971227908379,0.7012646472827289,1
-0.22225937416187608,0.8557828326991073,1
0.4094827178153402,0.6000699790578489,1
-0.028111091439456802,-0.35452259516136786,0
0.09842456579507705,0.05751544885052223,0
-0.14534272734539072,0.1649351850614758,0
-0.43494855002160604,0.8458071052069235,1
0.3335077776825101,-0.6859162178870413,1
-0.31053422893700244,0.8725097180671437,1
0.8362038668417195,0.07962683774220325,1
-0.06299092378977479,0.4658232741055597,1
0.27758546490006314,0.5259651851766792,0
-0.33414568692465957,-0.17033108040608747,0
-0.4672569397703563,0.19044393701596746,1
0.4140238271597031,-0.7455837187067947,0
0.1125721969551018,0.2380649609993352,0
0.4290822781041063,0.0009255508842328369,1
0.5530043136163835,-0.02531841276933572,0
-0.13481112370989845,0.6289313284297252,0
0.6914320002971585,0.048729616480811005,1
0.6551083781185969,0.18326893452103812,1
-0.8737747158402869,0.08539442313833488,1
0.42051447236583256,0.3342781515585913,0
0.15978160412379067,0.09642100402591718,0
0.5600248710111428,-0.6896679668046406,1
0.26019328338253195,-0.6009669897152335,1
0.4729477487157381,0.2988303921016566,0
-0.5570631672207844,0.10684076517752605,1
-0.45137302664336565,0.1462228010258777,1
-0.3793894632571672,-0.0967149482352174,0
0.03621716996273193,-0.19923999701926035,1
0.2811939263985481,0.14594056708113262,0
-0.4810135615145912,-0.5717112525471362,0
0.44392594653521206,-0.14938682209236348,1
-0.4260784252468986,-0.4715722566087771,1
-0.5191932482270966,0.2679139420006116,1
0.352422262755591,-0.8206033119976602,0
-0.27311691237364716,-0.0018905050240831528,0
-0.24207855035060102,-0.16624265818071954,0
-0.11953363581458086,-0.15895067386658468,1
0.5992094303186476,-0.23213862173259342,1
-0.4021359665763815,0.3777956014234236,1
0.21373116709750006,-0.4112484818054104,0
-0.2202999918121447,-0.05051939719149409,0
-0.5065246688789902,0.6833340703027041,1
-0.4231810806163766,-0.1203303641509263,0
0.011515145067024446,-0.8015178077467107,1
0.016789116388966754,-0.35141278685925514,0
-0.5168769879706212,0.48276024579924476,0
0.08736203123263547,0.15879026179930422,0
-0.14040319865239795,0.7055943697671769,0
0.31845809933069824,0.2158167936313467,1
0.5368969624381889,0.2472390638168379,0
-0.49462485704022885,0.7282876581057678,1
0.4313395449306354,-0.7813082478918225,0
0.9291902120198163,-0.28382899911634446,0
0.09463451385395362,0.17960813399404055,0
-0.854434401676329,-0.10925743957367179,0
0.17381704698997247,0.5845148329748773,0
0.3294982435701556,-0.07531539334241175,1
-0.4060832073508429,0.03664721503761654,0
0.4887089111608565,-0.8044695344526431,0
-0.2979509565681391,-0.6957209685395803,1
0.12553411737901057,0.12054996594522044,0
-0.5867570340371744,-0.602088717946184,0
0.016289052325608885,0.04793770642629591,1
0.18379572488431178,0.21579946395342184,0
0.0954308770979511,0.30707283019992515,0
-0.043207883371668115,-0.07838900270009881,1
-0.3705286414422159,-0.1426596736232636,0
0.20060115541071022,0.6394437054292299,0
0.3406949838623502,-0.055893492052396666,1
0.16318009729637356,0.0803212160141965,0
-0.1980841025276735,-0.6795923961497644,1
-0.1668379211780238,0.9801239943604652,1
-0.7835567996263684,0.7094303693064699,1
-0.3113722452165648,-0.14668124061529791,0
0.8533247448783089,-0.6788073857857767,0
-0.6893087615317941,0.30486153735033694,0
0.2054230059572118,-0.594678035131897,1
0.16401641405279882,0.24028340392798778,0
-0.42183814092054694,0.7393985418054535,0
0.45042017882123875,-0.7478667744730482,0
-0.5507808830194607,-0.3758516923706441,1
-0.42758129687997215,0.025091845681449024,1
0.27115752095844753,0.680162884976732,0
0.08636106180439064,0.25924070323460074,1
0.6144982642873813,0.27579920859131835,0
0.019827963700635075,0.18288228384409808,0
-0.1653252839624939,0.0030791135373809016,1
-0.30738412862329556,-0.05446473252390772,1
0.431508211312089,-0.2065700812315908,0
-0.11790689086302544,-0.1165708905787241,0
0.2678486850709858,0.12778217667934333,1
0.3230067634739954,0.2669662581361798,1
0.1387297437630886,-0.03504875303531827,0
-0.3210041316090202,-0.35304883514582563,1
0.009461050491228237,-0.23427162083338754,1
-0.5107098917531449,0.8877229872285857,1
0.22288386625260828,-0.11753443620999722,1
0.1438544975709809,-0.8980655793916565,0
-0.24159203974857485,0.34462631804275096,1
0.5559693333818987,0.38748929347970507,0
-0.019876176894663186,0.186128887730996,0
0.015169608302969338,-0.5647937051572094,0
-0.12271501811534226,0.01250394449779892,1
0.2392099938750545,0.530798784370763,0
0.3518568566220006,-0.5989643815237734,1
0.03689477452076917,-0.6748610280215097,1
0.026129254759101724,-0.8872467446322541,0
0.16499350499226806,0.045840186341366086,0
-0.7665473887348433,0.6662455426523216,1
-0.0472199332584189,0.23315183504635137,0
-0.31659974682092606,0.8480687649425683,1
0.08651094012799077,0.6327025038820486,0
-0.1472396165924086,-0.35772084115183134,0
0.0016259339056347438,0.2595243546553517,0
-0.4141195425421896,-0.7271645111406161,0
0.10047676823802132,0.5078986272211536,0
0.01476669769085611,0.5353468267871444,1
-0.4916700582017924,-0.18886568008811488,1
-0.4251764771933974,-0.07177691171986181,0
0.12152021664683622,-0.31856990950788966,1
-0.34261047643219966,0.5755002486842542,0
-0.3877533086374005,0.6328853424181071,0
-0.4878161335046253,-0.5971917334078196,0
-0.09060115747663017,-0.7379058806925837,1
-0.9765976319961328,0.005981820899152085,1
0.34002554676606134,0.32306766569472656,1
0.05977954862858574,-0.13373107352229624,1
-0.013832233633020639,0.9095708229947476,1
0.09568404083357435,-0.07205376333460473,1
-0.16401077127647887,0.960595871341143,1
-0.8411366026078348,-0.06688053295613067,0
-0.23140089401972597,-0.611195104978377,1
-0.3382774726671436,-0.9534887759691013,0
0.29053836964774726,0.04875824104500058,1
0.1877389315292232,0.9563911679042819,1
-0.30036362073050304,-0.4659137657455091,1
-0.5811170437812817,-0.5058045571816073,0
-0.5917207852241306,-0.46300034247904903,1
-0.5828541419680792,0.02059926376406074,1
0.09486367583328174,-0.19595978749115892,1
-0.47938029583302566,-0.6887054226759542,0
-0.5058316302127245,0.2571554615690571,1
-0.27078289268240097,0.5963772285590887,0
0.47076377005551623,0.19418485497181134,1
0.23389043357093464,-0.8719684069042503,0
-0.6863159380128891,0.20748324147147956,0
0.19182804544020352,-0.48378909565940764,1
-0.22341928547109932,0.2565605504867956,0
0.1804879969082941,-0.043307572180387305,0
-0.6032922596014347,-0.5482565219086517,0
0.3548508417654907,-0.5263521771959988,1
-0.6262802971745682,0.6560503584216502,1
-0.7681364753730787,-0.2552653065461584,0
0.3788344829592803,0.6941649854793318,1
-0.19400405320080627,0.13645605379185421,0
-0.1060269062988537,-0.6397127966076452,1
-0.23966946049443758,-0.85987040623073,0
0.13188388898794476,-0.16824179237670434,1
-0.17300803710900864,-0.429380426010212,0
-0.12308821715330676,-0.3470036609831634,0
-0.23000655812231843,-0.28727408183266245,0
0.7188254240831795,0.44508068068980344,1
-0.04141830107305576,-0.2254143707148712,1
0.29593723236127517,-0.0572365212283828,1
-0.12374496520209713,-0.3831486952915675,0
-0.16816387031765556,-0.5188846969456286,0
-0.9595294316431384,0.3473047974837583,1
-0.857996781313718,0.34661151830049597,1
-0.9168874209498435,-0.41916786902685904,0
0.052926601435255516,0.1769081525814218,0
-0.41799229429332857,-0.4024878624275457,1
-0.12253612112237972,-0.1289128376106758,1
-0.6680122580768999,0.39408705782971526,0
-0.10547711038076871,0.14104311859504018,0
0.12584737633383114,-0.4081472898593969,0
0.48777884944606387,0.8131379817976665,1
-0.3919648531949848,0.6606089698050787,0
0.08426808552460324,-0.8289812333454326,0
-0.04074964117296852,-0.0556424279740608,1
-0.011843479073517673,-0.20725651843821186,1
0.15767673520037837,-0.38090592669840906,0
-0.03951594590977421,-0.2938525799349519,1
-0.4514258395067954,0.5388687180666152,0
-0.34642466294422264,0.09641866815490648,0
-0.2867425595407832,-0.7199643373827055,0
-0.5864790076576828,0.3668125312085256,0
0.12207947961611758,-0.04907384684439839,1
0.9743665167042016,0.004708222347716028,0
-0.3176601050060579,-0.334473503761094,0
0.6040532127517881,-0.1859392780059792,1
-0.5670695669351213,0.18395939836169994,1
0.2619508377707829,-0.1500463184438252,1
0.1727733306382814,-0.5162318863378454,0
-0.26593375806409747,-0.06925173124165064,0
0.06968279676033749,0.1641937329470389,0
0.23445955626722828,-0.1434371045625633,1
0.052519065669344514,-0.20344495113482497,1
0.18639410866939457,0.6932653074063698,0
-0.5799152192009697,0.10731351150856991,1
-0.7419208854674725,0.5510403118623259,1
0.055171812835053,0.003307410078179418,0
-0.32033901130934156,0.017905316236553795,0
-0.26263397275264055,-0.27559584405546644,0
-0.15053482840590796,0.7096387280639666,0
-0.7675430439046682,-0.7235382109260862,0
0.8769922974568275,0.23376925387106479,1
0.5750239205934516,0.2686619905527735,0
-0.45497239285432456,-0.23000462959139883,1
-0.246933528369101,-0.7264066966121532,1
0.6167456401610242,-0.4295634147308631,1
0.12120195507642027,1.0530483092188758,1
-0.24267202659243173,0.2731721531171605,0
0.06907146329132433,0.8938617528131574,1
0.5951144891503276,-0.1509548269287556,0
-0.521419914969447,0.05853505291863412,1
-0.024785963461421784,-0.26989574655429704,0
-0.26349835267277405,-0.017260144122632326,0
-0.6267264800892892,0.29443624820605346,0
-0.08738432489393647,0.8631559204797752,1
0.04647052056909829,0.7434274514589839,0
0.24842015813473195,-0.4672695754210373,1
-0.06374573380877496,0.5746844776307318,0
0.960638565127035,-0.3922209744113843,0
-0.08149774621366798,-0.38020870050298833,0
-0.006230884419405364,0.7858649043446213,1
-0.6054020129420703,0.6528434113045681,1
-0.29288504578168556,0.03923345708600531,0
0.15708151972115125,-0.9928426908652982,0
-0.1985877392136158,-0.04428119735614422,0
-0.22127309463498165,0.19721942530826456,0
-0.32098282089958274,0.5296896894508579,0
0.11972862977989915,0.718489533011935,0
-0.35803036230830654,0.9103338071318525,1
0.25803231579696684,0.12950858588188474,0
-0.7177833502791471,-0.3070115334013392,0
0.753575184545208,-0.5927508767573041,0
-0.5842296344804099,0.4295682023606536,0
0.40130317161732204,-0.14892947570050574,1
-0.2366875350210278,0.6640669415761828,0
-0.06280127732240492,0.08627632877951112,1
0.5821442091777297,0.38888393182072034,0
-0.019914089569044464,0.1804063526597416,0
-0.039165458487413686,0.43524216190587395,1
0.017034423793083883,-0.10666779189277185,1
0.2259256135473816,0.44561229032568794,1
0.08101827145554451,-0.9982124646466153,0
0.005341088767343596,0.24482439864009053,0
0.26510005415237525,-0.44647407855975607,1
0.11942750158701948,-0.6855946772111947,1
-0.10894497289292782,0.2349641676218204,0
0.6099194447199511,-0.2946518973676673,1
0.10423621981012188,-0.4896570638883814,0
-0.18236396386255435,-0.48208707148184493,0
-0.626120909959837,-0.3489473992173983,0
-0.4289096772170961,0.6639792190776739,1
-0.8012160534429171,0.03921127498845654,1
-0.36252360436942066,-0.24677878372749334,1
-0.9360550990633925,0.05854651183578953,0
0.14900284181014173,-0.3908199985228512,0
-0.38829916107723533,-0.04425774788329159,1
0.10077886493261856,0.1911990355716273,0
-0.31108457612447715,0.8998172261061779,1
1.029979100409791,-0.11897833884454559,0
-0.4962009816121393,0.20200522401967574,0
-0.023742750861697463,-0.3561750414488012,0
-0.18443927510578012,-0.4908748319175956,0
0.04216968786959456,-0.08882959358543278,1
-0.4038210783395304,0.5162520601524786,0
-0.36778757490313113,0.9396469611946334,1
0.825453290731674,-0.5359348904364447,0
0.4348692487756893,-0.19530998487684204,0
0.358916810251801,0.8989094675240272,1
0.7699979558218344,-0.4985508831225841,0
0.13784609049566052,0.2322216461520822,0
-0.4726803417046234,0.05977452358967007,1
0.786161871054591,-0.2953779332457478,1
0.35294846274332514,-0.05250719252232759,1
-0.039108571700593966,-0.20946281044073178,1
0.16984701107507402,0.09138580826339521,0
0.02146427920852806,0.10297099223199283,0
0.053678945780086064,0.184124334560964,0
-0.23373751226398232,0.740891680938095,0
0.3544713621705288,0.7458881923010058,1
-0.4131808936052242,-0.0777101204091348,0
-0.6736429350229978,-0.13913505754379096,0
-0.16995647864616303,0.4045308980415182,1
-0.4188232355595211,-0.23668370118796375,1
-0.6058160703696013,-0.023636210841991356,1
-0.013093023650976282,0.2151770268690686,0
-0.766813708817164,0.1333900638526647,0
0.2633368889732075,0.23232402329758972,1
0.10875088049173501,0.45335784513439226,1
0.7132118712017389,0.17535142433160844,1
1.0012282452212227,-0.33315185899497957,0
-0.431175002090203,0.056415705797880675,1
0.19635507504227118,0.3533896541075708,1
-0.13712596321845677,0.2608192278489413,0
0.3299539662941531,0.1786378302224817,1
0.19800770396562112,0.0989142920299205,1
0.5851695860866656,0.18984012139063913,0
-0.19979985976615397,-0.2696632676685836,0
0.2525085772877702,-0.1414281683351143,1
-0.11346723621565105,-0.04422785669371176,1
-0.7541560336283907,0.3993440584356015,1
0.4385407130746596,-0.26953145782706833,0
-0.4351438200398121,-0.6660870775867272,1
0.5868963786315887,0.6242328204767873,1
0.668067130119033,0.48319903424288174,1
-0.9718630165356003,0.3932859692375648,1
-0.276039933591511,-0.7631266928578428,0
0.4505367271058533,0.10588121039216034,0
-0.1961102213066345,0.3044164045997662,1
0.11330635876252533,-0.021697074613183986,0
0.5173883662912561,-0.09700381859284024,0
-0.2989207607423868,-0.6108420668988088,1
-0.015855709185091396,0.04500856342429141,1
-0.6568688719836662,-0.6652024426975733,0
-0.7182153911868112,0.22052381486424805,0
-0.9225369834753403,0.1148205151339338,1
-0.36494004388513684,0.26491809859417503,1
-0.1523402541657597,0.8834217233758468,1
0.19076988423851088,-0.05160076162897344,1
0.4016044475972959,-0.25927320354727623,0
0.16798065475769164,0.06939312296798374,0
0.4373179160498229,-0.2890196146855226,0
-0.009298076782642602,0.304434872328189,0
-0.05049944895148998,0.6559001230694333,0
-0.22818878285659222,0.19207771203778518,0
-0.30971880530070683,0.6688197603288552,0
0.08535014004870879,-0.3591595238468852,0
0.2874333833581827,0.2635743880893333,1
0.1365272487004755,0.07863736982729444,0
0.2061989981407189,-0.0409038062527276,0
-0.2270771979373178,0.08015245736659696,0
-0.4425546897070813,-0.31977350059994314,1
0.924240553724136,-0.09931182036770139,0
-0.3600587974407745,0.556116282443851,0
-0.2708646667867657,0.4094972962066912,1
-0.8311749689057879,0.077978652347024,0
-0.06085461492587297,-0.16810760201063163,1
0.7796353017618443,0.35442946832668476,1
0.295152616114377,0.1323088209912406,1
0.037097954527156314,-0.8672710341949049,0
0.11655606932641027,-0.2988528045795328,1
-0.10307975334584843,0.4225867678400748,1
-0.9465148662298979,0.2266622031829131,1
-0.22855860925777233,-0.47051721381068123,0
-0.11737572139012516,-0.03788831997457673,1
0.14030988226112479,-0.5720249107153451,0
-0.3293097887744575,0.23746338642864273,1
-0.46648401170639026,-0.7945470640170056,0
-0.26541359870453446,-0.30394869276713776,0
0.10657792521370599,0.46296822506682467,0
-0.09460358528522786,-0.8142671794415766,0
-0.02106171268473084,0.3903740598548137,1
0.18420233141457595,-0.5465607159124395,1
0.6978316406316071,-0.5565469188814068,0
-0.3110431126988161,0.1866690116351844,0
-0.3212618782563404,0.7056875345202378,1
0.6715483805940555,-0.6599866586270428,0
0.7782850778894101,0.03702059800945692,1
0.11023292003625079,0.4828601678297236,1
0.01613475462434874,-0.205074532442047,1
-0.27415208995712764,0.37763446706850107,1
0.4874552230308399,0.38297842798842646,0
-0.09973025633346706,0.2560809446591286,0
-0.23129111728636803,0.25681715683294837,0
0.07777018240305542,0.08943101395585935,0
0.18814060581608322,-0.21825129486358077,1
0.5151423865299946,0.6457579772516251,1
0.3833175386307911,-0.4218261974287521,0
-0.34995848285154785,0.04670189754864287,0
-0.15108220315592708,-0.0899520120602217,1
0.3199782013957204,-0.008452082987231421,1
0.18474762581296628,0.18993283090384533,0
0.2420852995401958,-0.6586535226865667,1
-0.27547952987527313,0.27219535245773707,1
-0.6835928077513397,0.176723907886885,0
-0.8541042009343993,0.5290638957157281,1
-0.14450369821656356,0.07835850007958772,1
0.4922421673184959,-0.04060113805771423,0
0.552829414464265,-0.04158551040204083,0
0.45231320661301305,0.5162274259018111,0
0.04911979200002757,0.4016992793991625,1
0.5533570715209892,-0.8269744446429681,0
-0.21344677229150952,-0.3820537236675073,0
0.015678889316270105,0.18704174297864737,0
0.6176104140811011,-0.6238199058642176,0
0.7160776270940181,-0.6411282607859861,0
0.027689118315209822,0.9061581196086006,1
0.06746927518699995,0.019931107898292562,0
0.30055097854814256,-0.46936054624698065,0
0.04697489879907217,0.16361868989722433,0
0.10019103373168552,0.9829961643795517,1
0.14001023668668658,0.3136708101121829,1
0.2771663336876382,0.10357039020856779,1
0.20146974176565824,0.5748065903989481,0
0.5222766540296359,0.20007208296494716,0
0.6386977090721582,-0.23034200962557783,0
0.19505879180709337,0.5911456876247616,0
-0.14707506418411173,0.07948360321587784,0
-0.028407499183604353,0.5145374767855246,0
0.3045427864021798,-0.03261341660309336,1
-0.1603591761510107,0.5425865172455155,1
0.43502137205170405,-0.2071834069384627,0
-0.6866819486106995,-0.10724569318671204,0
0.6546707899835245,-0.3649195806768025,1
0.21430803759563036,0.26219869146398395,1
0.5825268668127983,0.46345354585914683,0
0.6051701189857359,0.6998362002422768,1
0.5644213306465151,0.27400609043438484,0
-0.1259777483048238,-0.17555413045422183,1
0.2788971671556559,0.7653145174473914,1
0.49595279233107836,0.15952959349059231,0
0.14461151195788627,1.0048376928025773,1
-1.0480850774007064,0.10563155297768517,1
0.32182375845791866,0.28268333428083453,1
-0.09419845256719024,-0.03920337055163221,1
0.2745639209641535,-0.07178560165845391,1
0.1688576790360941,-0.08881406198798678,1
0.2971282678380147,-0.4533914711175169,0
-0.12620298450539835,0.29764308212340096,0
-0.1527227503302091,0.29633015457578277,1
0.4474197714550483,0.06239035845261693,0
0.3529223134302957,0.09471688444745158,1
-0.4640028156895453,-0.37628057316455576,1
-0.4038255289136169,0.415580053097124,0
0.20021620936913437,-0.4622115940510461,0
0.24603618122982568,-0.13190781553888448,1
0.9138860802662865,-0.19823420738061998,0
-0.5722398057427934,0.09188025981237498,1
0.5338715646233675,-0.6463080473544135,0
0.621111659515902,-0.5472076210781887,0
0.9116268087215572,-0.11062043508761699,1
-0.2504764737233634,-0.36530248383624037,0
-0.23163078498120657,-0.32092032965149775,0
-0.3107010236062091,0.6403395090643199,0
-0.28731806329168924,0.33361419372157514,1
-0.29651334458625683,-0.008957941578170949,0
0.8016830553845407,0.030409441392894594,1
-0.564741720766576,0.01179149578095575,1
0.7695493570254597,0.21517444266691682,1
0.16396424955986433,0.07227024173178179,0
-0.5858717541830947,-0.5500304850578199,0
0.2274430185522205,0.5527223841922285,0
-0.13026802048439864,-0.11231472134733124,1
0.31609911080537534,-0.3515675091354016,0
-0.28283689953256064,0.14445002701507875,0
-0.6288212437937026,-0.001527520561177803,1
-0.284576318355978,0.43051114150393843,1
0.13837748800775268,-0.9079774133992442,0
0.13697640899309665,0.8421568049302892,1
0.3494321652371204,0.7401673545848739,1
0.08266833176856425,0.16430455472511638,0
-0.2650720233531482,0.039496176685380566,0
-0.018101906273181326,-0.002316118414761939,0
-0.9930458695815224,0.2601954301907443,1
-0.4671058759729134,0.8036612030254734,1
-0.6190586182774998,0.13507821687479565,1
-0.3326600389261182,-0.22817703365975853,0
-0.12195058612157347,0.6962245300896017,0
-0.6187854060812472,0.2066559248487853,0
-0.7398574718591627,0.6159071580524548,1
-0.4025526538846046,0.6459981173966444,0
-0.3916744791510792,0.015205479555134446,1
-0.35052412188682536,-0.5569388985662662,1
-0.015187695645515531,0.7188098535602616,0
-0.3032916727584641,0.5587196460433018,0
-0.42469746288968724,-0.17794939473718466,1
-0.1761862253743858,-0.614940828129887,1
0.3757425717955105,-0.7714140987791782,0
-0.520223520889892,0.696216070582006,1
0.49807393127085375,-0.15718610611472622,0
-0.26611384744781663,0.6832333232994234,0
0.055668900464531795,0.921172530797584,1
-0.04722199919161804,-0.17689929228756007,1
-0.8756492203379433,0.16453446291770338,0
-0.16256156331293337,0.47422653583709334,1
-0.539816814431838,-0.04053666847842673,1
-0.2624250815742515,-0.6167968093891698,1
0.3684139016383839,0.46244113601776937,0
-0.19125740025294521,0.9134852200633362,1
-0.1721959843492744,-0.18070884750306107,1
0.08665696038722442,-0.553309126405627,0
0.3860440792531563,-0.5933371722861924,1
0.22145553506741703,-0.5748892616504189,1
0.8069342143496128,-0.052121376424082336,1
-0.08487155222301121,0.45866830911354495,1
-0.7526846938253063,0.38641152411945723,0
0.16102117389746962,0.5187902789021321,0
-0.009488162480308607,0.03856179187078912,0
-0.46209057065018366,-0.48916106335729553,1
-0.4403181732536051,-0.24655430259757113,1
0.31927362694241723,0.10688162905518046,1
-0.5882496398715334,0.6699974138447742,1
-0.6202574912662298,0.7311661922166973,1
0.21179768147389383,-0.7139973994161822,1
-0.08397703456380529,0.4258367768974316,1
-0.2170895599400816,0.06485398161994248,0
-0.5311720605792835,0.41575549047131943,1
-0.38116664649989923,0.6769804816665024,0
-0.09324542430955216,-0.054036611082380955,1
-0.3764633229244282,-0.29828161337163084,0
-0.13010472024210237,0.06152813433157846,0
0.07632880861840345,-0.18293481019228394,1
-0.20141637484091757,-0.3803868097012605,1
0.1966651500507115,0.6345754201557956,1
-0.8862086350325853,0.3551002238530226,1
-0.5434465539517559,-0.45077963522446746,1
0.2521316830021754,0.579778854937424,0
-0.05017283617991716,0.30405228378417276,0
-0.35433028677216166,-0.3616851864073217,1
0.08081824381410277,-0.8577431006949011,0
-0.2990138659687303,0.4003035825453708,1
0.1589099150781153,0.051948422890421106,1
0.1686423581228345,0.20809006226837581,0
-0.08899820971107687,-0.2780354216005503,0
0.5379416921651621,-0.007819833577704487,0
-0.9658463777725924,0.31871434114069,1
-0.6235215734852225,0.017416022947128892,1
0.8521257841931619,-0.23132390634205602,0
-0.6602313296946437,0.30715475136298853,0
-0.45032110034160905,0.22534337246991176,1
-0.6533137216457515,0.503700942238946,1
-0.45398190653304593,-0.14745354347256778,0
0.2011548698378366,-0.7262752734981719,1
-0.054445389194470006,0.2032769584034076,0
-0.12765572837032785,0.6467031710358537,0
-1.0037438611170635,0.43143565241424475,1
0.1297528791013577,-0.1846836097310833,1
-0.20532248311189866,0.46160302148178506,1
0.8455978070889002,-0.0864119507833526,1
-0.022814585024743553,-0.6447962682128003,1
-0.14924107458431304,0.7331556874316943,0
0.23568420162211307,-0.022080858280735388,1
0.10804834443747689,-0.8528028792365147,0
-0.14232058875374742,0.45823587133819466,1
-0.7183643161363678,-0.03973826799503176,1
0.11300406706202175,-0.2996695342806676,1
-0.6259034827694724,0.4191830157291278,0
0.5151951424830994,0.11682387111227188,0
0.6202624057767142,-0.6319944984608021,0
0.06891793051533088,0.046152136112388234,0
-0.25767209292803267,-0.18960353407282665,1
0.2001651837995848,0.3972557238270564,1
-0.2773343232609374,-0.20485546537340676,0
0.6291727065411813,-0.12760218364932555,0
-0.15598894677271913,-0.307919060693607,0
-0.043299562395291376,0.4902917615534669,1
0.2015525878106328,-0.8702114812293728,0
-0.6952246806887787,0.5451055087647116,1
0.759552937104712,-0.5126188352040875,0
-0.46797915366843146,-0.41874101163583427,1
-0.4203908395184571,0.04903732391504281,0
0.22116030049386737,-0.8070156604528056,0
0.11117489174913989,0.018903549581745144,0
0.4856052181689001,0.7501540185635063,1
-0.7172048589036577,0.22460802549128545,0
0.7450424580432381,0.3260900208657848,1
-0.17823847739475304,-0.5112093377493597,0
0.14762951498862564,0.4781918521854315,1
-0.25942310736179763,0.38750122637687895,1
0.1392933304760126,-0.45078289944661065,1
-0.08893678705093395,0.3097682812352527,0
-0.6710051362233247,0.42312067242959983,0
-0.4625377082176792,0.4415408586638205,0
-0.4336981604058623,-0.6824091551994542,0
0.27294140828042573,0.8704016938161824,1
0.4638298241283315,-0.27820077157625656,0
-0.07548026885944163,0.8736610098280202,1
-0.497594785004032,-0.5101342585440761,0
0.3759967790985999,-0.17429317757307106,1
0.10319066184120224,-0.2183822444338694,1
-0.6171622535226541,-0.04711607684509096,1
0.017413008298289893,0.5308151142102042,1
0.016219271920594358,-0.10439628614721196,1
-0.5539419803995715,0.5931035506742948,0
-0.024485707022577678,-0.21896214599825423,1
-0.9019275910366646,0.6872143604352203,1
-0.7610380476210826,0.17544824670184803,0
-0.8032723499436374,-0.3320646503530707,0
0.08086966668809124,0.09030068186575507,0
0.1197938516191542,-0.39084449786082476,0
-0.486419565062668,0.4853118125053441,0
-0.8688761828558125,0.382273255389734,1
-0.48728608120452477,0.3455959728419609,1
0.07315317489457646,-0.1900197410775027,1
0.1182910865394616,-0.4310434128429116,0
-0.10960868837683355,0.41812135205479206,1
-0.901127955801785,-0.02267206756491853,0
0.5404773376549917,0.5679627010618347,1
0.019422409960961166,0.2090233542507448,0
-0.24850659231660993,0.23571136737422402,0
0.81333740681496,0.19562245155507765,1
0.9230333874937962,-0.443152387955015,0
0.5975199806011667,0.6449381906723219,1
0.5154614176739587,-0.7510690178923748,0
0.9759548121638021,-0.34909121117210073,0
0.5545849432845322,-0.9160644681167851,0
0.10287120754594795,0.08936160946455454,0
-1.0520886643057796,0.4659708462897603,1
-0.07094840017406695,-0.057664315354200635,1
0.3017760770041245,0.7698900787193772,1
0.6010585430397023,-0.30242653842802114,1
-0.21433098242357,0.3236727142151325,1
0.08552902954209692,-0.22855171387423706,1
0.44262210195884083,0.3944140387122921,1
0.49296086562816543,0.665477712629849,1
0.5013496244027528,-0.6441679415617569,1
-0.6916109308590387,-0.4949417069504374,0
-0.7748036961618447,-0.4028056206039343,0
-0.5287277210642557,0.07913506107987378,1
0.8172377271604854,-0.05554569103030583,1
-0.42557809705895583,-0.15952840276267782,0
0.43702086611346624,0.49680949417977865,0
0.40005424211443436,-0.15653271764870383,0
0.6389056204962982,0.42004320070906764,1
-0.15723298947041275,0.21204343800893288,0
-0.32396192235528876,0.3487939949524892,0
-0.22793194050706383,-0.935057134186949,0
0.10960426010384762,-0.44048046765491383,0
-0.1519650348183864,0.36516748122075865,1
-0.5029450516969763,-0.3489838949473486,1
-0.3584942080084952,0.5570020808952664,0
-0.1825319416155332,-0.2918469712408347,1
-0.2387184349372474,-0.37812491995988146,0
-0.4526488349440738,0.1371354568209302,1
-0.29591363007848587,0.6328714464554415,0
-0.48788864442006064,0.047695883129026506,0
0.2323617256741817,0.28137945643002393,1
-0.7427871204858874,-0.05742123434898451,0
0.3304677007301684,-0.0312026008882888,1
0.43844512360999355,0.2063563039330763,1
0.33564493265894557,0.2167716918447369,1
-0.1397301820351197,-0.05373569352686839,1
0.2659160776021816,0.11170308505233739,1
0.20723309092834405,0.9017431329935293,1
0.8245972952475751,-0.04986878865173501,1
-0.353526429226772,0.4724667455154129,0
-0.568850383029847,-0.4878690397601688,1
-0.3530934585090018,0.15398753317703917,0
-0.3017750598038064,0.13704055230781656,0
0.4251852457256834,-0.3643312015810026,0
-0.009979412054705927,0.17259921978283624,0
-0.6317137681982647,0.5260980095505625,0
-0.09658839308146164,0.01969287400508349,1
0.6378615557463503,-0.4643116826506421,1
-0.060590032937196524,-0.18671256326938035,1
0.9562596809574931,-0.35948774926776533,0
0.7348098479432937,0.6058233091132588,1
-0.044280627550410026,-0.7035912049782653,1
-0.2718667898834855,-0.37968021775902366,0
0.3533720397348158,-0.09761564029757833,0
0.1918670746289135,-0.2016134306732396,1
0.5695016863310225,-0.767022433140189,1
0.11741987556306321,0.05611628275912424,0
-0.10775014329587493,0.8845899914738358,1
-0.6974511358462121,0.06247543602110179,0
0.2559521446728355,-0.4098309550103479,0
0.2816833488110645,0.20069499927072249,1
-0.5012855414389155,0.09805335968781399,1
0.3425138275056635,-0.1944911326903755,1
-0.9623408598033674,0.3089649437159105,1
-0.062423059545576226,-0.8372354497714906,0
-0.018596351386590465,0.3990246063592312,1
0.4150231070906806,0.45399409522675704,1
-0.0825806679087704,-0.8575227647702803,0
0.454260162812716,0.3334641644230295,0
0.046895669592505115,-0.331890864857754,1
-0.08042035018557538,0.16755812690855104,0
-0.38030476201727703,-0.12231186668796014,0
-0.4302868151477159,-0.010833381607474102,1
-0.3550529942232239,-0.01853000272572069,0
0.31138908823998124,0.19483073083386382,1
-0.24499853865304969,0.193630237304983,0
0.16535459376764705,-0.44069069646430037,0
0.7951659640151156,0.28153205371475026,1
0.25716044840839364,-0.44769654305728207,0
-0.4834907730701591,0.6988465985337687,0
0.5258083615014563,0.31140678690136603,0
-0.26214887905641615,0.07003779767216858,0
0.5789926473720964,0.10052477856456288,0
-0.2904699785535274,0.5973440287365963,0
0.5733770503959195,0.1844147957576376,0
-1.0525609091525099,0.3033616751528578,1
-0.04810101026987959,0.13763160337553204,0
0.4044990911751408,-1.0066466706827228,0
-0.049194647477163775,-0.23391736493742993,1
-0.3357014642582656,-0.20517174901824553,0
-0.11006125489870366,0.3758574774084311,1
0.14880144095276046,0.19742932062560334,0
0.8103949590195153,-0.18081014524133618,1
0.07566384963010316,0.6617048244271734,0
-0.2326118312492814,-0.4086540341205446,0
-0.0630703009561524,0.2815261856020587,0
-0.3323064486261697,0.4959419627196445,0
-0.01761088090154568,-0.037088162798239885,1
-0.3987229882475238,-0.7886591202314864,0
-0.01663300800316339,-0.15440560617264423,1
0.5634465432126897,0.04693481339757191,0
0.9712031555824627,-0.30578806471022957,0
-0.018173838525204572,0.19108507049485018,0
0.8786499615853157,0.16660576211203973,1
-0.17894022585258335,-0.8426789089404892,0
-0.16207229381794588,0.4961331809263759,1
-0.7072736810638502,-0.0873307081296007,0
0.001732794366773309,-0.6417295664736884,1
-0.052162885508317325,-0.45325886839156243,1
-0.3692599655117915,-0.41510779542486786,1
-0.027806956995786752,0.0531541604221866,0
0.9534497526681649,-0.4570248988960829,0
0.7483710874647596,0.45797560523577696,1
-0.0811174427633498,0.5023605656366692,1
0.27357580884242544,-0.5315137388719482,0
0.09826979664789098,-0.15230600754020363,1
0.11829477716015246,0.48127420644161795,1
-0.22059833803245504,-0.7313628221766755,1
0.5387735794082145,0.05009651695579826,0
-0.7538113113700811,0.6810857372945401,1
0.2873877366415307,0.3012821912571202,1
0.5958817464002154,-0.5615574794458225,1
0.7866221812763718,0.08523598421866796,1
0.5446328677066228,-0.11988973761384689,0
-0.030172991647296088,0.2733379391173399,0
-0.2905403615446883,0.4664002587766791,1
-0.08555009510409199,0.9432587169939318,1
0.40986349311216363,0.5476136418501459,0
0.18524199234806718,0.12529531625099644,0
-0.5216342748721592,-0.40467787835130187,0
0.42192144689941147,-0.834296349643509,0
-0.02489083940001905,0.6161045704231203,0
-0.4797394705258944,0.8009636449773568,1
0.10355267242817937,0.055491779269283906,0
-0.2697841345283637,0.8550915918415952,1
-0.40742111419112914,0.060861992904772205,0
-0.32288952859789294,0.07944120566136562,0
0.0907496853618866,-0.13392589927263024,1
0.130994905088244,-0.09112304661471192,0
-0.2683419175635595,-0.2062004349738256,0
0.1839299984142563,0.1381688360902566,1
0.24596237344731708,-0.8398641218894138,0
-0.9728625963306551,0.22762131408272132,1
-0.6188163185368664,0.45495472493206346,0
0.22386801085473818,-0.03165795057649799,1
-0.9363716494929406,0.47393378242658274,1
-0.286578020717491,-0.055351808963726115,0
0.19488284056836935,0.17651001144059497,1
-0.31687883282534396,-0.1974145632671085,0
-0.7783509816735202,0.15122065557071374,0
0.5197728976237587,0.2641048460601745,0
0.25961364910470736,0.8759170541042217,1
0.24798192419535864,-0.1471591738971063,1
-0.44436337128435677,-0.09963007507104887,0
0.3126863979852741,-0.27375262460520866,1
-0.27913112769574666,-0.050659758910131324,0
-0.21295606895489316,0.38581189439138935,1
0.338217508483412,0.24731764836894776,1
-0.5707128121703925,0.29985354908708534,0
0.4393607639527688,0.2254696333123582,0
-0.12629346953525133,-0.15213077337705283,1
0.5511674763190897,-0.6436755134248653,0
-0.11899681282647918,0.008706940352923867,1
-0.034897798907838375,-0.07399748102537068,1
-0.43794316332576777,0.3684467935290219,1
0.07264124684118402,-0.5550683031905093,0
-0.257121751606611,0.6660060938939678,0
-0.43431441341036003,0.3996799704094884,0
0.8692969790176659,0.06553969298532222,1
0.28378887374109796,-0.7330720207854403,0
0.024217743790073677,0.4941830310436972,1
0.7620911099028159,0.3746111473509964,0
0.32445697471088214,-0.34430236346289755,0
-0.2262687731806114,-0.15590305602284232,1
0.03276910784900082,-0.5206016383534049,0
-0.4477758543272441,1.0102414329957112,1
0.29942606945250266,0.20989658524532817,1
0.9572341242415465,0.01368490944806778,0
0.1409779152375814,0.11518071306148961,0
0.5894670358529549,0.006816131380803531,0
-0.5786845220403027,-0.0720677426073508,1
0.24714625862837708,-0.242117278221872,1
-0.11506201305743767,-0.8859309012347796,0
0.9996901169240227,0.027695296215733217,0
0.3099568094972406,-0.5727960624263344,1
-0.08636948564115943,0.02243015055388832,1
-0.30275187520872265,-0.04101345925291361,0
0.7886820543859216,-0.10496522232610753,1
0.05530371310622703,0.2083780416542123,0
0.45907837208458024,0.14131700872700048,0
0.09455336083697746,0.2775040429079183,1
0.150228344791043,0.9503840587494022,1
0.5967990195154916,0.12863085191343657,0
0.05784876964949786,0.0023660619450709824,0
0.4604410210845579,0.6367812683759211,1
0.5017190973795755,-0.4561931810993077,1
-0.5120566195500132,-0.6594559246879287,0
0.36995256865391035,-0.7577859304367061,0
-0.18482863497230528,-0.08266236922212485,0
0.5938008861615285,0.16597756678100822,1
-0.4522053107093859,-0.2291982776620329,1
-0.17032008970143694,-0.41624394683521515,0
-0.09514403564352557,0.0729094905566676,0
-0.14983527072052305,0.2525203752376307,0
0.12843433318308195,-0.6565615037546145,1
0.8490285335350807,-0.5421322138096433,0
-0.2399379995947966,-0.3111143174949844,0
0.4843064497752878,0.22264078400606552,0
-0.38850050192820645,0.8286628789783378,1
0.04289076354141299,-0.5394556990395066,0
-0.2633375139863028,-0.6170223754367403,1
-0.20482090299016747,0.4590865124361003,1
0.7091989301395558,-0.17372302747037122,1
0.5030845912126618,0.6463182731565515,1
0.8666534020663812,0.03760578283964869,1
-0.5189695522682776,-0.15495845569829264,1
-0.09761826230350935,0.08957119895322539,0
0.6737846145371402,-0.6482338457007941,0
-0.6793355340258187,0.480056765225573,0
0.3778219872336277,0.05884993886980208,1
-0.20195366310630375,-0.2332368522151829,1
0.2320185286693783,-0.09559845783129861,1
-0.5367027370616637,-0.06701871771729778,1
-0.010418359530520387,0.27838894178552215,0
-0.4125384814062475,0.04616509040345289,1
0.3110150387335035,0.20792596349179118,1
-0.3858513974309108,0.3851212283473128,1
-0.07618601991534142,-0.04417159491156768,1
-0.17901879004921412,0.30521659137890417,0
0.701809731575938,0.19048930200045694,1
-0.3521916511910069,0.718229241130838,1
0.28410097177472154,0.36711252376732495,1
0.24964959399615405,1.074286220429994,1
0.049290040726571366,0.004695542389587661,1
-0.5207509958992288,0.4407663010522153,0
-1.0454062852271095,0.40102625581023094,1
0.11216230419746082,0.7433591222522951,1
0.3345841317532442,-0.8909937587886231,0
0.42323158491601703,0.19860681475524483,0
0.5323750689892738,0.0328470226762347,0
-0.11599471010389818,0.00855280056416053,1
0.3498700085315992,0.3394517395096377,0
-0.4619559155970656,-0.28070890114070146,1
0.04049762764848136,-0.06391695928004817,0
0.36599979428070645,0.15843878320570298,1
-0.028229260170453702,0.13728633297288798,0
-0.3641651096606952,-0.05085047909989113,0
0.14850620980899562,-0.1440595199800761,1
-0.2689021270570073,-0.1563165709304141,0
0.595953461168174,0.46911000937383435,1
0.8775555152678122,0.01272205432529716,0
0.5136531815075241,-0.11010311366065842,0
-0.23289758973816965,-0.7879278390772722,0
-0.6935478505197161,0.10571448880964333,1
-0.37559716566761253,0.1263371238470727,0
0.5952728476039274,-0.3131900609532996,1
0.11105123817095594,-0.18538610420079393,1
-0.1881914686456932,0.10127569240994881,0
-0.008588527736666907,0.3929139267866286,1
0.10923422628473418,0.05186953987751414,0
0.10854597768575981,0.10689902731454497,0
0.16200629701052532,0.126378080827722,0
-0.5077267103218805,0.055765411653635535,1
0.8478776030145858,-0.08976266441997419,1
-0.05440096045914054,0.3760898140554457,0
-0.5698481496926755,0.21819707450530879,1
0.0024942375744207296,0.2210004505131822,1
-0.9899793250089427,0.5238754826524447,1
0.7258369066151302,-0.3745814889371629,0
0.4913089014681046,0.625261289235149,1
0.074425791827916,0.48845940457495063,1
0.030420802919926188,-0.42798124967472767,0
-0.0403679117714196,-0.5232602988943409,0
-0.106669163399012,0.28649672781852564,0
-0.5282996734310429,-0.08219032139601389,0
-0.729109723808579,0.4051554019392085,0
-0.15560896100143495,-0.7659134516522872,1
-0.14771653249956015,0.1047484961646939,0
1.007875947717514,-0.0516336738130148,0
-0.012061154943222283,0.39301670267494604,1
0.24192573040919968,-0.26380477435057353,1
0.19200083949587807,-0.18990554052838954,1
0.6615107420427733,-0.04684192788022637,1
0.30624219283135734,-0.23110908309204048,1
-0.6541833791749423,0.9022558788997267,1
-0.6271212091503479,-0.2589985874999711,1
0.05589431507064948,-0.08893302240909481,1
-0.09127450757080882,1.0202500967426746,1
-0.2081581869577264,-0.17765705405290974,1
0.09175043412404925,0.6256218020572221,0
0.2532003906112684,-0.09407866013866391,1
-0.5808164832730728,0.7372571601668072,1
0.39662344224313567,0.5312270441121781,0
0.34665234620573515,0.0698342513380682,1
0.10143723147233738,-0.35339506596322784,0
0.5950538176104387,0.1990696938513957,0
-0.3021664347729833,-0.3844899944891412,0
-0.08285084472870041,-0.12573569869640233,1
-0.3473377831724206,0.4501399761297595,1
0.052262448951806054,-0.9442747181872153,0
0.7784171857957719,0.030636822186423045,1
0.2369695767129547,0.5513425597088639,0
0.2247754452262209,0.3570394355900449,1
-0.15745258939213616,0.15894563843360257,0
-0.376388787598334,0.35310789283134747,1
-0.08091626159843676,0.6393292370915846,0
0.5652796535479081,-0.3400554861981643,1
-0.09319325353654392,-0.0159455363520756,1
0.5717968237419453,0.5009803816981073,0
-0.1914831547936654,-0.5134408059719229,1
0.3382626617243318,0.5060540280662463,0
-0.2008171899103255,-0.29063994087015305,1
-0.5391403464422058,0.10701404009635854,1
-0.34723270330706474,0.041689238854675056,1
-0.533118997902503,0.6441277654912847,1
0.18774992505597143,-0.3400440767883268,1
-0.931198884461497,0.24284519120535702,1
-0.4166380320936359,0.5602612325300151,0
0.5807765499747256,-0.08857241115592575,0
0.38647066987682294,0.061061892152033795,1
-0.16648388893022992,-0.4239151762303361,0
-0.5565908863566992,-0.08723887772050079,1
0.32250437607654414,-0.004773976552137229,1
0.23805403003215206,0.07111109066840432,1
-0.4014428756140002,-0.24494219308389983,1
0.6787021408025805,-0.40910937431724415,1
-0.2698429700545626,0.030048784489800615,0
0.4169456974393638,-0.20415072219928745,0
-0.4764404079044295,-0.2391254023184584,0
-0.08641011847406689,0.27951957119177584,0
-0.25197244060155394,0.82316114858484,1
-0.0684480273712444,-0.6096961460345933,1
0.13768796159770386,-0.9372601664330598,0
-0.24543664024758297,0.3568213178854539,1
0.029860519955576134,-0.2459177605472348,1
-0.3788703276650778,0.3004601404685944,1
-0.042689798548780744,-0.585289049295743,1
-0.45494597044296464,-0.3520548997356654,1
0.6798565310932498,0.5158862144218908,1
0.2997893338748316,-0.4826048492860706,0
-0.4755234227370664,-0.11194365302702332,1
-0.2365750312465425,-0.2637626209877241,0
0.30396315573605814,0.040931466525013144,1
0.1111341610625641,-0.38992106011526445,0
-0.3347165538100772,0.8806052565029541,1
-0.31019283242736556,-0.18290945259651398,0
-0.5738965163340437,-0.2535460317959638,1
0.7407486130168082,-0.7048361951540231,0
-0.44935699293775777,-0.2552528707678027,1
0.13795673460565985,0.02859187741204161,0
-0.29882316260615616,0.5182838077977427,0
0.13137298116622756,0.09577351883862803,0
0.14558477272300893,-0.3924769057997637,0
0.06369166937200205,-0.2897995078833211,1
-0.15658429326783846,-0.2099985266531366,1
0.07510346740681065,0.1378881752092257,0
0.6900098397153425,-0.5215977590860906,1
-0.04751366737864192,0.3000405920312362,1
0.8038559288634346,0.6502833475395373,1
0.15527409953085236,0.6249591029011946,0
-0.027416256940910877,0.6216391196682132,0
-0.490347392420879,-0.5050400213081768,1
0.3526048546695943,0.12494330444555496,1
-0.29224720189428965,1.0236442440895546,1
0.5931976154648114,0.47995979536506345,1
-0.02610346775594566,-0.10613330823172014,1
0.35206163888291486,0.33916654508787264,1
0.23800328576368607,-0.14174101311663906,1
0.5956211986338854,0.40424253659633563,1
0.5470125544023626,0.7391724486592239,1
0.46860397779759644,-0.3489839485879373,0
0.8620569744848522,-0.23181843152867887,0
0.05090408665894758,0.16812025421166898,0
-0.36487769578757123,0.8427075167809422,1
-0.25732649882244,-0.5428618670997005,1
-0.05475158641388754,0.7858322841501268,0
-0.2801038179727326,0.9355491391965889,1
0.04109132845619384,0.05466152334434624,0
-0.05869043780990187,0.00587877504446814,1
0.07653699659673167,0.6719683737714033,0
-0.39120520426686334,-0.128537860420053,0
-0.5639716911106145,-0.7518186913151776,0
-0.06942933029213079,-0.5682162283768974,0
-0.8679703180156109,0.3143951924457157,0
0.3687743480502174,-0.7512890040414031,0
-0.21146633685310928,-0.03841709410968684,1
0.07523355839174439,0.45248636507518886,1
0.2172453764208821,0.31771976737738156,1
-0.8821628789549283,-0.4832200914939798,0
-0.42930614170065834,-0.0045639859134253835,0
-0.6124373085476191,-0.11711806981095985,1
-0.31971528239656566,0.7712924944889916,0
0.024945564775349816,-0.5053755862248336,0
-0.5052709569256988,-0.0027422447554247883,1
-0.33815370047996246,0.14739979968307984,0
-0.06064016467372698,-0.48006424576253826,0
0.7945378806339958,-0.6446232538768455,0
0.16181951489101876,0.3861630665323166,0
-0.041509565874422755,-0.32191365811718237,0
-0.41404533168535,-0.22738190615601148,0
0.881815958967259,-0.13164665707133857,1
0.623311489475567,0.38672350989912846,1
-0.6375895872396645,-0.09513771230876994,0
0.07269175919524892,0.10621425334569445,0
0.23754308293016246,-0.011186975621405429,1
0.6741394591054253,-0.0964785135373083,1
-0.5773222208812897,0.08049484371520559,1
-0.5327936722661123,-0.443615988270222,1
-0.2926378712429246,0.2590173187352103,0
-0.13389321972147236,-0.10680485123244902,1
-0.5464759867557932,-0.03729112748837833,1
0.0058325819316488725,0.06523951422151796,1
-0.24285900537583527,0.18702551646323778,0
-0.23995945015028036,-0.585631950548359,1
-0.09991869676784994,-0.08464170384840448,1
-0.6866690901960906,-0.45878795693496743,0
0.5439997260441816,0.24891375534826582,0
0.39739493042421337,-0.6022195391608834,1
0.06415376341066747,-0.49672638511182277,0
-0.18170602473684078,0.5157876275932951,1
-0.0711776059964945,0.7104133536157654,0
-0.24799399606763994,0.28581554754494193,1
-0.5583787555342123,0.4294756017330852,0
-0.7834767538884637,-0.018723066375357714,0
-0.015963470500559823,0.46840823976101265,0
-0.23193118733312448,-0.4321374343591134,1
0.23329770237728392,-0.7635039385118624,0
0.6849624850513009,0.1975944098750336,1
0.13900642226521842,0.8685215633158295,1
0.07792566626300748,-0.7834973702689946,1
-0.1428170253244585,0.08573592464944566,1
0.6785915962040537,0.611473346581316,1
-0.7446912681148089,-0.3006571380621607,0
-0.2642617636420866,0.15297181140235777,0
0.5150241403673006,0.615214398334631,1
0.6634896288902119,-0.41019334755202425,1
0.49195554070190267,0.45139180522168976,0
0.31801286001533285,-0.09043173064077656,1
-0.18319874772990308,-0.44963863852743824,1
0.6146820920869307,-0.007615395091956509,0
-0.6827936766316344,-0.4956888127654318,0
-0.431231304172757,0.387335088263504,1
-0.5428529576808251,0.08941333896843381,1
0.37982734247510486,-0.31384122169249506,0
-0.7471930357977528,-0.04325892185165583,0
0.5808681780888449,0.18997267425269285,0
0.2677062411983384,0.6645164269669601,0
-0.4158812393003717,0.11812044016919886,0
-0.6094002166119248,-0.3978952844991158,0
0.03302145000821502,0.28986027555465066,0
-0.41332144356645956,-0.4639703121625921,1
-0.19498673322807827,-0.3220240738754285,0
0.31589505770338977,0.18822805388752747,1
-0.2977731200210086,0.8887151518328441,1
-0.9208329609405145,0.11515049445356365,1
-0.02158568550944951,-0.5002101873396696,0
-0.08522367782539704,-0.00851238656935635,1
0.3224491084949537,-0.17859127925134272,0
0.3680555295155385,0.4163892596623453,0
0.26975337629150203,-0.3126579521347138,0
0.1655819502792183,-0.09993036327245773,1
0.060862124410594735,0.08943038446478078,0
0.2681417701835396,-0.6497437363210752,1
-0.4417493870431277,0.1516926058246485,1
0.21114631736202355,0.6746137346174963,0
-0.4602049586961128,-0.39717431286129984,1
0.2265392819459527,0.4558819667123946,1
-0.4978805491728318,0.37855979698333486,0
0.7802306136255669,-0.7802837843156297,0
-0.251240780995086,-0.31120429636386737,0
-0.3105283637235414,-0.6513991218180795,1
0.309601885029162,-0.4088490930875037,0
0.2301111901054632,-0.6707248076108864,1
0.5067111080999418,-0.09324974695600974,0
-0.14776978007725997,-0.9061925430830009,0
-0.482845446513811,0.21786702258655613,1
0.06692807428499178,0.9332831058870438,1
0.012031460919879111,0.4176510271795846,1
0.2266924949940976,0.13692984380489487,1
0.1856298461798528,0.2943986182884516,1
-1.033967871690614,0.04949519029932781,1
0.03652093456096134,-0.7239383269703362,1
0.10516170432726132,0.14455443334246965,0
-0.12543831232290942,0.16364463097129298,0
0.12551637457954243,0.10454588103496616,0
-0.017954726136559324,0.010236922420079078,0
-0.5500551502468236,0.5994401987873836,0
0.17261471287584423,-0.8002599377671974,0
0.2543159910574519,0.8267714771102745,1
0.1494060348447076,0.1744976697513501,0
-0.5822339833214214,0.1580500062344124,1
0.9269020245968669,-0.16859491866311693,0
0.2091620973797424,-0.3043967085083664,1
-0.3680336151999837,0.17887068026544622,1
-0.17104039025395434,-0.1198977174618388,1
0.3163822488660207,0.04885738106911744,1
0.3127067914151072,-0.42959565943705436,0
-0.472754764452325,-0.060877966965568756,0
-0.22630016937780018,-0.030237012389721277,0
-0.17889690053687557,0.5564640578028102,0
0.19212611278602304,0.6178665335318017,0
-0.13470446332828664,0.602813701568454,0
0.11284568085931275,-0.838877641256603,1
-0.010212659582288008,-0.42123851468852574,0
0.3098430826798693,-0.11491814155611511,1
-0.7372359000780351,0.628867073413983,1
0.9275580446785008,-0.04949938920375771,1
-0.2890541443373546,0.15639001298486976,0
0.2756442673830789,-0.07911157036253581,1
-0.08367247944127952,-0.19368470756158043,1
-0.09040685065980837,0.06398868459109587,1
0.09062777718533713,0.08372094284297993,0
-0.37975288758507875,-0.15572129197253987,0
-0.7356514279773523,0.4728700889582746,0
0.7825029018465295,-0.6420594436567532,0
-0.6766058256960646,0.06616787115438348,0
-0.1832577235267594,-0.3675807399154716,0
-0.3166028217097632,0.6712365992508647,0
0.16338215644406662,-0.11804304014140027,1
-0.10589368151048405,0.19762111506025073,0
-0.3030779221198553,0.012710451574830018,0
0.22318528491408532,-0.2833441355666946,1
0.1045616146197805,0.23951489910601972,1
0.09824807679056441,0.2237299097650087,0
-0.3822440212389352,0.012618259649399506,0
0.41194671612265127,0.45703502118634376,0
0.8658822290680963,-0.2891908299047405,0
0.14799092651841472,-0.3349360182977521,1
0.2997007181386158,0.25819464810710235,0
0.3130612117098113,-0.34054094483124886,0
-0.19611757784084766,0.23578478116561014,0
0.15070597611191344,0.7714768283357754,1
-0.3999976212747427,0.21205025511648232,1
0.5039330804981632,0.14623194740092876,1
0.7119627792704971,0.3862802646746278,1
-0.4593950960348619,0.8978345928772923,1
0.7823852444945935,-0.25459880704958837,1
-0.3373976290397082,-0.6491875220847968,1
-0.4708296097925828,-0.01703440119728066,0
0.5053782810742701,-0.6198843752904813,0
-0.3743476045137583,0.9106954050086452,1
-0.22771037349724363,0.0959031847015286,0
-0.17935822965483844,-0.37823120882239103,0
-0.7610595629187606,0.5541540770748095,1
0.5264724833487548,0.4354062882737705,0
0.5682486707678622,-0.6728420686381207,0
-0.6066614781915187,0.21538720034879666,1
0.31017585337914255,0.05450171651197347,1
0.6397687495108174,-0.04506511839187082,0
0.03795132959971562,-0.9045415803712531,0
-0.17337778367045914,-0.228636439699453,0
0.5961055038722792,-0.6786912870160285,0
-0.5543589743603732,-0.32399194004010257,1
-0.09776075857668554,0.09386749800427183,0
-0.24017701702925187,0.0844581371965234,0
-0.490138873847713,0.15255440972434658,1
-0.48199472752954875,-0.6872514267967166,0
0.8504261186889897,-0.40724565867232765,0
0.8803436197309542,-0.5869676468331602,0
0.5133321759143715,0.44248788049121607,1
-0.013068282658144914,0.12186596853605378,0
0.07171727497890104,0.5483614419073088,0
0.6028261335194293,-0.47499147320579443,1
-0.1003756189355925,0.780716572476205,0
0.014749272011986031,0.3749541944267687,1
-0.870719786807985,-0.26635498000309277,0
0.005148926811183577,-0.22903486223434805,1
-0.28780794479453764,0.29021568348430116,1
0.10736417932917884,0.5342126198952636,0
-0.032418959657183645,-0.2613955212390128,1
-0.062303539141418125,-0.17058990902855686,1
-0.14552428714271715,0.016411671247272108,0
0.09753709621968122,0.5548415146751519,0
-0.30283916859632926,0.2280846445144901,0
-0.3438981876124117,-0.17679404232317272,0
0.3291159551765524,-0.29821071217134953,1
0.025405258198446648,-0.30215507384012597,1
0.48785548355582414,0.005955530789774746,0
0.5376582520228823,-0.48780754208377397,1
-0.2831909645636205,-0.5328542147576696,1
0.46895223220877963,0.7055783693177522,1
0.02682693515303619,-0.9425230061627661,0
0.08124425262442593,0.4077233345959012,1
0.009387255868660696,-0.2610508670343647,1
0.25241069850112663,0.2802763249451577,1
-0.7788836824217257,-0.33934884979615826,0
0.1589795009147567,-0.4747341224781001,0
0.6008574482739901,0.48172391196210973,1
0.6633440673961939,0.3664895477065677,1
-0.1392071239332553,-0.10746198257259776,1
0.24629839164427209,-0.4084966805917405,0
-0.4253341001585726,-0.5711089770948018,1
-0.49006107135926424,-0.055933416882744856,1
0.17487161251538652,0.2306144858091537,1
0.42656640153080366,0.08059001764318895,1
-0.40803672328121016,-0.2167393050780929,0
-0.04909282656524853,-0.06295432878556637,1
-0.16722970205702914,0.750905530940685,1
-0.19017230707274213,0.262709730132865,0
0.2163078184950421,1.0130312166778312,1
-0.10042389714705663,-0.6000473264475686,1
-0.4002449662075272,-0.1738360108255134,0
-0.21455219993639216,-0.33216585837217405,0
-0.6549044297556659,-0.5648666824174798,0
0.9024517132884553,-0.4090364985195083,0
-0.1607376348183403,-0.4791870463304788,1
0.3874191789805305,0.13387132479993774,1
-0.006656840139466755,-0.542557400826738,0
0.04962925699639436,0.0722596568192655,0
-0.03705233824989401,0.20329917416646645,0
0.9438802488870154,0.023260019142504487,0
0.3599426399165522,-0.8551959729612628,0
-0.14580583367695957,-0.6074711146430569,0
-0.7956952259302402,0.6554455231971844,1
0.2652350255351203,-0.7960093780899499,0
0.23785812813062188,0.3062360201348543,1
0.23366167343954886,-0.01812300880819509,1
0.9660397308247266,-0.26183444160485253,0
0.49430708047843247,-0.19838963996228334,0
-0.5787117130402187,0.4542026262965278,0
0.9544544409098206,-0.39781561405090476,0
-0.009950575257004109,-0.20262179144327236,1
0.3461960970418724,0.23620337577674133,1
0.3838250156010572,-0.9295023303003861,0
0.34964824138681533,-0.4470629115649387,0
-0.05548471308101539,0.5953285852518679,1
0.6849175138711158,-0.5982744423089813,0
-0.23614135578506937,0.15752432436337677,0
-0.2793973022555139,0.6082467566538602,0
0.5392459584468496,0.2182257193118955,0
0.4084590346842869,-0.564527765974323,1
-0.11604907725769235,-0.14864680861071966,1
0.10299604013556833,0.19894948599917262,0
0.41617580166708595,-0.34695739422037236,0
0.9992501074662704,-0.17527229279577844,0
-0.1026928139167759,0.26704817766414396,0
-0.04096826058498116,-0.05285852196517206,1
0.574380624901938,0.15108758417501916,0
-0.7005236105861029,0.3258178209393167,0
-0.22011736896642903,0.8837968658353872,1
-0.22953039672692063,-0.11048997840517027,0
-0.8239330609683019,0.43448431564889867,1
0.8500387215641388,-0.20871468121150366,0
0.24772577699246587,-0.661963543972853,1
0.0012928755764502267,0.21939293340587662,0
-0.38275454585753343,0.49109682043777714,0
0.2145873088610983,-0.11841189620333278,1
-0.22680337327279088,0.379382045846205,1
-0.421609204620475,0.32304920606826487,1
-0.6239743345248732,0.12329867083833096,0
0.32356114542761594,0.5262970140269714,0
-0.14909635883227354,-0.01671027246543943,1
0.8515211770133699,-0.03159435658340151,1
-0.3976129163368213,0.0841934689098772,0
0.5256606490280811,0.16829292406523721,0
-0.3726185520217854,0.04011884568728779,0
-0.38067876490038677,0.1817953691572511,1
0.06584358390967839,0.008938212001209006,0
0.3885444210811711,-0.8666830546518285,0
0.7806884675253903,-0.1966027843202427,0
-0.3284521013684679,0.8273432556200855,1
-0.9231377763826664,0.14527583961614537,1
-0.5661594484508377,0.06580182503166154,1
-0.7432238735114117,-0.022359373621993396,0
-0.048362994871731665,-0.005125179662864909,0
-0.12192311749731866,0.4254373792233992,1
-0.2534886761873582,0.009238221517888771,0
-0.3845910729692412,0.6770460501278163,1
-0.03775929522260403,-0.789478814072603,1
-0.08101710040838492,0.17522615241226894,0
0.6062874824877226,0.15839795912792273,0
-0.06851593369533862,-0.5288737763890731,0
0.4567061531078975,0.853104256308022,1
0.03408319027017834,-0.17191548926555145,1
-0.6838910167019513,-0.06743733552342154,0
-0.5640479500839952,0.14958999353387778,1
-0.7390401684311165,0.5105224630241223,0
0.7178239564365838,-0.24150013527313932,1
0.10246224354937447,-0.4855430379322112,0
0.8287575645044504,-0.3770173199602358,0
0.25043239194625383,0.04718411207893994,1
0.1931644044821802,0.42729639478047354,1
0.5616753534358583,0.12921977084878278,0
-0.6740452152631644,0.06282528098838491,0
0.10273480997717113,0.41669129429987106,1
0.19993686986724427,0.5812766672641313,0
0.251202394348636,0.5616900075928536,0
0.33724123621052887,0.5280436296871959,0
0.6184673081016737,-0.34903629848904116,1
0.7942671704187536,-0.2599069267886369,1
0.6380543277109237,0.12964183865458181,0
-0.4055832810082918,0.14722294859375779,0
1.005955526101629,-0.07621464602581496,0
-0.08163171218378547,-0.06696392063363606,1
0.3691146574980252,0.3712541696454328,0
0.5698403534074165,0.05489381199521606,0
-0.08277099506192857,0.02827561212921184,1
-0.8206853913697054,-0.08627641297744826,0
-0.2646424487388281,0.011084675985483043,0
0.7635282589273032,-0.7129884559959552,0
0.06963323950844265,0.7943576291550064,1
-0.12422968727484097,-0.4660176688163609,1
-0.022744350489060462,-0.9177006360175587,0
-0.49916125648205634,0.219810603221551,1
-0.09421608443632201,0.194701027555543,0
-0.11489005323658437,0.0750471598226129,1
0.4299970304904759,0.3694479851830849,0
-0.6710700043785354,-0.08302288182473859,1
0.6659399879372212,0.36131375179167935,0
-0.14437139132397164,-0.6083605749092102,1
-0.24874540847637183,0.5674637699124294,0
-0.22227071600531814,0.7697539456575953,1
0.8588284870964814,0.24209416111232804,1
0.3722579843989078,0.6935758538312901,1
-0.581498753191587,0.2865875408604678,0
0.014526540966859484,-0.480207062082459,0
0.6658433459788251,-0.46089176249658315,0
-0.14268026977554846,0.4650704553692976,1
0.23560622683896013,-0.5475053084972104,1
-0.47356551549875375,0.09545933981879784,1
-0.7628823782965473,0.1405861729968521,0
0.3306750072101412,-0.28761653736052456,0
-0.4320430731122596,0.5722524645621452,0
0.036117955905936014,-0.4652896965028932,0
0.6729408553325537,0.2175836045162201,1
-0.32254243418038997,-0.07110880249715767,0
0.11693544680835284,0.7132524246369322,0
0.19949508694855916,-0.8654614240817999,0
-0.3228105472285663,0.5452501443283563,0
-0.30355228082334995,0.6037284187392696,0
-0.3486902222234231,-0.5881638206873468,1
-0.2816978752576713,-0.10486512540316645,0
-0.019148017681790558,-0.1746145064585148,1
-0.029854474522457656,0.2430991012652273,0
-0.04508391054205656,0.5319785090080765,1
-0.989338811016864,-0.015203765057088084,1
0.1397948994586618,0.24315085468846057,0
0.02944094307459237,-0.45515057242142926,0
-0.14376054884308992,-0.5196981724419532,0
0.4089618647183352,-0.8613756662253098,0
0.7815997969726751,-0.012917528524526545,1
0.06636669520401066,-0.4704883822742472,0
0.171529534031519,-0.20836108161511485,1
0.12833811891568359,-0.34528019573807284,0
0.10906876675670296,-0.2177092690251576,1
-0.1917621875107615,0.42005453846272756,1
-0.6121793137152136,-0.1716045216290027,1
-0.28256153814422846,-0.6361029857017758,1
-0.4089651060543873,-0.6704696852772186,0
0.26775610209440825,0.7151030472082311,1
0.08752328568135173,-0.30351317992509913,1
-0.05751918518038696,-0.06646677839345953,1
-0.04959883855378317,-0.023950481579589372,1
0.7670708507483767,0.33746961771742284,1
-0.7788059991109337,-0.04375301335517005,0
0.557187060219802,-0.2669581128605819,1
0.14924620945494485,-0.14007548723434762,1
-0.18925401543256665,0.4665782298645804,1
-0.8521238361109773,0.3296985947343693,1
-0.3192456584093596,0.08225295849485184,0
0.07060818313083919,-0.019497740409199188,1
0.3688385749807061,-0.9272920303885183,0
-0.09815991073909716,0.437746350521197,1
-0.3679916269999297,-0.44420132528495404,1
-0.25508402664794505,0.1882049303301988,0
0.0012131040544495625,0.25151823427638953,1
0.7591587502978231,0.05660344279045684,1
0.08487602108260446,0.08169372270413666,1
-0.7235119147690826,-0.3815635016029868,0
-0.04020904066772531,-0.21356496828123914,1
-0.13849407632841576,-0.8230526534622079,0
-0.07283879652918732,0.40447343345774406,1
0.8588168303683466,-0.23943323354299462,0
0.2830888038235704,-0.16307719645655783,1
-0.31510026570643057,0.00970591960294881,0
0.30290245607090305,-0.2040454971442054,1
-0.09636141653920405,0.7567031580348953,0
0.27960305239562083,0.25027655610486443,1
-0.8177693615024505,0.15192326174389112,0
-0.02326373390548525,0.28898633502569715,0
-0.547344540257526,-0.3056477326966251,1
-0.09961113048668213,-0.3519011901407034,0
0.32089689547068356,-0.21503219096201598,0
0.19394869176476087,-0.29054360198029905,1
-0.739406990098258,0.4878762013830038,1
0.4276336239425635,-0.3580290346385087,0
-0.9856656550071401,0.4773391848038605,1
-0.26092078203425595,-0.7910196852109841,0
0.7365495364134966,-0.11241925290173083,1
0.22050444308380404,-0.3887043718061604,0
0.4424854999953994,-0.05602199488570489,1
-0.026678698449769764,-0.25028310213345223,0
-0.5810042611254709,0.19385615907089712,0
-0.9158865657426555,0.4548110330140353,1
0.7050637629313361,-0.49089019352930563,0
0.8417872621284378,-0.5415209465958271,0
0.11125449550881973,0.2984369248400779,0
0.5177415742982944,0.11910979401599903,0
-0.36396641186667933,0.11921395583495034,1
0.4011477523836084,-0.36677424482869525,0
0.3878546259435197,-0.033239634189162426,1
-0.16548024995493416,-0.21725001772692631,1
-0.5345448556110741,-0.27156898321986467,1
1.0469115301536671,-0.3460860354869801,0
-0.23217556106954773,0.6408458406306069,0
0.011732924074757442,-0.058001971219555186,0
0.5840789197933196,0.5310220569107198,1
-0.049546914227589965,-0.5789497169159399,1
-0.46719077295161804,-0.670094689984183,0
-0.208247949780332,-0.01674633976146415,1
-0.03217700299505812,-0.05930229182794558,1
-0.3220104065436441,-0.8418640850147922,0
0.7993633401301212,0.035342898331562594,1
0.1861833806169655,-0.21713332087129258,1
0.06620188057168995,0.24471838825690997,0
-0.22052224231654488,-0.22526666807163526,1
0.5983709796876312,-0.12873326256749237,0
-0.13872245722735532,-0.5056872958958192,0
-0.18368843205464808,-0.32635041085227684,0
0.5257804380410405,0.06029204550444818,0
-0.28198884754069814,0.2595745340235872,0
0.6842442994057895,-0.13930511997350642,1
-0.5732435132332468,0.2496435721569371,1
0.19161873371382104,-0.2823999170021215,1
-0.7106511422692682,-0.40936509163140666,0
0.1515373848977417,-0.37475153496754693,0
-0.19485071074741772,-0.16884212214284966,1
-0.08252998672284027,-0.2403579444076748,1
-0.4109501406651228,-0.7060363026409108,0
0.6928883002319045,0.5513359464359047,1
0.0742377335891801,0.5311793898152104,0
-0.555902895603649,-0.5552994061436591,1
-0.03109426490707884,0.3782232757327847,1
0.3538548898866962,0.30180051122250423,1
-0.05174196121913768,-0.6287693888739972,1
0.08136554758128921,-0.36186806097307667,0
0.6839425334048922,-0.2904410570797323,1
-0.11294337366021492,-0.450605604819662,0
-0.24773341387522418,0.2034250671909576,0
0.47120456036436686,-0.39566230806244534,1
0.1336107569448942,0.7272026017040603,0
-0.08056410210812937,0.22380498089240888,0
-0.39077583004659455,-0.9263888099595646,0
-0.9655117179785975,0.42425649792750775,1
-0.4421352235590991,0.04199592550112821,1
0.13679470886447243,-0.040013399216436304,0
-0.243498932522053,-0.610163858796229,1
-0.06091488856715702,-0.007306703839227369,1
-0.358572610564614,0.5079520454997456,0
-0.5704541801345702,0.7660035949918759,1
-0.10248016892960199,-0.43087290489181834,0
0.14611146427786117,-0.2968152111949337,1
-0.39366681461363984,-0.4475803464404253,1
0.23254188328459705,0.2507225714051099,0
0.10568432226582858,-0.2581634153711374,1
-0.6854661468031497,-0.3019328027071529,0
-0.12001645426124041,-0.2684810286681818,0
0.14085388083037456,0.35121736712037166,1
0.7554676529083293,-0.21382213704957356,1
1.1523144111128374,-0.24074225993105197,0
-0.43108081843363744,0.21807770793842793,1
-0.005639777372900431,-0.2707314856584521,1
-0.7880118371864951,0.21931468332399875,0
-0.2931223396430282,0.22762392546939608,0
0.4383005920167473,-0.27245946450439246,0
0.14694092048041124,-0.20619571098351763,1
0.2550028086041977,0.7464906536628095,0
-0.19490447286092166,-0.8671222630129842,0
0.1929444353244172,-0.3923976047816513,0
-0.37645767254887136,-0.35390723387409145,1
-0.057811295782398034,-0.43074089744983496,0
-0.3067221736871896,0.4972828193582503,0
-0.07757108858736911,-0.1697707248603541,1
0.2436863171823021,0.8793225545344829,1
0.6145668689025722,0.23128004312459527,0
0.3904312001774058,-0.1700694428521058,0
-0.6313067220061575,0.35023576953647784,0
0.27540843174027263,0.33199311114971525,1
0.8857700712443649,-0.1380467106524884,1
-0.16717654441776797,-0.22688315825786742,1
-0.17589854379872052,0.1549975995563295,0
-0.5632838243857516,-0.26566786656585417,1
0.5820360182851624,-0.18190269274508636,0
-0.2947935588678716,0.14142933906352637,0
-0.584507465768744,0.373519498126478,0
-0.9097421692122004,0.6487976300706284,1
-0.4591742582144887,-0.6046965000951519,0
-0.17633618554979,-0.6691129651273097,1
-0.9841179523339466,0.28045796565034253,1
0.230475349700905,0.47180910257573067,0
0.04754656353917023,-0.07876351054450847,0
0.006537295431105317,0.15853853843080115,0
0.6665800923255715,-0.2754985640696025,1
-0.7480638508673231,0.46551001357814303,1
0.3284405559507529,-0.3644558996617364,0
0.19798037655581785,-0.602647658558595,0
-0.1939912086312619,-0.5120683693066329,1
0.09152883199162892,-0.19019068499317662,1
-0.3079129664098997,-0.2799705643903404,0
-0.3498183811217782,0.28605422636373024,1
-0.47247283913033483,0.1287740343286956,1
0.10614478379726935,0.24414874014989899,0
-0.21391990305816078,0.5127597579126468,1
0.05830249193717088,0.18389488659372602,0
-0.400584083350454,-0.4142599726881323,1
0.27169003411408055,-0.39990870175494597,0
0.6488652735593554,0.09154038491626129,0
-0.1898237521194267,0.19989716019148446,0
0.07490073351332648,0.947040696871221,1
0.04225856131439266,0.18798066585517056,0
-0.5853478264162393,-0.12228877751005396,1
0.6506646601595555,-0.12728729366318975,1
-0.177941168041501,0.027951176153918122,1
-0.11159063682378709,-0.4056850263590285,0
-0.6720477586048368,0.1143855468780025,0
0.4848530082936403,-0.22966464275772192,0
-0.18982778899464248,0.20514294771115354,0
0.203157572070172,0.5547158021086207,0
-0.23590517231610245,-0.6689919475207456,1
0.3232788629640323,-0.505469375698514,0
0.10094882920986062,-0.062148250671694424,0
-0.2624106498383032,-0.2515879684712117,0
-0.6836244640851952,0.7914419407549491,1
-0.045384698634402025,0.2754451229741211,0
-0.016516894848829317,-0.570629575131135,1
-0.9681959805268526,-0.15660541254818816,0
0.182128372957455,-0.5385218553517575,1
0.0414673324250391,0.4011582981813341,1
0.5439409677930583,-0.6535227321912161,0
-0.24848049816159012,-0.9166890355943484,0
0.2690517259749355,0.9269904490575089,1
0.19462576901675713,-0.19274437607332204,1
0.34412239347718204,0.8438810611823091,1
-0.8311870855412445,-0.14325349482494049,0
0.12276547558790994,0.12244172585374903,0
0.6224252814514073,-0.38598743915280564,1
-0.7323503270927005,-0.28170519236110864,0
0.08985942829874997,-0.31922006844267714,0
-0.5785081630919999,-0.321244070137324,1
-0.13664739309962914,0.2948200256849244,0
-0.38125592397206387,0.14913765364893267,1
0.12925711607694831,-0.38610869968565775,0
-0.9594091397812586,-0.026361625427700656,1
0.6191077613580861,-0.7684561689970774,0
0.07185111982703368,-0.21555863281233772,1
-0.19508788368654828,-0.8796478649067218,0
0.01796533622750361,0.11970805219394805,0
-0.30471407918306675,-0.29633734122758104,0
0.3069521008504567,0.20497737096102653,1
-0.04404165607258903,-0.3146989029415793,1
-0.6739004394150829,0.10380114442881754,1
-0.416890137554993,0.18588229189034558,0
0.735558642880219,0.44894417289298916,0
0.06435495804388594,0.667590130822608,0
0.7275294404854491,0.5447570511509118,1
-0.06109820132005598,0.30976760265697995,0
0.0008952068244826444,0.05040061165266528,0
-0.14108626726851772,0.7037986885867081,0
-0.23737309999198009,-0.13312143817465685,0
-0.4093447147839137,0.8134327375565515,1
0.30829269697258627,-0.5917611975286434,1
0.12510817485073694,0.41745706374736835,1
0.09296171276596123,-0.40698226727047354,0
0.1782902538675627,0.6943233075055592,1
-0.2778689072720007,0.11655196906845333,0
-0.2929170424570122,-0.9040632809350616,0
0.9012317543408334,-0.27639777855324377,0
-0.6053983917742266,-0.16764555367326725,1
-0.21193351692541107,0.6915343021821441,0
-0.5712195248162459,0.14433519516759527,1
0.3271151242138615,-0.09576544887635695,1
-1.2437148634319504,0.006105898238397425,1
-0.4478076453271966,0.7777474140142203,1
0.24341292939873163,0.20623668555626867,1
0.10437096515250487,0.017037389777616877,0
0.6867440705781622,-0.41150192605210933,1
-0.7930399055449425,0.6407808986015584,1
0.37721021083441314,0.4366278836984324,0
0.05107106027043081,0.7073022350271508,0
-0.1565834869246177,0.1430710212993539,0
-0.1278046314390086,0.05026124386459069,0
0.13756090676129984,0.7241423887216344,0
0.2437918171506408,0.05596886599024223,1
0.2993132718396859,-0.3983861631294943,0
0.31021941996758234,0.576052992422524,0
-0.4796304560752615,0.47837810594542185,0
-0.5810523103067577,-0.12587894382545797,0
-0.12972009461778897,-0.049610724105453294,1
-0.7908038584054016,0.11062364575657344,1
0.29294258936848394,-0.6509198433358248,1
0.12214622518408771,0.7307450626267195,1
0.3263989652932859,-0.08112837945933217,1
0.5927603120738593,0.654123136566125,1
0.050250411528044325,-0.393239002188736,0
0.5247121420085744,-0.628877224862473,0
-0.20914955536071525,0.96108933434891,1
0.25758539359442284,0.04907102233138589,1
-0.263114891524688,-0.22744428655725923,0
0.7809107604871146,0.08253533899509749,1
0.10012158877340183,-0.49883421311448956,0
-0.8475054712511065,-0.33561157671066166,0
-0.3873861152241934,0.37823846477265977,1
0.09825924144200725,0.07595878762568908,0
-0.08108794538217814,-0.3029161299681953,1
0.4147225232365953,0.35227768164270323,1
-0.06147615474239226,-0.5916382271366725,1
0.15741249766325158,-0.34472349445518924,1
-0.5824302572912582,-0.04736520626165516,1
0.18161088268150488,-0.4823445037000522,0
0.37141484447480727,0.8306664207627947,1
-0.16773960804872343,0.22020702671078343,0
0.20159083027197958,0.09529613805240081,1
-0.6789537181357738,0.5288190946840013,1
0.23300298780564835,-0.042564443400180965,1
0.24038091447675033,0.8127982575693525,1
0.9431718281176513,-0.3975906694094443,0
-0.010901597330723309,-0.4999789073807274,0
0.30704714154485946,0.014207547613401685,1
0.37950545584852546,0.8188859572898339,1
-0.10606623756337974,0.4939908540766246,1
-0.46663952155904165,-0.16491725100498567,1
-0.02591837029113192,0.18621863720164814,0
-0.09494274993173767,0.426219618209519,1
-0.03435121436323741,0.20079167099934775,0
0.45609631382467963,0.4258282540774199,0
0.4595843383768339,-0.48260667954599473,1
0.5527289043217173,0.6860975924854679,1
-0.09666844047772628,0.19214335108987174,0
0.43204068403932444,0.3091095133888145,1
0.33890648083728697,0.006466935382514971,1
0.0016572726555856288,-0.11432146532284025,1
-0.7496436191557819,0.20992264294387508,0
-0.7423259244644992,0.420225757455997,0
0.6796974935214073,0.37132189754272793,0
-0.05729469226483841,-0.34974562955251837,0
-0.25738517521428494,-0.5436122278265574,1
0.9461088281040863,-0.22593016035515923,0
0.3717254388690775,-0.5538850389572413,1
0.08135280774221115,-0.42083804476240017,1
-0.430919905715924,-0.7487576265983248,0
-0.48921134113074244,0.4618941466231406,0
0.6569388421048438,-0.6944364556447854,0
-0.8380006928735261,0.01402079006657557,0
-0.7670147385845093,-0.41692370340188317,0
0.4945656820303564,-0.03512452338138944,0
-0.83275997056739,-0.2939586536379655,0
-0.3804200402379507,0.10323379665008428,0
-0.2594732139032472,0.07457762332682952,0
-0.5969734638730807,0.5062214246627239,0
-0.06715726879650911,-0.6579744414380275,1
-0.20248967243927463,0.10703111612040263,0
-0.2058309629320954,-0.40596300159393417,0
0.30356576407152835,0.19454305118476303,1
0.15803131144285498,-0.1965456580366546,1
0.23419148094512843,-0.005205185799517696,0
-0.16372011911896053,0.41458786588175695,1
-0.02622563856543446,-0.849612258831381,0
-0.7675413625959049,-0.257426443501233,0
0.548653418293488,0.04861112164896095,0
0.32181066508633016,-0.678028703236055,1
0.8554402317262464,-0.6222632464915576,0
-0.05269895388006823,-0.7019301229126702,1
-0.5736322909598794,-0.11146809566498535,1
-0.16037931571602604,-0.7415694664182578,1
-0.44862442101607825,0.2290081726513484,1
-0.6147836660582121,-0.42729467222239426,1
0.6203484801464273,0.28868158245528797,1
0.3396368909251368,0.37953859710358073,1
0.22961567018558846,0.862066881571759,1
0.4579661656517578,-0.6215708044544813,1
0.07526271345114448,0.07796314946791699,0
-0.4937205100547767,-0.6768146842553061,0
-0.6768945002254875,0.20934815787438626,0
-0.11204215735320945,-0.4221295722659224,0
-0.6636952863214711,-0.379873770494165,0
0.4497073023901212,0.1697507268159077,1
-0.38129385547415146,0.25601845109753757,1
-0.001092958744387279,1.0379506360016213,1
-0.5106756430750508,0.4545920769619297,0
0.22522121275909884,-0.05000339982217632,0
-0.14727229430602692,0.32936952450270207,1
0.5843134334794496,0.6140957767948217,1
0.7812076210414083,-0.05901629160647314,1
-0.09288750112472459,-0.5635992499311888,1
-0.3680829932130006,0.39436650424223385,1
-0.1088435906512353,-0.9412509577046377,0
-0.37278451627358244,0.7997264875675311,1
-0.2209008260583465,0.08666851657491774,0
-0.6536160681667673,-0.026915586033728546,1
0.13332885792232455,0.684149033061827,1
-0.5291377068692433,0.07450446545251754,1
0.1667231848901762,-0.3338827292229054,1
0.451720895808229,0.21316956495651784,0
-0.05725589837889144,-0.06621031908671078,1
0.7667906589970438,-0.4541494994912467,0
-0.4358267884006493,0.384194943636464,1
-0.3901511775156774,0.2975405168855394,1
-0.4606011590217412,0.19686868534359814,1
-0.08193933918262754,0.20112821240957962,0
0.33401558999378855,0.0868521454477744,1
0.5129888094503553,0.47615881119907627,0
0.0686513799224332,-0.3946522925483887,0
0.22385581661746262,0.8355197650251561,1
0.7237090870548493,-0.5248570001813272,0
-0.30509605746137847,0.8287217384994762,1
-0.012306343634865703,-0.3737383254784068,0
0.43701270982446727,-0.5919147171743653,1
0.17657165106486097,0.8548781959254533,1
0.7076872251791994,0.25812901103519587,1
0.2717260818501457,0.22131287275039366,1
0.12630639586781012,-0.16628420413474324,1
-0.19497289056896974,0.5412790765312241,0
0.05485445357507421,-0.2972036942552113,1
-0.2312932901418222,-0.6984425228368667,1
-0.6623416859773251,0.5426788245122496,1
-0.08490158095076013,-0.10625162834537319,1
-0.4782533989353164,0.3583417582935903,1
0.5452280585604786,0.1900211553188667,0
-0.4272131277916685,0.5950957957397633,0
0.7644906248660801,-0.20667120359452393,1
0.04846155814355924,0.23814964834568644,0
-0.1907563654644221,0.314166464339353,1
0.3785485501531611,-0.37085924898092626,0
0.10659508940184767,0.8459540629297833,1
-0.5494091228167923,-0.2195844623964645,1
-0.08835760729967204,-0.03832372012766769,1
0.6183200409026357,0.11149202473668889,0
-0.5285849773728166,-0.08337256783285756,1
0.519775671529145,-0.7540841694271592,0
0.02346268142434861,-0.08897727482529484,0
0.2288985521343875,-0.14380522690683034,1
0.10338421097507751,0.22098553480941163,0
-0.4711567468253418,-0.7081144640016988,0
0.20599381830810104,-0.38735912891176516,0
0.3401704002528833,0.8012358063043907,1
0.318702144898403,0.8124236981610831,1
0.5409756043815029,0.8215497728640593,1
0.7271686301101016,-0.4361772706929114,0
-0.07049618505213945,-0.45280719189784663,0
0.8344613643788047,0.4889587088636803,1
-0.12589643492265612,0.9667822252606484,1
0.1919211516771441,-0.5148657665735905,1
0.5722078322323513,0.5456963619496812,1
0.4854149556450088,0.07925455680411955,0
-0.3098795824497612,0.6868943274780452,0
0.016364182568973595,0.07827639438491658,0
0.21357376269792933,-0.3268693278150522,1
-0.0459381061315902,0.038897322640753296,0
0.19193972808199372,0.18833236962849154,0
-0.740298319182609,-0.2811871059356987,0
-0.19368086160670134,0.6242235782688081,0
-0.42242180339739777,0.040407557660946045,0
0.6182703066241907,-0.2047114881780887,0
-0.8361511407826661,-0.30764995138540824,0
0.35064071381298145,0.5668979043235232,0
-0.495556456792585,0.1502204684185974,1
0.39004787550931397,-0.757416902445317,0
-0.24662386799046856,0.09069739269475575,0
-0.8825613340763847,0.47474986674001307,1
0.3265564431234713,-0.29854208660499526,0
-0.03632058753255735,-0.41295472138152045,0
-0.7827559677624293,0.5905570785198543,1
-0.4797576616107688,1.0235761566638653,1
-0.3860889617279011,-0.5142584391499416,1
0.2757211231386006,0.5193660729744226,0
-0.36758495816716596,-0.09174324659690947,0
0.24080941152968263,0.5905362444667189,0
-0.4472198904601353,0.35014222659963445,1
0.20588227538738652,-0.37925712748742696,0
-0.00509327780342346,-0.42332492552138645,0
-0.10632760143449091,0.23038730027632434,0
0.1759478801909996,-0.2804025360202566,1
0.9642719084898399,-0.14560930735524016,0
-0.05707931390288584,-0.15419126694818547,1
-0.7392228827138873,0.3327356626692042,0
-0.5205587094626927,-0.15565321840341845,1
0.9564388265609598,-0.5012985389100262,0
0.7300060437889829,-0.712144581540095,0
-0.28949791638655487,0.6388862071939182,1
0.5577693626480402,-0.3420797641241433,0
-0.07629363058284244,-0.2578083090476124,1
-0.26778389732272656,0.18808500125814095,0
0.4790872128068891,0.4904131796481206,0
-0.7076510134168327,0.39814460093575343,0
0.24677860844480484,0.09857050804268011,0
-0.360768370631444,-0.03310872146773146,0
0.6160326508446751,-0.350215626253368,1
-0.7000314563517241,-0.5226750221937246,0
-0.27191234434351724,-0.2926316242617507,0
-0.36971185217848346,0.360788760369272,1
-0.08749905113730001,0.10908641328270471,0
-0.35119564861302044,0.566680662897313,0
0.29135654953934215,-0.7219578594990914,1
0.1587451763883738,0.35149926174919743,1
0.05541285010138308,0.6749664107508953,0
-0.1184622432688914,-0.384121775396352,0
0.05688188848369983,0.1955070755422848,0
0.4826524077343794,0.2530064839239544,0
0.7879416703417852,-0.5679485538582598,0
-0.15267249516446607,-0.2152756615664674,1
0.5684626711930119,0.4737913507625291,1
0.06230482929016761,-0.17377162781696268,1
-0.10165203580737471,0.530226964530395,1
-0.07469809256234286,-0.0062228181858169605,1
0.17329923232948896,0.4400058838422769,1
-0.3878645610052672,0.8514621098068202,1
0.17166026802419976,0.16143840541597837,1
-0.5130081781546861,-0.03693281003628291,0
-0.747754217675664,0.14611864377770767,0
0.17261799375727152,0.4068012569242384,0
-0.01290266409833677,1.0170905078282568,1
-0.51355201207522,-0.11975128403461821,1
-0.3433919338084715,-0.8711062371066134,0
-0.7490591242012677,0.4727941661974481,1
-0.8071532577810645,-0.4770292825710017,0
-0.13909780569726207,-0.41052768522450833,0
0.7693828857346333,-0.553614910453043,0
-0.09926053631618141,-0.15611092621540196,1
0.6264888247590332,-0.1780304575256087,1
-0.5864268120179873,-0.20773031861665478,1
-0.3188293249455765,-0.2082962596515689,0
-0.2082511221601741,0.7896967122799234,0
0.3013550292768703,-0.8614336786104824,0
-0.11569201789193018,-0.15223355065395575,1
0.5708117287192875,-0.21926432705348106,1
0.34868392652131297,0.7826388392707321,1
-0.4140445622672606,-0.0784320240912687,0
0.2563921191388219,0.07520909779848414,1
-0.29485258809107306,-0.19376149309243387,1
0.14233098380339937,0.2278673969168862,0
-0.19363097724508518,-0.2449913298982795,0
-0.0410864662248107,0.18602943475769626,0
0.8222691870986494,-0.2578792352436659,0
0.2635449208268983,0.036314357103274034,1
0.40935758556536767,0.4903724636168981,0
-0.38637949558993534,0.3076972258873132,0
0.301458952874994,-0.15606669984547403,1
-0.6977885139644262,0.24219586095028978,0
-0.42777498424324223,0.4153293012811374,1
0.3532365196136563,-0.4981177860336755,1
0.7227814909548249,0.09628949324111526,1
-0.4188114420822925,0.22801556365300432,1
-0.13018723847152158,0.20820661530226311,0
0.433447592959789,-0.28314220117375793,0
-0.35429670711226585,-0.3524970972948135,1
0.23000500377144917,-0.8401171892460829,0
0.12215806254989327,0.12393609716493154,0
-0.707954780259906,0.6992163618050986,1
-0.08885470528589426,0.20093475625319016,0
0.965209438565815,-0.33333797456777625,0
-0.42618166724838374,0.17161024733086966,0
-0.5303328910793049,0.13534184349844144,1
-0.6230126474081481,-0.6030359958489643,0
0.16148205255343273,0.09330532608270349,0
-0.07825646741913697,0.6787592474878066,0
0.29359093716120277,-0.45169795390974377,0
0.7277904607565042,0.27979644628603717,1
0.12777075207436633,0.033325465889723085,0
-0.07301091404903036,-0.20077150593665435,1
-0.1127608226705811,-0.07097041338494676,1
0.2829037154960564,0.5703121535988472,0
-0.1414513644155396,-0.25791652436831736,1
-0.39641949734658427,-0.02178287805832812,0
0.44982319971013507,-0.3237162718919426,0
0.44085385781183106,-0.4077766638911415,0
-0.22624118355137304,-0.3605937511209618,0
-0.0056312651860502515,0.6625899370638622,0
-0.1808023395609936,0.193983431124632,0
0.13157444782447844,-0.2004076833781847,1
-0.5163510612337058,-0.7387612639321678,0
-0.29954897982308815,-0.23329549372947733,1
0.3316876334397661,-0.43264941502613813,0
-0.5398441645250193,-0.12378688220903908,1
0.4748753577965611,0.17670150134336016,1
-0.48279820878378266,0.7965973490214443,1
0.08117097819191751,0.5898470862096201,0
0.6731953695227262,-0.30248375134070826,1
0.4482230779353793,-0.4951964399539929,1
0.034276459628180656,0.03868355019461668,0
0.4112056576078137,-0.7419693890746668,0
0.08771974473307231,-0.20024137697052893,1
0.0030497977031112566,-0.7224832207023013,1
-0.36547841927606106,-0.742669671812622,0
0.07574413394411147,0.6227386473723375,0
0.01410990232652054,0.2861640191019092,0
0.3442899136159667,-0.4857870230621577,1
0.07860230576353504,-0.22860461526251066,1
-0.0530850866178499,0.20479847699833847,0
-0.5494575644610495,0.029901912032545674,1
0.5348586024011278,0.2744386143118979,0
-0.4283998750694306,-0.1694752885958359,0
0.263768893541908,-0.6181547223648433,1
0.6129146421505852,0.5968329398716147,1
-0.34888566154147976,-0.16628254963069872,0
0.20330796255462474,0.32932755672228287,0
0.16369009152352568,0.37967683361047605,1
-0.42045254602455007,-0.16731056703690694,0
0.16198925096270977,-0.23187632786498505,1
0.15753559564480368,0.5932870573817035,1
0.14916772177618098,-0.2913828827972147,1
-0.12314085254401202,0.018211457064256933,1
-0.4139047581116821,-0.7412624024007642,0
-0.22393245369400372,0.13673017424925699,1
-0.7480452807654526,0.5585241752935678,1
-0.5523703838248795,-0.5075615794612343,1
-0.5277990054042608,0.47989775397902096,0
-0.25276473100424696,0.3869988983436313,1
0.01734059731566194,-0.14795800704793968,0
0.10324077992089666,0.5013399497983281,1
-0.42630700707496966,0.7111291596088659,1
-0.5761970438358835,-0.3727940047705529,1
-0.14483758232455582,0.3611408030925988,1
0.0611049704350369,0.17741529382255614,0
-1.0905976325931221,0.028895407458479603,1
0.14727885940635294,0.41013479291080324,1
0.32441363887486363,-0.2685462909620983,0
-0.13870840958993078,-0.3380337573252247,0
-0.016655203097427185,-0.34318800317579734,0
0.018645633785629293,-0.38811501429478473,0
1.002118089215356,-0.265419162164915,0
-0.002467406334601893,-0.05952213610190862,1
0.4117597810748571,-0.9459386443244092,0
0.11782966283094391,0.026776542202553603,0
0.057141262630786935,-0.20791350586509136,1
0.6432566654771433,0.2708033906378668,0
-0.7011549739927158,-0.20075564781712313,0
0.9222448321680424,-0.4126620332493383,0
-0.056590035937967645,-0.30188443550170574,1
-0.04652897655592729,0.20681816481401247,1
-0.12291157826088592,-0.4545309434897346,0
-0.2503282049039166,0.10432470930903107,0
-0.02566084688431884,0.6329885758405656,0
-0.40675774941128423,0.858001865772855,1
0.48418211000045647,-0.10890826665210035,0
-0.46817511218047836,0.5493962247982214,0
-0.6314178731574007,0.39581009729398947,0
0.05357235644119929,-0.21567668859807573,1
-0.21664147734585376,0.2771652061837542,0
-0.7449768025859255,0.7321469315391773,1
-0.7057827951937673,-0.5245544884334489,0
0.16133771915213535,-0.9236680140575397,0
0.29471578302142576,0.5294073561668224,0
0.45813478614479286,0.42906854210169065,0
-0.5271725449187343,-0.2670158707693424,1
-0.46512653023130385,0.15634349935970138,1
-0.21755843324475255,0.17150659966003998,0
-0.5158931594319931,-0.21937097571847763,1
-0.7676865617458335,0.3933345157628648,1
0.2131252089255778,0.6484903191645033,0
-0.24625243239865507,-0.30468626963583756,0
-0.3703044346139446,0.2437182692825124,1
0.22166302686541672,0.5739629608734232,0
-0.2710317258515187,-0.2637546072826506,0
0.41820837515805276,0.5039614691556497,0
-0.19194960225662883,-0.6356475551814154,1
-0.16442139006374534,0.04515956834702978,1
-1.0497250990054414,0.23361343245461696,1
-0.2929353440055129,0.9296085595063966,1
0.18857166036115142,-0.029360575580754056,1
0.26263539932835533,0.49373017162646815,0
0.02652281566671774,0.19024702333124274,0
0.38708022212705673,0.29858842593367957,0
-0.6611979712372597,-0.05352442976517065,0
-0.7028369079521908,0.2907416752816818,0
0.2691595145990394,-0.5405179612616284,0
-0.3657910039561368,-0.17399417105979545,0
0.6345857712896877,0.7699724557468455,1
0.38751615734404454,0.15611580374296308,1
-0.024358794652432667,-0.12651921523729617,0
-0.09053570540870345,-0.7914769189176464,0
0.001750042481303088,-0.38626021832135476,0
-0.6578246685769645,0.2769882345812395,0
0.7475987422829118,0.09703949317948206,1
0.385120932581918,-0.6850128999089685,0
0.04230763159870691,0.4303063548081508,1
-0.845701288896632,0.11986688021699732,0
0.6982753494201411,-0.02143662086525895,0
-0.1363407023663483,-0.10372332588309578,1
0.03584752615933839,-0.40811015424343233,0
-0.434342909859398,0.49981392493697185,0
-0.7611652261526843,-0.041336985273949384,0
0.31162329404730654,0.10012829491814976,1
-0.029127968213190934,0.8266801728746856,1
0.21627502112650177,0.5362279840055235,0
-0.04673435932606474,0.17957971878581974,0
-0.0025443265657887973,1.0564803828141711,1
-0.24372691847706246,-0.16815530509760826,0
0.6583545983359395,-0.0634860023655609,0
-0.13787777072614338,0.23892921594383243,0
0.10181600347211639,0.8864174415805905,1
0.05258408907446668,0.2308975534266906,0
-0.3724295875541543,-0.16948335357627414,0
-0.1659368080646435,0.26759014981018925,0
0.2650545310505703,-0.023301627279396483,0
0.6465047621853502,0.3576144409113066,0
-0.27632888847564774,-0.36821968535467126,0
0.3072514580470606,0.6172107999543531,0
0.494821156919247,-0.20583527608786323,0
0.9204466957353261,-0.2622841424222612,0
-0.6356046613742239,-0.010372127419413221,0
-0.21055698662948824,0.17240439517315376,0
-0.134332447545446,0.2139563839920396,0
0.0816601741424213,0.5341444425131121,1
-0.3894334521670305,-0.17879131195413442,0
0.7990363910699201,-0.45709695973429537,0
0.2733075190279557,-0.13434198165327954,1
-0.27891296781233205,0.8376306653960194,1
-0.2426297605288345,-0.17983753794373036,0
-0.1644524253228018,-0.8318094935770595,0
0.31622639560993165,0.003662343075322802,1
-0.6097261111810351,0.11605407379722257,1
-0.9395228148145265,0.16541228667642455,1
-0.7908598534114593,0.21772290270156885,1
-0.4247473363991913,0.24751734114489038,1
-0.4334681351274432,-0.2872910663095393,1
0.8057424787670693,-0.08563045679573625,1
-0.27715701896273853,-0.45094944291244066,1
0.034669954659365385,-0.40820727065786283,0
0.44031987626404934,-0.5333714008165747,1
0.9553307772006331,-0.4602707918803225,0
0.0683103627957466,-0.08927712560688204,1
0.32336334590535265,-0.8043408349796936,0
-0.16411479975977633,-0.018503628385660713,1
-0.5826867153944137,-0.3027844310891918,1
0.060341528739760404,0.013415461138522806,0
-0.7175868575915247,0.2781298905488301,0
-0.3370160404951544,-0.15777280974005298,0
-0.21693246467038585,0.21852499530027988,0
0.3432852996126609,-0.6762069287884709,1
-0.029033336225965274,0.1646532574531793,0
-0.6878911703478214,0.08046277207989631,0
-0.11050219088670858,0.5840378339251836,0
0.4856576821164638,0.8124667450277223,1
-0.3366516835715105,0.09958557470859343,0
0.14347171255447494,-0.7358342495690045,1
0.18565748441028462,0.038909921980867956,0
0.07015399098637892,-0.16941494609683813,1
-0.685300981865345,0.19463019181238891,0
-0.05328288032780956,0.3731915744172915,1
0.17262012373889685,0.6766231717131026,0
1.0266283826657285,-0.0748540178827253,0
-0.4154567797541944,0.23064737395223656,1
0.5375030837522747,-0.1281309588611101,0
-0.08210628546541204,-0.3546212134786448,0
-0.43994936331472856,0.7361488552602281,1
-0.4433822526518827,-0.8181674944430319,0
-0.0817699437922439,-0.42517608293503506,0
0.09751670999636265,-0.44769840266617916,0
-0.1420798445534827,0.2624215722975934,0
0.33128890134867606,-0.5143197840361318,0
0.16921683421156153,-0.32936225491814064,0
0.5917156672637827,-0.51688913181752,1
0.018919966560656712,-0.6004529537300789,1
0.04362345749310882,0.12773270874957338,0
0.5038782279118341,-0.5498588614510015,1
-0.07862103573547753,-0.5721665913283698,0
-0.04409701591942582,0.005794524215275383,0
0.14450341533944727,0.10395321951680521,0
-0.4414480712721948,0.2515364019174253,1
0.8994520727582233,-0.49879453878317154,0
0.17778506389734897,0.7086382549635962,1
0.2843297367155211,-0.0743948198610532,1
0.6786409098786036,0.4282441776484566,1
0.35988493068995164,0.2950851592940492,1
0.8123204015428453,-0.21617275051414858,1
0.4306687473478808,-0.200202269289733,0
-0.637147958867398,-0.2931102142255516,0
0.07228676123019367,-0.02940979208385669,0
-0.5359170733744272,0.8552286312901448,1
0.4953017012759392,-0.21228418229229754,0
-0.6735987388955124,0.36990906403441426,0
0.4845297934098961,-0.1947405651481352,0
-0.34373827259372747,-0.2608912357895905,0
0.5736373185941098,-0.5750516149935186,1
-0.019454535958866745,0.6281587479644424,0
-0.1349240980271541,-0.8150132555985503,0
-0.2440981042772703,-0.2902137045536805,0
0.17720852161454465,-0.23155489835614734,1
0.8006704635025806,0.03125195713960299,1
-0.38551268210337014,0.2401825660872002,1
0.09559079128617654,-0.9399884661007172,0
0.8228764455190873,-0.2749606491399442,1
-0.9909594718454614,0.10931672424540853,1
0.45424772081040404,-0.11180897621849321,0
0.14559267943456472,-0.019331087673131603,0
0.12728494455582606,0.0890404626416799,0
-0.8986046905821587,0.4463940243147485,1
-0.4421064096730756,0.14001215436927916,1
-0.35226748318655454,0.024723498908698877,0
-0.1435506338624023,-0.7094419178950436,0
-0.12115701814413468,-0.7891370850931663,0
0.04061580373697171,-0.07981504841751104,1
0.47510876168471405,-0.11347813653241634,0
-0.2529137036978025,0.37523242520932154,1
0.2751711115571955,-0.1731152471495947,1
-0.16248746395935318,-0.6432333878913548,1
0.2985231944436819,-0.1905298187123991,1
-0.1005304596249818,0.3992003053304299,1
-0.28451861792398236,0.6384745828608497,0
-0.32885374855725524,-0.2120910258636869,0
-0.5316840990271906,0.013071961593646902,1
-0.18001839245900841,0.5445393134398475,1
0.11345635581271579,-0.34380567214844715,1
0.5129785443948408,-0.24021086735882272,0
-0.21015491240958067,0.01317279444712871,1
0.015786875542067605,0.48289921685333587,1
-0.3848506731743105,-0.40319989192017797,1
-0.04900601137979736,0.8340033423993453,1
-0.15585088997823504,0.23602565539665166,0
0.5428881041637597,-0.06853988337249008,1
0.2892328436602418,-0.03587851508414499,1
0.08047234529648098,0.010623207652416908,0
0.3599184456088453,0.10921697360603412,1
-0.1193718599249486,-0.2285661185620374,1
0.337838650661839,0.08946420142826565,1
0.15851968793207477,0.5344231799794184,1
0.8456486542820991,0.3145516955334528,1
0.24808785998808594,0.4649703494013787,1
0.012883758047161863,-0.2090446120208212,1
-0.7416647333265911,0.04868034244992259,0
-0.8800811472384293,-0.10830585591410197,0
0.5731321431872437,0.5728771081886143,1
0.6912812774300484,-0.3965102046929135,1
-0.20741565971497058,-0.08438980250464981,0
-0.25547309665828905,0.4386834233748525,1
0.18913181127565468,0.98525685329849,1
-0.7315825000025705,0.8425185812689538,1
-0.2363478603192333,-0.5701574229650715,1
0.015424558376181702,-0.17985926440575453,1
-0.07375171803010613,0.3378846579354929,1
0.25577428383182443,0.5876133053134787,0
0.685599577523456,0.19686547504758337,1
-0.06978665244960917,0.04701755701761515,0
0.22638038855024242,0.8253181773545317,1
0.4775991955395601,0.056267124297901885,1
0.09702785546074155,0.10569836888782506,0
0.5183022283055388,-0.045150809981765544,0
-0.279831317164105,0.5119171498641243,1
0.11765720445617373,-0.1045515609182911,0
-0.04735891472892728,-0.22045203965037222,1
0.02884026266010828,0.25494015733999636,0
0.33026103082244573,0.7609865683042889,1
-0.47069387924767503,0.4329680867924037,0
-0.040037833340370615,0.46177044140507173,1
-0.4318214434942832,0.5165535941794395,0
0.5082897261953778,-0.03891130735838895,0
-0.6889508966887331,-0.23764456512779822,1
0.31566513385497325,0.32021531650082236,1
0.2091044590360575,-0.20445416755002147,1
-0.1643603802869167,-0.3819356612817057,0
0.02733261029743564,-0.008182969999352946,0
0.16550013651449094,-0.10868105913168691,1
0.2758188001684741,0.2915506792114409,1
0.6608121617760164,0.5250980151493416,1
0.5851249349971706,0.6565651042468829,1
-0.20914963909749484,-0.48487174755901397,0
-0.1215069878612757,-0.046223531417881054,1
-0.9711096932867009,0.03849487999378172,1
0.45479575099070424,-0.09016062673592687,1
0.09365269700147213,-0.3016141612359884,1
-0.30696682176969603,-0.13753396197131193,0
-0.17450407946748978,0.46503563969853096,1
-0.8023452160781516,0.21483537601998653,0
0.7184033813029134,0.13135788291981285,1
0.47939097565311245,-0.24589296190307985,0
0.9079791055309444,-0.4875881013872081,0
-0.17980969873384162,0.4422439161146046,1
0.0828044780646052,0.10553817129950631,0
0.08202168822292887,0.5362736270530013,0
-0.19773471408434573,-0.3097934454352632,0
0.2965482194143756,0.15625922925955157,1
-0.23358700307304836,-0.06617474675651654,1
0.5430879457359834,0.675309352977348,1
0.5703029230136937,0.6369099367629458,1
0.11023865226719845,0.8071435394341945,0
-0.34581412610256607,-0.19598454148101663,0
-0.13267580275901592,0.8255820577050617,1
-0.2261563104513199,-0.1257306085134545,1
0.9447401363473797,0.05211087079239066,0
-0.17969329745112245,0.39007069530676225,1
-0.2967920590974902,0.6887574141730083,0
-0.060105468339500465,-0.09045325723409527,1
0.5299718699569262,0.629273644513482,1
-0.18303594867705641,-0.10117756625501455,0
-0.03812264207369134,-0.17095400193421562,1
-0.5368475667064379,0.7084119086239608,1
0.251558632080752,-0.4627952637035054,0
-0.4476788161721168,0.26797358118436043,1
-0.3334246087384134,0.04071880796691929,0
0.1542866321101493,0.11675427865770005,0
0.32152897471860864,0.8160420687051274,1
-0.18514647138437942,0.15740847604001512,0
0.57406099412321,0.5361382538168099,0
-0.24042947686624833,-0.6146204441956686,1
0.49344359780478053,0.7638686966328743,1
-0.42540423761224216,0.29704576428659096,1
-0.777757986173246,0.3778021996429505,0
-0.5094784046005566,-0.09602548281699827,0
0.5990453684339475,0.009089738843090639,0
-0.1281089913552777,-1.051483729220649,0
-0.28959866620079994,0.519447183155605,0
-0.1473669818161667,-0.8373015336772466,0
0.0873167550030628,0.8058513851652365,1
-0.0447542954206577,-0.6410096515059945,1
0.22955501805166295,-0.10401861510596486,1
-0.3550742346535626,-0.24873142690656438,0
0.30458317810969654,-0.49090650036904726,0
-0.27395209012337596,-0.8592490051692403,0
0.45237840831030246,0.25071517757408107,0
0.6408491377620708,-0.2126500819941118,0
-0.24440707431905873,-0.045346810130968,0
0.8361696913398646,-0.720191705220808,0
-0.8785208560790569,0.09659550597695678,1
0.6800796105985172,-0.34743229346033117,1
0.023225362342586195,0.29546740838076024,1
-0.04100182890817079,-0.4295289094921957,1
-0.17085747102383453,0.025074526578987087,1
0.387940410204348,-0.46827885000184777,0
0.2963944459216624,-0.9176999677819088,0
0.4082045524911391,-0.35104923731244975,0
0.08190999980146463,0.3738707915119158,1
0.28764717156192005,0.311827856554843,1
0.3537575355916939,0.3774088677765602,0
0.7685949043649216,-0.5155392412342928,0
-0.23751081784223468,0.041719349657224375,0
-0.11475326600543288,-0.700056311087143,1
0.5988575400338189,0.26309723518011435,0
0.43109123824959195,-0.16737339547912433,0
0.6087146324558415,0.1361398431606182,0
0.18593785180090328,0.20037291748731445,0
0.4351234211131353,-0.5009375255557265,1
-0.11175860065537718,-0.33023844586695467,1
0.46498374020299915,-0.13577431259438139,1
0.6561664101780963,-0.9567530920115415,0
0.6993639496246988,-0.1393168975034781,1
0.2747403911886372,0.2873156040528506,1
-0.5019482356541178,-0.23056890529184365,0
-0.2222279783002038,0.21341740331193854,0
1.0452644639683057,-0.15101557736917176,0
-0.7042354933283929,-0.5471208352633654,0
0.5722185476702784,0.3182328256371879,0
-0.5634583228539647,-0.6585397374103013,0
0.25791735547426753,0.40630768951851315,1
0.6285502666472925,0.6011488180683263,1
-0.44110452298189695,-0.665296728924852,0
0.5628863793636258,0.45551330838588816,0
0.16500523402035283,-0.09067209759214206,1
0.20389164710989527,-0.7175888415295021,1
-0.5961270357492654,-0.766015914948593,0
0.003528568801834525,0.8605962242247704,1
0.303096683501672,-0.18977091947832941,1
0.2968411820511842,0.25700275766668934,1
1.044899529176134,-0.022085003303209616,0
-0.26815608364612276,-0.05402879880957637,1
0.033845366724498886,-0.4308468183287282,0
0.31477460209968255,0.2775541348778345,1
-0.02758292938704915,-0.03680199757970937,0
0.5982636538817679,-0.27193088863753073,1
-0.18555330948919618,-0.34183773976016857,0
-0.3149314765521131,-0.8837780430795665,0
-0.015433543238678862,0.2310764883031544,0
0.14606059698532686,-0.25220481608945167,1
0.19521467551427304,0.37856519680409145,1
-0.571554795478296,0.6790648509900109,0
-0.3147464334536176,0.1301483282494756,0
0.32552045951587866,0.5682668931079297,0
-0.6533213518137538,-0.0883260127445844,1
-0.009221900978680697,0.09629135288184473,0
-0.49518372655794657,-0.09769886471097884,1
-0.6072893442428116,0.20538543067496262,1
-0.10207416481452072,0.48343630154216866,1
0.15818508623693844,0.18300604604390752,0
-0.09782674851943851,0.5749358352595421,0
0.7954907696763418,-0.500590753140812,0
0.1941635883740082,0.030272582389615513,0
0.22774654253423682,0.09259964240124231,0
-0.3753042588901263,0.7154728682599698,1
0.07229473291841737,-0.49547689131452777,0
-0.042488233878334086,-0.8784370886924808,0
-0.01452655273566604,0.16776794456525218,0
-0.23350328004228674,0.5008296908726964,0
-0.17137552596487277,-0.09210689469401911,0
0.5289946947185421,0.5625035909043584,1
-0.31824281995505577,0.03075551316029865,0
-0.6274752805609938,-0.5379233333298723,0
0.22653946527526814,0.23887435636178433,1
-0.3290224643064432,-0.5120604116624848,1
0.2295084737591599,0.5530224949626907,0
-0.29430001961914604,0.044284292286119964,0
0.8492516852946994,0.3569224610882551,1
-0.113492422938362,-0.13651198297783962,1
-0.3823546533403731,0.009541866854247821,0
0.25344550582689357,0.1997788777867228,1
-0.6343577672202784,0.7795642011622597,1
0.6229778936387342,-0.35698242137524144,1
0.0361621533154963,0.015048522117516838,1
0.7605966019353929,-0.7322272972309364,0
-0.6914325821708146,0.2986165311101724,0
0.9969858438648365,-0.12651233628303882,0
-0.2528255362166148,0.3004819169816244,1
-0.8253044582908197,-0.2205079844957979,0
1.0375108103096726,-0.26554335532480344,0
0.05630123168496762,-0.15350601985548995,1
0.43591343454531045,0.07459050575052545,1
-0.3280252632644263,0.1786975840375464,1
-0.27230315770107055,0.18914951546762004,0
0.006719526377644627,-0.04053658362125569,0
-0.7466852543366074,-0.29222047318362154,0
0.8957525050281759,0.14300125161832805,1
0.009811744035186854,-0.04020743313433228,1
0.08178678740495099,-0.021783213660275177,0
0.5849001857769834,0.44724376312910813,1
0.8764475993624082,0.08408875859501505,1
-0.3688769192969579,0.075668164554112,0
-0.005858297218070265,-0.181125606986701,1
0.3520741401069182,-0.26187465463658527,0
-0.13089090114678376,-0.8987860951675436,0
0.08016226693837991,0.6748411998889701,0
0.44009069247316357,-0.052597026642824465,0
0.3923426928611578,-0.7997781941255419,0
-0.183972874382977,0.9023958546679787,1
-0.3488439525002392,-0.058917843025949296,0
0.11746542663982353,-0.12698477149749296,1
0.22836577460551927,-0.37676491469682,0
0.13487722530305285,0.8735725732803278,1
-0.24618680328246312,0.8401846566337727,1
0.09172744682473687,-0.14648654358561053,0
0.5478596344711906,0.40618843233720553,0
-0.2577749409839591,0.7076026366678831,0
0.08201741311461958,0.1689401219959289,0
0.3897604503337426,-0.47283111204193873,1
-0.9867114412276652,0.6128957349288577,1
-0.32612115247262946,0.6727259395489009,0
0.20702833744422391,0.6621829383876868,0
0.8808655742171903,0.06094249209922642,1
0.08314370784623634,-0.16364483501499533,1
0.2298614689296993,-0.30645418261007973,1
0.5471151939849969,-0.7694673503353416,0
0.8789869616521717,-0.31045382961471235,0
0.3705156573071185,0.6386002040769108,0
-0.15735521487820306,-0.9887347087859525,0
0.11266897415231858,-0.09275988819972485,0
0.43407701314156577,-0.00546750262447801,0
0.7652592778153305,-0.5796726849713943,0
-0.08597233575400048,-0.21964695342767412,1
-0.09531900850295898,0.08404818926089205,1
0.7114685229930038,0.2878588311754141,1
-0.19709622541121294,-0.4408426588047507,0
0.05469430016536393,0.23139988699367522,0
-0.07762741894664332,0.12116147570369774,0
-0.20195566382512573,0.4714783573335392,1
-0.22616592810761296,0.2008776818901054,0
0.36339231777652004,-0.810843603869066,0
-0.05497751437216982,0.3245296740501518,1
-0.14960458168514193,-0.7240020870202417,1
0.2954990692654378,-0.4316977417258901,0
0.20476715345064456,-0.16832363642984927,1
-0.7184992647814055,0.4527782828513357,0
-0.12204247821082433,-0.649642705135922,1
-0.7716586205148621,0.38793944163950556,0
-0.8770349339933552,0.6130941023414974,1
0.10240122522387099,-0.06110767296039887,1
0.16767257922141016,-0.15172096156675924,1
-0.3131290945095025,-0.9530077113434995,0
0.24615462384836506,0.3850728315357232,1
-0.4578098498556932,-0.4583657299548481,1
-0.0002417014629070395,-0.5276933991573927,1
-0.7584696768150582,0.3846917901623214,1
-0.5824514664903412,0.3230559606245026,0
-0.6662964648928611,0.1870971339540295,0
0.1964419787737162,-0.17773548896118035,1
0.19508397120118692,0.47793462810972576,0
-0.39108616312609545,-0.4785879756442217,1
0.49365097815297176,0.30038371341434594,0
0.20334285026758864,-0.2263406106576194,1
-0.4154235240247241,-0.7393965080005828,0
-0.3742521999988513,-0.4546285237163123,1
-0.43823974639149665,-0.40062429723330517,1
-0.6899998616962576,0.4024902065367315,0
0.2112387457121734,-0.6834068785842478,1
0.10179793444629938,0.0045592900214506266,0
-0.1459689007494636,-0.5033109972532619,0
-0.16887188940247252,-0.12154134977846823,0
-0.12882384609688746,-0.6121673664451571,1
0.5602915482793894,0.6498766482652315,1
-0.07369530387043133,-0.001293876341639244,1
0.4698805977198638,0.04413891073678283,0
0.19132395552631049,-0.1781817068005099,1
0.07883294979103395,0.40227999758216193,1
-0.00340558064828575,1.0181343038336266,1
0.6376455355001007,-0.2294107731393306,1
-0.4048948051639918,-0.023620078554245465,0
-0.16507080753810494,0.5338616322946235,1
-0.4611740893338937,-0.06480733518773453,1
-0.11324019206451702,0.949614247611604,1
0.2772021863264419,-0.4671811259566834,1
0.103705366975393,0.18242095659239627,0
0.4023822849104658,0.8116798193208514,1
0.39658332737386387,0.93897602989394,1
-0.023175136511773657,-0.2780844262589328,0
-0.3866367617089478,-0.2648622581411417,0
0.15985788992991826,0.1630998598115676,0
0.4472684962328616,-0.2529385164805271,0
0.7380158569836521,-0.6705477470406985,0
-0.3584179725909299,-0.058374743865016246,0
-0.5707915139224831,0.1882633659773023,1
0.2713952950404872,0.07984003495253968,1
-0.5769623187913565,-0.3285785270874535,1
-0.11895168664242665,0.8304417904326555,1
-0.11391247972537673,0.01976448457992689,1
0.35192096334448114,-0.5191956191168172,1
0.04105646324024881,-0.12296124028380463,1
-0.4885705912875236,-0.3293385738291619,1
-0.22563563317360374,0.718609857071895,0
0.08878008334985484,0.17043322690883408,0
0.4616880600486574,-0.18788348896902135,0
-0.31311190303492353,0.25057129028717984,0
0.5340457354238551,-0.14002199497514412,0
0.20164120403664929,0.7996612809277677,1
0.6075727890431646,0.20241139027976413,0
-0.06230080050430345,0.9069729083439568,1
0.7276929408316971,-0.5440574231606806,0
-0.5871955989233415,0.3648051779935013,0
0.14478109593495442,0.2722304415670591,1
-0.3127405564190081,-0.5170195029627764,1
-0.3246694021903457,0.41220342536743004,0
0.13671534458620768,-0.42447192709444087,0
-0.4746013901697165,0.3781703607760184,1
-0.40471978322878915,-0.3026751740604595,1
0.5342464864369675,-0.050092594883245425,0
0.28079991370171753,0.09475210167517852,1
-0.22569372058810006,-0.05381304215383889,1
0.06129596478531273,-0.3093388267372859,1
-0.7943324896668148,-0.19633430909587668,0
0.020446294995397588,0.2810194286661082,0
-0.07135128690028614,0.4457063226563713,1
-0.498488123190449,-0.321093714810518,1
0.556002501349587,0.6554435806920831,1
1.0141127404245254,-0.27338147375931254,0
0.4055283046409771,0.17542219066134365,1
0.1876900217714312,-0.01939206082911163,1
0.5553180758913693,-0.5531662671157231,1
0.08409313233658754,0.7403583924375923,0
-0.09927990913377195,-0.0699479230473006,1
-0.17749603775560274,0.3944635832853501,1
-0.32924209529887577,0.04161880360813246,0
-0.032430834026044394,-0.8229971464411097,0
-0.05053843937424901,0.9978933115074078,1
-0.5532342487571614,-0.08766659922779294,1
-0.5048718323122913,-0.7271151930143238,0
-0.005598644216539064,0.7343267073180537,0
0.22650161571995478,0.8411292634104832,1
0.1852710388079445,-0.08215526543121404,1
-0.3108425926660833,0.2793088013076104,1
-0.6281555839453309,-0.4902456916857225,0
0.5631267094649871,0.12417661632707858,0
-0.2567390588697648,0.37081225221444314,1
-0.6847231749272403,0.7132695400009913,1
1.0352561662555264,-0.2131626816771254,0
-0.22696435099401707,-0.11927842960322152,0
0.6231501175515037,-0.5850048504733529,0
-0.060699441528587174,0.13018506375949845,0
0.12468194125015147,0.9232006667739487,1
-0.2808506419357427,-0.23751191972671187,0
0.2697380310295673,0.3570877006930099,1
-0.7655036152546674,-0.42841921599182176,0
-0.07870032324862195,-0.07764916448487687,1
0.03503293053531378,-0.33490565979266573,0
-0.6987278477708051,0.5261933555207866,1
0.6221188544128621,0.44736945506134745,1
-0.19250508972462727,-0.4812085122639934,1
-0.3787854780634691,0.23959075670946306,1
0.29256201013281646,-0.05632695689036765,0
-1.0149107311548122,0.4787834474540424,1
0.6454607615563777,0.4732645036639391,1
0.14912906567125755,0.05582533990188787,0
-0.01128439012708228,-0.27557111535575524,1
0.09794039378101287,-0.30540580275022433,1
0.7479418942256515,0.18871890519115866,1
-0.01924676542998839,0.23126977706518545,0
-0.03278300613386139,-0.2560588767482156,1
-0.12007435751586115,0.8103618524132743,1
-0.2542849204873951,0.09820762079656489,0
0.7712581223111662,0.16077770307421568,1
-0.40670679917807595,-0.7633013405087483,0
0.6541936567920398,-0.46203375857314655,1
0.5929350474297475,0.1219872257341327,0
0.07426960092056123,-0.9806127119287474,0
0.21216829754846855,0.5362204804757513,0
0.13138910489074182,0.1780361539887919,0
-0.3167537165075962,0.5151711037079333,1
0.2389821603594115,-0.296436272999994,0
0.2938094015456683,0.25148657908700545,1
0.8858369019452463,-0.06973731071108721,0
-0.6238126007235542,0.6859719475614595,1
-0.03852659944731701,-0.05456573723924735,1
0.012404397501157863,-0.4108793432694231,0
-0.0808691233094526,-0.2768106335765796,1
0.6812974272888301,-0.35257856799995957,1
0.7722367522000954,0.15036833859436233,1
0.3122352098385825,-0.055048814568336615,1
-0.08826891081692345,0.9022391414743952,1
0.28937338278956437,0.12121730903458038,1
-0.36982943832651605,-0.21880049327238366,0
-0.5201185286489108,-0.46816181045178845,1
-0.2056379706576324,0.8415980927106631,1
0.10630277018315497,0.13288315379224527,0
0.913472503771262,-0.08819638039065883,0
0.5902535665971113,-0.4910685971364167,1
-0.15821757569765457,-0.22262237942140797,1
0.46731207743895203,0.12917927541151775,0
0.08734080529745152,0.9720807943401768,1
0.008237255619041801,0.40328722119051175,1
-0.3356434345245664,-0.8088990056645544,0
-0.13088893965949536,0.09262379927757453,0
-0.11441173229941067,0.24344991248525574,0
0.36911845185863706,0.040065330114374686,1
-0.38669783224806836,-0.7463282609500609,0
0.21441277493114214,0.5103982155312515,1
-0.1322137807569304,0.14892076891204856,0
1.0023245853622649,-0.030337041722120022,0
-0.7137065963178401,-0.4046245505810311,0
0.24879887330355896,-0.3762644201828884,0
0.055492882227869376,-0.19861563300639112,1
-0.47114511014563604,0.49659409451883213,0
0.19442245849766826,0.91943085868533,1
0.6322281441048484,-0.8052081780741355,0
-0.264262994151554,0.04012171199325621,0
0.354560758136707,-0.09758618177250683,1
-0.27830955122124545,0.15592971716519297,0
0.3941090105938684,-0.38627958286741826,0
0.33425952062315295,0.002984680183222607,1
-0.01532695236949029,-0.5186387680210982,0
0.17914757741661155,0.5139642942349826,0
0.3844500732087613,0.3265522730672261,1
-0.07376178174793796,-0.8589856743673165,0
0.17523321642554085,-0.3847489396777417,0
0.12321592119863686,0.5726459952914749,0
0.0572656865413558,-0.2718842853131648,1
0.2790505249850007,-0.2967861694583988,0
-0.23485509309215247,-0.31602075867941254,0
-0.10166310017277377,0.18009685105015874,0
0.5018799459735317,0.7226224579518714,1
-0.9495944075395455,0.11614831059650726,1
-0.4640431889136059,0.5249664514784377,0
0.021329542207085266,-0.41363701048695567,0
-0.2972625222190377,-0.27841682199239537,0
0.1782318904981641,0.24108004628306975,1
-0.34688416983306103,-0.04985363235841139,0
0.12587619402263678,-0.14609495389889574,0
-0.5633684293112011,-0.3648110272081305,1
-0.2776196483206799,0.08644636644455861,0
-0.12189244978422256,-0.017332298668823132,1
0.12487466376550693,-0.04554481026981068,0
-0.4756531087725658,0.17579753186361577,1
0.1322840047994204,0.1628706429477373,1
0.6971302481362202,-0.41975120826042334,1
-0.12132676895937677,0.14046507103952519,0
0.9187393536943058,0.3212999715425841,1
-0.4857495468355406,-0.7248672511080584,0
0.12961609080529518,-0.5475977586119045,1
-0.23560166549657507,0.8166953753242596,1
0.10305933943507808,0.2181619062516404,0
0.1258264714652882,-0.4494848816787259,0
-0.5812907900979677,-0.16185264973835634,1
0.17606229510889387,0.40712403393844976,0
-0.12893853302385458,-0.26808652924816595,1
-0.4998639982313621,-0.22267315569211266,1
-0.48168241902974407,0.03735331971547817,1
-0.08443988234200428,-0.11483484164164764,1
-0.17288078084717923,0.04451729283431281,0
0.23483401839499934,-0.40436991062606276,0
-0.4992649336014586,0.8401387360772116,1
0.22023088277223862,0.5216654367508311,1
0.09315209083814854,0.06718733839029764,0
0.020397780113994443,-0.4125904039914124,0
0.4760752206296671,0.20482322994678165,1
0.5274409196299802,-0.18523316118865327,0
0.9012517708560119,-0.2381894591555115,0
0.5349956237385325,-0.3541656034374846,1
-0.38142449061187,0.48755173883197045,1
-0.3593839614948843,0.13687242438994257,0
-0.4452859520878347,-0.029181089957604565,0
-0.8176259503588333,-0.35808577959583343,0
0.47498775570162544,-0.22126721495155088,0
0.7463097443565787,0.14551076959542203,1
-0.43907738266290597,0.41250709979255284,1
-0.6303519904643707,0.5558147746077443,1
0.10305785892240936,-0.20699789171441485,1
-0.0004989539597374986,0.7217381864106789,0
-0.23409093238994536,-0.18588782776455715,1
-1.0233986392383476,0.03374614925696648,1
-0.07934585919121445,-0.10086704710525995,1
-0.010844522023725354,0.462497857947364,1
-0.629503864963202,0.6601978057314101,1
0.6107627279650891,-0.2776894735288489,0
0.0723574697713624,-0.2982613061585677,1
-0.21644517688268328,0.4264348111402512,1
-0.10860199064755724,0.3170601028346913,0
0.517369090151959,-0.38754130221549066,0
0.16127094174625908,-0.8754852318309697,0
-0.1837188786598612,-0.11025047365891862,0
-0.35037237056579396,-0.3984359038777951,1
-0.3112023944583137,-0.4723419715765241,1
-0.35559274576888417,-0.08383278241379034,0
0.47258177030516835,-0.11201146706099846,1
-0.24956412963924526,0.6824037300635506,0
0.15412690924300437,-0.33094878399543304,1
0.7149166603429861,0.4548502577337083,1
-0.737319681396855,-0.02428046164018692,0
0.6191246996646148,-0.4562398233683199,1
-0.3753242724344562,-0.16725171590585833,0
-0.17410897632262304,0.7455834105903651,0
0.8161484351775616,0.3043323460991413,1
0.12912918848491356,-0.0273343565989803,1
0.5153613463826744,-0.2056836895057641,0
0.40518935484866847,0.12125756997498549,1
0.18587078751020997,-0.7113708167331839,0
-0.2430593055203293,0.1523711837804885,0
0.09478645225572076,-0.21814397290543752,1
-0.7185970988800082,0.15943228412603982,0
-0.21288623316833116,-0.5242504116844178,1
-1.0125252919843075,0.3351157071638406,1
-0.45229284041953394,0.594016435092515,0
0.640785985063087,-0.6993675354544643,0
0.012921946719494579,0.42932629964626157,1
-0.7594100430047276,0.23559079630379173,0
0.1773880490346053,0.7099095402789605,0
0.16819576270282557,0.03285500530815036,0
0.6850528874310253,0.3500241338571668,1
0.8400391491826998,-0.13352020987035712,1
-0.15646997519242817,0.5362380328406142,1
0.32715658923882557,-0.7447576869244199,1
-0.6631089484393081,0.6908000559159537,1
0.19075125682816482,0.7524803025755333,0
0.9044476040458562,0.022130624446612332,1
-0.820321472851832,-0.11843689861062337,0
0.25081648581972266,0.08435864505787433,1
-0.5028995140987048,-0.3023577300324575,1
-0.02168151455826564,0.08776232411320303,0
0.25501601617815706,-0.3204674016067639,0
-0.5193172023156135,0.84296144124351,1
-0.18364524496125034,-0.9756112839092554,0
-0.11854446674344829,0.8414707107595093,1
0.1596192012181339,-0.9490722448252508,0
0.007258435645519666,0.41314523412489695,1
-0.6450108098017308,0.6689698358051053,1
0.5007973477643888,0.4300382300827256,0
-0.12755178998729821,0.6952534624141655,0
0.19452582108328603,-0.09262783191082037,1
-0.41281600011182695,-0.07158302994285004,1
0.6297761925703618,0.46708664627528396,1
-0.11327736818670915,0.06975693212835965,1
0.04344497455887029,-0.22539304366518367,1
0.23094316770862622,-0.731816723740194,0
0.01839567517193748,-0.190303099304555,1
-0.2313740037451927,-0.4282813817003791,0
-0.03366376534261488,-0.05243165348426029,1
-0.9513194228340192,0.5163554152977955,1
0.769621330587345,0.38638377367804333,1
-0.6143305699283695,-0.5647644753874366,0
-0.1662852593370245,-0.48350267954540616,0
0.2208327736051241,-0.17888447907187793,1
-0.49079546359293924,0.18106174147043802,1
0.8330747621320597,-0.3852641919924683,1
-0.1494157084922133,0.28512911911665423,1
0.3761711770108904,0.6897807826297072,1
-0.9063652371437726,0.37057698401419137,1
0.2108228685648001,-0.8955890972807767,0
0.4720227820574427,0.05779922109147797,1
-0.46189331760536945,-0.3881915026282608,1
0.47094089379245385,-0.11406642259460949,0
-0.26267716968955357,-0.605114313658865,1
0.581111650005236,0.2103829712045755,0
-1.1063539268844504,0.16744291261312425,1
0.01819180093537595,-0.09745168877116134,1
-0.4593176790688701,-0.823089557661949,0
-0.15519760667886665,0.3017109897330383,0
-0.2137513548717832,0.03938779116756412,0
0.02293974905218281,-0.08647756604099881,0
-0.12990768510820844,0.18213423331145198,0
-0.6926712442917767,-0.33497993865244236,0
-0.10234779522337392,0.2016808781652914,0
-0.07982118423825459,0.15910121793839405,0
0.4042537150480321,-0.33552811077325106,0
0.05971223431327821,-0.05841298840580006,1
-0.0910932190665224,-0.08723119478996716,1
0.6968539373329199,-0.713944545431302,0
0.2379216609317707,-0.1681769580942836,0
0.06466935239179601,-0.1696082670595791,1
-0.4916300900858046,-0.1109446873705241,1
-0.42029533121467055,0.02874800834860869,0
-0.6588146581000396,0.5819743711464486,0
0.6882446164828772,-0.38285722808988704,1
-0.3844317729627401,-0.7337918667531157,0
0.2170647101028047,-0.46382020251730566,0
-0.4731623462841457,-0.8342242921898497,0
0.5012534669991744,-0.2644851821804916,0
0.1549206856918501,0.6925740038976097,0
-0.4784078909370008,0.0967929263031275,1
-0.538620351778797,-0.20926618662720486,1
0.5736613775426808,-0.7661925363343419,0
-0.33865408939279484,-0.11890862612847247,0
-0.33660266689804663,-0.43562542886341005,1
-0.637253652446542,0.05126099078955654,0
-0.27442956228303983,0.41380224116168474,1
0.14969624070724225,0.37941605835245673,0
0.018983218868529002,-0.517353422974407,0
0.4322877647465442,-0.37531787863468585,0
0.47238917105544914,-0.5392678371089682,1
-0.6863379912180281,0.692512513134101,1
0.14539844518725575,0.19640572407610338,0
0.40072368466335995,-0.7007895979064578,1
-0.29496003394028614,0.42712884766856685,1
0.4903953066197667,-0.774507107130594,0
0.19129297130425926,-0.6459344287099912,1
-0.11365866788436993,-0.03881595214591674,1
0.4018455156516745,0.27266583834983454,0
0.023067280784891467,0.058633434179039434,0
-0.7190842756217429,0.29911743940471835,1
-0.10199488593650013,0.6980945468007759,0
-0.148296614585007,-0.20941179794312545,1
0.1885122101686543,-0.7099291652161103,1
-0.38044759001965167,0.6613667792604024,0
0.059192409935341715,0.12095156177159053,0
0.2987689483720604,-0.22761326021752437,1
0.884126780081276,0.248517755182069,1
-0.262390038191642,-0.7858773765537908,0
0.0771147100400652,-0.2944834608835903,1
0.24547937619189714,0.22016066170062532,1
0.32892977728151196,0.35199428230638874,1
0.17216090976530557,0.24305256199412245,1
-0.6320216650327113,0.8042700348730111,1
0.14001814366658935,0.2169259167539329,1
0.4688907258925529,0.7226487863633418,1
-0.18124511276817182,-0.6516585242670445,1
0.24760681111803515,0.8265511014322225,1
-0.6869915183671349,0.3053311315323366,0
0.2928943321140409,-0.10574647583759124,1
0.42380684146148273,0.6158866225710015,0
0.12038756898411353,-0.8865417446333533,0
0.5613235144666447,-0.6234245471225035,0
-0.01267805266402404,-0.5661105962950215,1
-0.1862922817904376,-0.052476260980831996,1
0.4207176334206286,-0.19052301395505436,0
-0.5966548157717089,-0.326994009685179,0
0.3997521181199537,-0.17193844748516068,0
0.09599992772275964,0.9571420148457512,1
0.28970313183978313,-0.88275555668466,0
0.36077953078815356,0.9358505107037763,1
0.793071262969054,0.2293001053924138,1
0.19296260532342208,0.349371499524069,1
0.08805374533274309,0.14921458333618504,0
0.7124731291289546,0.42241493052735096,1
0.2116979692545508,-0.032079666302981535,1
-0.05415865425144327,-0.43573270757786026,0
-0.8553153270358912,0.6702865902720021,1
0.27562627488797187,-0.12496991885403391,1
-0.6090141303202592,-0.6334487796503144,0
0.2129285111931445,-0.2497553371661924,1
0.047484699558845156,0.12738801606726513,0
-0.4314450789048071,0.2969925625767951,1
0.029281711876396527,-0.3772741701863961,0
0.9733727093904703,-0.5111153615077894,0
0.3674434862234235,-0.08682528792759649,1
0.1471442268880071,-0.16893830627017095,1
0.1491593811009473,-0.5606499641993601,0
-0.009791383769376938,-0.9248264425469996,0
0.18866694411450702,0.17243960546368575,0
0.09088654082362381,0.6744278724680713,0
0.6660178950575982,-0.08627017523399956,1
0.5663414186246086,0.5522368779562932,1
0.35809603483857017,0.4677555557312354,0
0.2119328541643753,-0.8868144608880595,0
-1.0632462325595087,0.014261202295731162,1
0.12016528648393113,-0.04208185167526588,1
-0.0945900583230436,0.2770649240217421,0
0.03993759245415625,0.37263400692352255,1
0.04514935053218215,-0.2061655021262733,1
-0.6892465645300255,-0.38954912164808897,1
0.45344055037730124,-0.7098841504198815,0
0.34555394951915597,-0.20900300009707182,0
-0.18787957990863768,-0.22986044152181026,1
0.6776819349637613,-0.19571074664379468,1
0.03717874863760323,0.40931661602747577,1
0.5467318439689604,-0.02296641985539835,0
-0.2759043404779173,-0.29044661453494286,0
-0.6814343964493603,0.09391058404976112,1
0.3337545477146198,-0.11031218355999914,1
0.5365504823654785,0.35558650305148976,0
-0.3687885824200762,-0.0983575994411943,0
0.6078559624266034,-0.05302387011731248,0
0.9392552647673875,-0.09208133477294948,0
0.0012009163872515154,0.17898992152442447,0
-0.6991825211416014,-0.04606508677063862,0
0.5303134199647845,-0.15666773528845393,0
0.2212881885876124,-0.678340565122642,1
0.8300535714637701,-0.4483281383424339,0
-0.9997124540546024,0.3493934311311444,1
-0.16947813482758314,-0.005356611607247604,1
-0.5173192367937328,0.8458130022177762,1
-0.878731029266936,0.059465509442604834,0
0.15097559790045142,-0.8479419961035624,0
0.4772499495151103,-0.5898864360269405,1
0.18492728841480155,0.24759833312660529,1
0.37512046535286514,0.44753310438412797,0
-0.10538582677436133,-0.07633667409678616,1
-0.6259055436195906,0.38494872285787757,0
-0.7134409181222122,-0.4175549642324168,0
0.09504667666764746,0.03371754732378045,0
0.4097530662524666,-0.2586938832826785,0
0.983106480986587,-0.28702253662293437,0
0.21810340156881156,0.4030872909972338,1
-0.15801770013518335,0.4154740103277752,1
0.2581530960527772,-0.495576773827178,0
0.1994165202930582,-0.03824191920049021,1
0.057742019500138866,0.6270851293058599,0
0.04771953524618313,-0.9225132821416533,0
-0.40443168021461123,-0.7693340095596439,0
-0.16509043718624575,0.6909439417162758,0
0.09299451785753116,-0.1563500434032113,1
0.7597813711238607,0.5005548730298571,1
0.2919408984180673,-0.3297503358065851,0
0.9729829787594841,-0.3175280194650797,0
-0.6243875206817684,-0.11272025446988694,0
-0.04518200790054795,-0.2474592503645856,1
0.3652893308931036,-0.0055217108802318865,1
0.35447348658987954,-0.45695306138228575,0
0.6722101311723618,0.37364429279722794,1
0.24318295341671592,-0.6779323252319925,1
0.38981611372037134,0.4733356299591478,0
0.8150155503296033,0.31440360812544726,1
-0.7962425644728781,0.5484906207742788,1
0.11824230050681964,-0.13626251413956897,1
-0.849348467073321,0.2574490994019379,1
-0.4106752131693984,-0.6623081501984857,0
-0.08346160106492762,-0.01966843574474234,1
-0.30011544661559136,-0.509097233487788,1
0.14032872336918392,0.8605495257641159,0
-0.5250265911711112,-0.530927704902084,0
0.029320766207683667,0.4350397101587581,1
0.32597205030019566,-0.9020809798637175,0
0.13925541047669768,-0.07466780262692299,0
0.5549501267230356,0.6884770603921794,1
-0.5766368742691619,-0.021028191002580326,1
0.09682613068503035,-0.039673624493871136,0
0.531337802234562,0.1737442966483365,0
0.47585176023312376,-0.07399854794990746,0
-0.2111898098770738,0.20650142597002,0
0.30648841151480494,0.2454865355514811,1
0.2827107999344272,-0.47356224412999764,0
0.688597509317282,0.4650212732960892,1
-0.7445989558629595,0.291314650849155,0
0.23086213422008064,-0.3504434709637194,1
0.27993762875747513,-0.03698973909283998,1
0.015723080938835857,0.9407567167750224,1
0.13498604996517738,-0.8014307848819615,0
0.0874300375923556,0.03636491464930075,0
-0.7255088787832128,-0.4020869854495571,0
0.46901634047153834,-0.11969291920582903,0
-0.18277250276665932,-0.17912197442735978,1
0.08988445129629266,0.46272363827192126,1
0.009286671129072957,0.367972051186879,0
0.78502446333393,0.1627788962875701,1
0.22127634585334702,0.8383731369214248,1
-0.11762236076620579,0.2774980246990701,0
-0.23993262397353793,0.2196003168051318,0
0.48060899062501183,-0.7264414309946267,0
-0.07939537710253672,0.7667200351619402,0
-0.2632047089425362,0.6874620875579054,1
-0.28004109611467565,-0.3225081401239348,0
-0.22360028060102471,-0.866335565294876,0
-0.8404458675968864,-0.19747279509297933,0
0.40461644448095424,0.09512455243196015,1
0.2557401107764372,-0.3101894967066118,0
-0.37589390142221496,0.08458339755092918,0
0.2914113139095271,-0.4686939197066605,0
-1.080059506451084,-0.011098898412484293,1
0.1680579400024575,-0.5739561467547641,1
-0.6494737443520824,-0.003058975821147475,1
-0.04660263409039027,-0.6832249390578452,1
0.07126687968155965,-0.8425236306670404,0
0.22488894316182406,-0.7744005595289389,1
-0.30794755955512954,0.05949203646222642,0
0.10793733173671473,0.4182237041362086,1
-0.5146319589440432,-0.218149972027565,1
0.1536376874601257,-0.29826372085190445,0
0.005172789951076335,-0.1765643311148437,1
0.5831172891270048,-0.2199471742993428,0
-0.8191300191340849,0.5230368942702597,1
0.019122913124214616,-0.26529845908030764,1
-0.13310994412522853,-0.15402978537165407,1
0.10316277621009799,0.052096234858573696,1
0.12249689586934774,-0.09556130901135854,0
0.2074478140127849,0.34011964089716124,1
-0.09860764960754587,0.4237900655191001,1
0.4390671448524467,-0.4623980258471679,1
-0.0852653096439385,-0.11052428397675187,1
0.7456539006049091,-0.6995797336295121,0
0.1520492842195698,0.19110830150995478,0
-0.06933073064790121,-0.12706914558285287,1
-0.09970497436513537,-0.2950567948560223,0
-0.27855637098915276,-0.35825647810589023,0
-0.2088975914572277,-0.5195681771314316,1
0.1586446175914869,0.8697518388734711,1
0.01597005537475934,-0.6315998403447004,1
0.4619701091994045,-0.17560882064751435,0
0.006997164723509072,-0.10242986211920746,1
0.08787767950654504,-0.6345288742792377,1
-0.9404553449177865,0.03750483162917535,1
-0.34054766924697566,-0.10505121203765544,0
-0.7169937965092563,0.1584047646753022,0
-0.7616524435890717,0.06336234983638096,0
-0.7563126780765197,0.5329678085443013,1
-0.4594376367334421,0.7827647435466987,1
-0.7453817778604148,-0.11823315335987118,0
-0.381290649359286,0.02258588990332283,0
0.5247131919033855,0.22018691510146682,0
0.21390109572633742,0.7535750793451934,1
-0.06508711826132038,0.40211200000602904,1
0.5048702777523493,-0.29167799942857264,0
0.43874030192162294,-0.5357733178717442,1
-0.15196305784695152,0.898675600408391,1
0.5766351729750993,0.17690881873055186,0
0.09867561796207702,-0.00026578529166920717,1
0.15703620682974823,0.5248368816591659,0
0.05255463961441265,0.3109146771685859,0
-0.4307037196214507,0.31993141370417016,1
-0.0452308129972986,0.7060594889842612,0
0.24548811841629642,0.2520620927826367,1
-0.2973808531545252,0.09044330306345501,0
0.1365201050082407,-0.14675078689583665,1
-0.6873199262091958,0.09257343444808203,0
0.71757545360751,0.22702283155258682,1
0.5388111079862051,0.4067745667027834,0
-0.39980335263142386,-0.7004795335869655,0
-0.7674935512489667,-0.08070869969042124,0
-0.543510662484688,0.04387023579148837,1
-0.24030695244684402,0.24214557912028956,0
0.6168212167636936,0.2657935581410024,0
0.02198348345954767,-0.6802615767046504,1
-0.46464978068669577,0.29450595744664015,1
0.5228009107261951,0.33887540779490966,0
0.6721791605844191,-0.7191854290436404,0
0.2907112628980675,0.24591031870960828,1
-0.016502623783365762,0.2756764189522699,0
-0.6623600075304291,0.39447349787537844,0
0.6558899272252283,-0.02691006146379407,1
-0.19690102124124648,-0.4933817460509863,0
0.2460124565051085,0.10140989240104861,0
0.04485822812298518,0.108130320586911,0
0.6969397651036784,-0.060487439321299574,1
0.12048332552445104,0.19438626792022762,0
-0.6283576487533689,0.7294718024966328,1
-0.6439309309347473,0.7672061002239282,1
-0.16274385636763375,-0.22879381593906312,1
0.6409203103600886,-0.2653048766761184,1
-0.13168146225657368,0.3008419393850136,0
-0.030706006590053694,0.14181196473659013,0
0.29584255286808464,0.17056499154695837,1
0.5185632119535504,0.28211287606627616,0
-0.3300200151967189,-0.1695803335909569,0
0.15153349208156264,0.18039161212271695,1
-0.008118089585834203,0.24393108873913621,0
0.6118486387401223,-0.42426664477696985,1
0.6470877390888704,0.5128037144766215,1
0.576229671908204,-0.2771768441121377,1
-0.39017587148131855,0.871820374476386,1
-0.5442475707139862,0.25660457239796153,1
0.04124928949323582,-0.193071243816406,1
-0.17842289006752624,0.20651652212724925,0
0.48557419123572376,-0.24140742624295042,0
0.4599805147215908,-0.33160160906616426,0
0.3171436794778093,-0.03507127303680148,0
-0.055087747064970334,-0.9639469886798012,0
-0.3199985439431841,-0.43066474749979805,1
0.0316385589016393,-0.2546284373313089,1
0.06532509762436811,0.1879619481780176,0
0.32989835067107237,-0.09392194142396576,1
-0.09362677820117177,-0.3831035216456881,0
0.13842503651801977,0.1262630144825216,0
0.8244232810928411,0.3271216355995705,1
0.5990507126800875,-0.19779799694991573,0
-0.17647245954242624,-0.1250852973065343,1
0.5007664878452578,0.14597290123075468,0
0.15522688691189018,-0.9385572646065362,0
-0.0322134232322705,0.17786425441645864,0
1.0453042707695697,-0.1563609464795313,0
-0.2433166010548328,-0.11144374962706899,1
-0.508669199535837,0.07309993839596493,1
-0.6824116204585171,-0.6389202865566205,0
0.4580278114017382,0.17321534532255617,1
0.7406439998758909,-0.26634918746601594,1
0.11631961031394882,-0.015135483303884784,0
-0.18262854001854617,0.8703168476422013,1
0.07187596351255518,-0.2600079161053316,1
0.2460678410974346,-0.3388115110769493,1
-0.12322309286798284,0.8599844449351425,1
-0.672172233041806,0.23162286913537986,0
-0.413482041483775,0.7486450061290365,0
-0.23773206200190145,0.04057941326579392,1
0.13896248534784494,-0.7181602588904982,1
-0.019072441920028105,-0.7248780269627418,1
-0.019151728025379844,-0.6677162008651758,1
0.8622640921971668,-0.26710239250179063,0
-0.4404862241298731,-0.7682275273804517,0
-0.11065299836785572,0.6627071021061748,0
0.2615376645728591,0.9072109316375818,1
-0.6468696203231707,0.0409270901053268,0
-0.11391266020113376,0.10856494381928783,0
-0.30947015185578874,0.438763076323458,0
0.09041368090402066,0.9731329632757624,1
-0.15944981928181073,-0.02209681870731715,1
0.2529996890873668,-0.32621696910065107,1
-0.07086055028122051,0.3906371078649037,1
-0.030219858155685213,0.7972780365536485,0
-0.25895446731416216,-0.8701082174702957,0
0.10688029315975522,0.11340363168799791,0
0.7401260143518441,0.33992971730812666,1
0.5122101826953498,-0.25403910390410134,0
-0.09359935306805031,-0.2655945978475144,0
-0.09994878636666733,0.1975084959294364,0
0.6712495887479933,-0.48843918941601194,1
0.0002292296591692583,0.4189301149277269,1
-0.7896761608476359,0.3896295278050232,1
0.5638552932089371,0.3125615638852919,0
0.4728185042923033,0.17033501710494336,1
0.8706798587080188,-0.48852337581700706,0
0.5006967339338564,-0.6698998667347789,0
0.5848343008843846,-0.04142034817125678,0
-0.3523412183574106,0.0376917616700805,1
-0.9491092718962135,0.45375705692101825,1
0.037635298899383454,0.02160989850450604,0
0.028046070060657124,0.4412203605074064,1
-0.15206869088596112,-0.4389059716886474,0
0.013874020806859996,0.4628963998676473,1
0.44922944103885454,-0.08249766999169193,1
-0.9689760669128245,0.2821889346754487,1
0.05958851121426574,0.00619236188836777,1
-0.8452367388617372,-0.3214494292498704,0
-0.7197441435660136,-0.11685643370422567,0
0.08829629216985974,-0.2697163397479698,1
-0.4504522736928749,-0.2959454627510527,1
0.46344855538794033,0.3985483368925097,0
-0.6870273365120565,-0.3584980032881032,0
-0.8232130429594047,-0.20771283049432443,0
-1.0288107373094733,0.14562564268182987,1
0.47029199974521174,-0.6361644337132367,1
0.21498535558741783,0.4316108376911217,1
0.15110238603052473,-0.12586110754503904,1
0.2965264822072575,-0.17850846420712563,1
0.5870636795022512,-0.6898530592996761,0
0.598844345916769,-0.3741302212652582,1
0.6811610413555305,-0.5866723693723745,0
-0.13884435587844784,-0.6471789194107801,1
-0.3874611387281186,-0.05851625316730251,0
0.5306689385734584,-0.11102058406869011,0
0.17509572488416728,0.38671958979701593,1
-0.2292741057077253,0.15813316109587922,0
-0.11787286230497301,-0.11394181342527578,1
0.6269040557441425,-0.04730219599892228,0
0.09542383873647448,-0.31497318057685353,0
-0.2792873787706024,0.28607494823652485,1
0.7343416846649038,0.15563298461293074,1
-0.7788621643973211,-0.24118728337205314,0
-0.7791239264299139,-0.15644097640185456,0
0.2094458559644122,-0.40720134876142117,0
0.512783708239941,-0.0647935739272682,0
0.5827527288396536,-0.1026993661244779,0
0.7402637077259657,-0.36329520291566514,0
0.08271104729306678,0.14852134403232994,0
-0.5035141764268571,-0.5341569019985059,1
-0.27910438622968675,-0.2965747880117504,0
-0.38266271618427367,-0.02949852864473189,1
-0.18410926348159506,0.7131529570616187,0
0.20561731003183456,0.30251471982551015,1
0.06833971694850609,-0.12009960631979186,1
-0.12895937475866623,0.6625709565393527,0
-0.07676200984807094,0.08723347024852623,0
-0.06457470459415117,-0.8163037927296922,0
-0.9726701967628392,-0.08428745243929563,1
-0.034318837277853106,0.6340557302491211,0
-0.18094179174056846,0.5576007017791093,0
-0.20875584675014347,-0.7044792376521566,0
0.29805719140711256,-0.14428177639008422,1
0.2324948879540628,-0.04716543075156967,1
0.23254644424224508,-0.27202988646043025,0
0.3814174029453281,-0.7799128493379593,0
0.5899216839972365,0.3861804501699082,1
0.2195198298064116,-0.8683198589479203,0
0.23415861153802406,0.2639493360210654,0
0.3474749618652945,0.016931606950223776,1
-0.25386002966273336,-0.06884134888910565,0
0.0958772485666642,0.062220898171147496,0
0.708815592136071,-0.40135260182112253,0
-0.11818134317890867,0.3199054472362033,1
0.35023880709054794,-0.11570460712722808,1
0.07735907922274667,-0.17421239089842527,1
-0.3448273238091692,-0.7418914042613222,0
-0.18239736559616432,0.3765985040438247,1
0.19873176305706658,-0.22172161600351437,1
-0.3437353139489295,0.46937689989130116,1
-0.8601274289857848,-0.17010710521540245,0
-0.6992106521449095,0.8309938241088473,1
-0.15610852107750464,-0.2274240369427948,1
0.34792241734550067,0.7563784411600426,1
0.4448853757860117,-0.34863555113773226,0
-0.10203734498579858,0.3715848391864181,1
0.264912699017556,-0.2456936381082343,0
0.2718086604506152,0.49099874926392784,0
0.03827684298868042,0.8875832328251398,1
0.258172114916345,-0.20040994626368544,1
0.050766744270181935,0.8213112036675033,1
-0.36145789946994905,-0.5251322133778039,1
0.03443269712691013,0.18255442761206594,0
-0.0988727029382837,0.3465850821915888,1
-0.294269532200758,-0.17332108683523734,0
0.5161788529095324,0.15513694870649297,0
-0.8466239990364439,-0.029209743801373277,0
0.002596903067440426,-0.026574326589451712,0
0.8571293978452965,-0.1857648357662035,0
-0.10954146462503997,0.5069398330946753,1
0.10631251447659842,0.45405575637701834,1
-0.8702300721131176,-0.41518458350281545,0
0.2451275273266156,-0.40954586456450465,0
0.27880874446949583,-0.1754695313700784,1
0.832796614066613,0.24107705445481503,1
-0.3494732172044048,-0.49351462464392465,1
-0.1693633541914439,0.39265506886870827,1
0.4023893750841846,-0.018113680281915533,1
0.24837097697479368,0.631077537078506,0
0.13050526708716098,-0.485053575019017,0
0.09709678113873076,0.7039723477677379,1
-0.09345413309624605,0.15292645469708438,0
-0.13825684688604187,-0.10635005908942738,1
-0.2430289055327311,0.2646643832563638,0
-0.7243873469773353,0.189949371229592,0
-0.07417263013679426,0.33191371257971264,0
0.658004181978667,-0.3127479190502813,1
-0.6426509675324249,0.2888546887889912,1
-0.8062285295301883,0.07524964259419857,0
0.15773921176122133,0.6347015447600833,0
0.22126260728064956,-0.6555023487561286,1
0.7886011152843557,-0.5330886662843439,0
0.9748137512804591,-0.31252842029173544,0
0.04323241980918554,-0.3113754225700667,1
0.0644765946532464,0.10112298444769693,0
0.25331346554625567,-0.06891266094443621,1
-0.20266246700133755,-0.18237522437142822,1
-0.36797926085947985,-0.2929947027205645,0
-0.5402089553867634,0.6999442987831342,1
-0.48188612561736377,-0.2817375640551304,1
0.3474750555924423,-0.0391336911143415,1
-0.3251622818855004,0.23447203896145635,1
0.1630956108700186,0.14401722329124766,0
0.7049709119301991,-0.3133587518583519,1
-0.9627028888797389,0.3553283860573637,1
-0.5952614017842611,0.7367245561302697,1
-0.8273437946294598,0.16745277833609407,0
-0.382208175073172,-0.7686078428776402,0
-0.07691133614046113,-0.6163783286486009,1
0.8140148053979707,0.44695482723474605,1
0.11527417981152008,-0.0842997507132669,0
0.17921294668526574,0.6384045235050889,1
-0.39585217365045045,0.023816001154089522,0
-0.08527016591489758,0.5634577777765095,1
-0.9367552950371181,0.42840595184201496,0
-0.0845954687256186,0.026815845713536457,1
0.3533791685770146,-0.24013377332076252,0
-0.10187357338684667,0.8963718696576151,1
-0.2729167819547035,0.5748580501566576,0
0.3539464405277307,0.2460851853886903,1
0.2269092802168608,0.896998467567343,1
-0.48279999872460533,-0.36017929953711597,1
0.13184655219716399,0.101056958314298,0
-0.17949523380027638,0.15559533042250795,0
-0.8191274399050325,0.37107937738504876,1
-0.5685551390721877,-0.29799767065562005,1
-0.4329216921054985,0.658614610171321,0
-0.21670964515546312,-0.25438378438864706,0
-0.09526885816225755,-0.12295237341557591,1
-0.05543021202103004,-0.18656817354705577,1
0.10148638383132526,-0.578806137464012,1
-0.01633948624742377,-0.16457062931117533,1
-0.41673920873804576,-0.4151139986948845,1
-0.09140963430053427,-0.09357664087327994,1
-0.016967980963892883,0.6146313045082198,0
0.01655269542282168,-0.5605172847143378,1
0.5412728422544693,-0.5670375464930991,1
0.8024897673385816,0.28171154043915164,1
0.4946138101014039,-0.2944125323292845,0
-0.10635605043275985,0.20431782098638768,1
-0.05445374198873518,-0.27524583051059953,0
0.4492708727394886,0.1612579685067025,1
0.4164813838754203,-0.15950656651836193,0
0.16767004067995686,0.10798859780560169,0
-0.5482213616830829,0.08687745265946953,1
0.7909275532196399,0.1693204886898689,1
-0.2189923911235011,-0.23115029509554194,0
-0.5074787170787961,-0.7106275393271619,0
0.17984193481749777,0.11716846071915438,0
-0.0989616427531972,-0.20063442119214892,1
0.7348273771095561,0.6068937959002961,1
1.0563164854988518,-0.14127100360161665,0
0.025160805125263558,-0.4551018384731659,0
-0.13042590135356774,0.12723191791520427,0
-0.029113286147210295,0.2668843273822334,0
0.28878919438427786,0.7711618369624511,1
0.023905402596162195,0.2199536656380821,0
-0.47649444324758633,0.25737433186119746,1
0.8105989966483453,-0.21498070584381046,1
-0.16867273928931822,-0.8887924617510727,0
-0.8299991181617864,0.6754598474283056,1
-0.5295904076313998,-0.16213863727289124,1
-0.13657981757046814,-0.09960813696326913,1
0.2112123320102813,-0.23391545975025366,1
-0.2750115668053419,0.7038824205399579,0
0.06973011025733464,-0.26582290710816725,1
0.3802712362150257,0.5345683261967539,0
-0.009860050043908773,0.2049280922794589,0
0.06139965587177712,0.2072221318931659,0
0.38223644489743536,0.4767177059240445,0
0.1538190710049554,-0.2827877039952471,1
-0.7975413809939297,0.3338049883641709,1
-0.17986295254317358,0.6464017593961153,0
-0.10607017147278516,0.43407437420378076,1
-0.5548629250979127,0.47766721230843034,0
0.019030496748528594,-0.048954099763002176,0
0.4493432908953485,-0.1312443531646095,0
-0.5273874457405535,-0.5405392015682837,0
-0.6966669639303311,0.3492791418463787,0
-0.08078421221047542,0.05990695662578917,0
-0.724074122264765,-0.4465649413683582,0
-0.5510821468533222,0.19705665518941617,1
0.09912632394688312,0.0730229910447231,0
0.7422065298161071,0.05586931143138965,1
-0.3089821651140364,-0.6641114429487698,1
-0.41554858644034587,-0.2627333498181563,1
0.45282798476701014,0.1525582490125713,0
0.3898347758827147,0.5181628263826904,0
0.6342807789586384,-0.5282362362021543,1
-0.3938728809802176,-0.44220477210753706,1
-0.5557502127212162,0.7961900314004141,1
-0.2055914437622683,-0.13942533852840133,0
0.49867301253756524,0.128271485841843,0
-0.49125206158021806,-0.19703745916808713,1
0.39917935537186083,0.31477899253661007,0
-0.6457712108130046,-0.6034817611335179,0
-0.055641266358147964,-0.185082569193109,1
0.706597029543766,-0.0502092286924393,0
0.4222832201785561,-0.35004421815239883,0
-0.40726469356470507,0.572830826300073,0
-0.000352279584607082,-0.3249597969747027,1
-0.15173785830572967,-0.1876779972628632,1
0.17642040028962722,-0.3048532602689626,1
0.14442103034387066,-0.630115318615885,1
-0.3314813311274999,-0.05967486601200797,0
-0.07851782691921072,-0.13422915297792282,1
0.21634762890205572,0.4074554377081862,1
0.12691854613980302,0.15200231274797468,0
-0.13644685127086853,0.02682855237178132,1
-0.2819427486204993,0.4288441145274141,1
0.12197148916637446,-0.8978733616180107,0
-0.3480083243197536,0.406541646594765,1
-0.26043678148915456,0.8842066221002653,1
0.2907944872792946,0.760240524435405,1
0.07687211187837469,-0.024550520719804535,0
0.33661412994853035,0.507878394736181,0
0.6877749532158043,-0.3357587515613593,1
-0.37587462181955417,0.15866896819879997,0
-0.016355282194362775,-0.4834912325551542,0
-0.8207440883948676,-0.20343599580932506,0
-0.14688039639668737,-0.11505442812111004,1
-0.28122931074132457,0.25511399842870336,0
-0.23853170516354888,-0.4555334641643961,0
0.18864907630031466,0.4159475358229463,0
-0.4440909979527611,-0.17861804567926887,1
0.6609096201587079,0.586643415871481,1
-0.044629845551173775,0.2505992235915892,0
0.5628731772689722,0.6986574151191526,1
0.09043117329858236,-0.7244347047656224,1
-0.7456608884688123,-0.10018217313168774,1
0.1696733975585331,0.6116420754962641,0
0.4190850092199562,-0.8297494781490135,0
0.6567781565522393,0.6762435626855557,1
0.471655432286203,0.06139763026137694,0
0.8928585149240127,-0.463772863500363,0
-0.09317825582289266,0.22474923013560294,0
-0.03917341507120282,-0.16571479084530297,1
-0.5483528472140239,-0.05736016351758698,1
0.5763853050396399,-0.42781999956019373,1
0.2505959825171395,-0.054470227867229826,1
0.37777213059282977,0.2081037685009177,1
-0.2364417233190259,-0.6885376470808645,1
0.16081815339611405,-0.819978607848586,0
0.3720481113941239,0.08575960936658748,1
-0.7750487762078986,0.31968127056832596,1
0.6939604901016356,-0.15831417313346818,0
-0.979355039224348,0.326960948620998,1
-0.37760759624443974,-0.09596497198099802,0
-0.6907853047692212,0.6617923025594111,1
-0.41950731280940046,0.8384080253729275,1
-0.4136973829630907,0.1769809399105883,0
-0.6393107974953086,0.9210469417113608,1
0.10944621553494881,-0.018000484800295216,0
0.1252435131137674,-0.00465795835800116,0
-0.7530639630772913,-0.12957671983287528,0
-0.27191918027250317,0.4185835765066067,1
0.35662989937884093,0.4187412524871639,0
-0.38006666473059547,0.17539820914501608,1
0.026446031192250002,0.14902070990790547,0
0.04951759221582469,0.19030349947808814,0
0.24292034122577677,0.3198533587733954,1
-0.6404430160790524,0.7414147669869381,1
-0.073535678149573,-0.7669094829042987,0
-0.29602564969078615,0.7147884352470237,0
0.03174157978472963,-0.05965516301666576,1
-0.0919631412460909,-0.152295201628471,1
-0.16827832742937196,0.005530003520043361,1
0.3928526354106917,0.08013695723284847,1
0.19023014235385546,0.558661957257212,1
-0.42006895402145783,-0.7203168412982772,0
0.1517518672358209,0.5868575060275172,0
-0.1680168528937054,0.27096566590243093,0
0.46739829060992716,0.07983251304642144,1
0.4776920827894353,0.2455130063531345,0
-0.662208683768428,0.3437119931605606,0
-0.27280522093975806,-0.39065748993002347,0
-0.5433036188857157,-0.3586485214041008,1
-0.3961780268963227,-0.21586300747178702,1
0.05144041909849817,-0.21293402560038885,1
0.04868847189922548,-0.15482363159681867,1
-0.5864269782284655,0.39652588668221544,0
-0.0171328051263993,0.361158447122521,0
-0.5102635673947821,0.2811826873822869,1
0.5626293803238396,0.0453607269224781,0
-0.3247135774456106,0.4276223314177178,1
-0.32505469516717433,-0.7391735451480422,0
0.024575816135277928,0.17525242878195066,0
0.09487282568761156,0.13431532674557287,0
-0.06231710948061152,-0.03441741537132194,1
-0.49868051728666807,0.357493508048206,0
0.8853422039510069,-0.48923367944033763,0
1.0334456348608831,-0.355419704274431,0
-0.0013845639209193183,0.33004604204113624,0
0.058881848308211526,-0.8726244552180666,0
-0.6854399122579214,-0.5747499633370291,0
-0.9963705404091996,0.20383798963528788,1
0.12891179159291277,0.664505563604852,1
-0.19787669102667382,0.15512563301224191,0
-0.6400939470046519,0.23506620444584272,1
-0.40832624223696834,0.6619112314278824,0
0.5119594749006873,0.7995363011302054,1
-0.5315519118788435,-0.5955074933860814,0
-0.4610137533951854,0.2015496796491656,1
-0.2765280662376866,-0.0446600005296754,0
-0.13681602663618467,-0.31096832724966383,0
0.422746435811586,0.5169215951714077,0
0.373534040396118,-0.16398929311663896,1
0.29363111460475083,0.5928384625807549,0
-0.4635255298095962,0.3916530698116453,1
0.31527620573957593,0.854274496417808,1
-0.3078837307359822,-0.08343260682606543,0
-0.5332134510031664,0.32574544735667965,1
-0.9351418398812699,0.3380128739582757,1
0.24687719419104118,-0.3177471110152443,0
0.022720817771412452,-0.007692536225149316,0
0.6324218661982628,-0.6178754015746085,0
0.4741946215932184,-0.5998667518406162,1
-0.24787022833189717,-0.27296634482540016,0
-0.938578214326058,0.007738469895630838,1
0.21242604373077334,0.20588682522513846,0
0.04618612530807353,0.2916541734306347,0
0.08716776516913627,-0.0015573488576638844,0
0.16695318674642154,-0.925743866295151,0
0.38021715214038926,0.5571438424758964,0
0.813415198615254,0.341266750861879,1
0.3584579693159333,-0.03845292377624793,1
0.05261024035911275,-0.3962213115665057,0
0.10333138011776571,0.33282773175445396,1
0.43928445530532356,-0.33837765227670324,0
-0.41113287701047574,-0.11253974359154165,0
0.05275354756346037,0.41250968560199863,1
0.18894045881620836,-0.4982924579351621,1
0.2121440069815523,-0.027230109407475937,1
0.242052680831543,-0.015610140754748453,1
-0.3448421952257806,-0.3781989729297717,0
-0.7272131405362251,0.6629553948000424,1
0.32321847433953943,0.2084593833346441,1
0.05964484078631954,0.45792966979417526,1
-0.21464467926970973,0.08837253065832221,1
-0.2729275224767272,0.6193733253036887,1
0.44008528106864014,0.7182410168262533,1
0.20181346933906485,0.9497759757645718,1
0.37069163030967406,0.5555596437057977,0
-0.03677353885489899,0.383743861163821,1
-0.17082719257582785,-0.07365044384519599,1
0.9079001157340595,-0.6176748218070873,0
-0.6629713106079917,0.6061818207198651,1
-0.9343221344159683,0.03583215236578295,0
0.4566880254439922,0.5350735450892874,0
0.2766082731819425,0.38523656188654776,0
0.3816851980148523,-0.11640498587593016,1
-0.07630995495742102,-0.721166273136195,1
0.5393837633389039,0.7774195758417878,1
-0.25299089806928,-0.1248038902699395,0
0.35023242972332763,0.4156998969328265,1
-0.30641832181282624,-0.8665753261347234,0
0.07661790013052777,-0.26357811225443695,1
-0.43342298487079184,-0.40066998933935194,1
0.007778249218770239,0.46953122061681984,1
0.20631431302284498,0.10442945926363509,1
0.08706802890707127,-0.6131217672794183,1
-0.023638332598105244,0.34165804015190093,0
0.5477860080337471,0.38779971787742107,0
0.609347891137626,-0.553986454876064,1
0.06885259933937991,-0.6172722749913603,1
-0.2897924439494094,0.21917425807939955,0
0.6456196073052318,-0.27384759025971617,1
0.2535265091151719,-0.6442399296677659,1
-0.8444942673014151,0.390526771759982,0
-0.09935249704034951,0.6635851433451062,0
-0.9850993819330351,0.2721366580898209,1
0.16999397912756686,-0.20090965487886714,1
0.06969467185315528,0.44445403782468945,1
0.08752094569680077,-0.16494170047010567,1
0.1550942088627257,-0.7993401539987284,0
0.1567215910434142,-0.39597674281029127,0
0.09989676055012382,0.093829686545661,0
0.22625254550713644,-0.23398119623936262,1
-0.46784211667041764,0.5418709019485228,0
-0.22291804603694473,-0.6361555028692493,1
-0.282959209563786,-0.32607749962147514,0
-0.5260912625842415,0.26114630769678454,1
0.3031380858890391,-0.45066216447613333,0
0.7270117558421654,0.15064012292849,1
-0.06529684962143417,-0.12463987732123427,1
-0.15743848482780165,-0.4082113234585622,0
-0.22533115457454292,0.2201163202049273,0
-0.4999222403704453,0.12082348959955574,1
0.12897370081528178,0.3088019655348716,1
-0.6204485185505417,0.3551983986951601,0
0.19240200700199223,-0.963789900132551,0
-0.6978013272342676,0.2508137923114715,0
0.4828425099539621,0.6902592683562382,1
-0.016085661204332066,0.46834266892365706,1
0.32716599871955804,-0.7838196818695091,1
0.6111136451929057,-0.8633233685013328,0
0.2963636541956279,-0.8167208352483882,1
-0.04096830623915505,-0.1112139189583441,1
0.005405069678335005,0.5830045204109079,1
0.2667222521282018,0.38575128109339074,1
0.8770624988234026,0.24234422953274137,1
0.21387697439697556,-0.3412321367353402,0
-0.1686192708451878,0.5517292753848522,1
-0.28571586257740833,0.00966327490566709,1
0.02565021597830488,0.24844110593950797,0
0.7115136492027488,-0.18677074373783778,1
-0.34086761861810155,-0.22760364253354481,0
-0.6318261514202768,0.41495156312542697,1
0.304753329788892,0.1485993621445067,1
-0.1052442124829901,0.07323699764444792,1
0.44832010283675594,0.28971394112494303,0
-0.7932588271731305,0.7505222539543076,1
-0.09383400015912886,-0.16567495214335498,1
0.8766341249802962,0.4717739874695758,1
0.2861589561134022,-0.8573673046335314,0
0.13819899000102426,0.4883513255525286,1
-0.11214659657539111,0.1510661190788371,0
-0.1405750782020378,-0.7792142152263389,0
0.31345484990417405,0.24259138545523287,1
-0.28584927067185467,0.12042827373274226,0
-0.46989314543234983,-0.2135382213863578,1
0.17893337479637791,-0.8398117322528043,0
-0.008203803689204328,-0.19896890162968603,1
0.6900707578346111,-0.23910829234573125,1
-0.10415064969937006,0.3453716514155317,0
-0.17592258424156482,-0.111311164874377,1
0.11535480485074122,0.6944914656746914,0
0.2799698186175593,0.37159500926508615,1
-0.3154156048487453,0.6789495915395137,0
-0.8152806882873684,0.35587256944040974,1
-0.6441433223604921,0.28177369544939757,0
0.5837956329982276,-0.5844831810928558,1
0.016857261041255105,0.6405273527479033,1
-0.06004608339877319,0.07493749886728586,1
0.5727816964458494,-0.7669489997611442,0
-0.24475428639480273,0.6841018936067216,0
0.7312202516198053,-0.17346227828175909,1
0.11296306320667163,0.18973401668855017,0
0.34253283242076327,-0.2106377561447419,1
0.33047323490509123,-0.6332992199904215,1
0.8124121560472553,0.5966946442675567,1
-0.6520233792560133,0.12612513488706778,0
0.4527047329169529,0.007755158255185003,0
-0.05087458506488386,-0.4045485992812152,0
0.6368976160861952,0.2875090704493477,1
0.509517936470526,-0.3688091824873485,1
-0.2897160704762457,0.6717874243648356,0
0.7114761610994734,-0.5031609750041698,0
0.3195555088724164,0.11675484187206259,1
-0.18493511841832438,-0.1590498282512867,1
0.17524539094218952,-0.29073036554276593,0
-0.46398402537867983,-0.4023988339008266,1
-0.011933415123993048,-0.11977373460605503,1
0.2359197377087543,0.3025014756754003,1
0.8784599643618336,-0.3590209217500521,0
0.03272695235774643,0.04158549509828091,1
-0.8810165935103238,0.23228643541102126,1
0.1577855637847403,0.3669933659036354,1
-0.7931175659909737,-0.13120210394828785,0
-0.16950683971051567,0.9959808028495287,1
-0.09751577295493602,-0.12339970814180037,1
0.14774633091034584,0.08487230247574948,0
0.09229520085557247,-0.3428356976668728,1
-1.0782220266335811,0.17953367657559788,1
-0.05250589492358819,-0.4582642038420596,0
0.803700639498821,0.07051567713196394,1
0.6587258932121508,-0.06640395633984592,0
0.09225760775867228,0.2722429591547992,0
-0.027048980825660533,-0.6785822023953553,1
0.5901714920653739,-0.6802271254458625,0
0.17384495156138186,-0.08461324124929871,1
-0.11337633798912718,-0.033649259874073044,1
0.20678836805147327,-0.13520515054352245,1
-1.0669215615392942,0.43082486027071487,1
0.1277577391102193,0.45551051469670734,1
-0.12212590841227508,-0.21171201152621996,0
0.1828194071852439,0.18977183319821872,0
-0.01755086654703715,0.37125898274032815,1
-0.5365283092306121,0.21904734491044678,1
0.5139187542719621,-0.812444611807555,0
-0.7061215082988006,-0.31379639725895553,0
0.2311478334272433,-0.35268240226602665,0
-0.7191768355136593,-0.19748397210534926,0
-0.19239608178032958,-0.570048875304528,1
0.09534682720929782,-0.5254182974077205,0
0.17883629727780473,0.1562162958266598,0
0.402156608513205,-0.7425246630519718,0
0.3299125682722211,0.46080939277863775,0
-0.13892596584882658,-0.6936713928839663,0
0.7567620510502949,0.5644394802033508,1
-0.5061667893937947,0.44833741984091463,0
0.8706803541552757,0.023395533011860717,1
0.6834686331755576,-0.426466373854152,1
-0.2794756673047821,-0.45725357672619343,1
-0.08795753252255775,0.3357836824067943,0
0.48531121568619334,0.23918095746193652,0
0.12118954426259289,0.679927497829934,0
-0.8936767775510109,0.2318915358133955,1
0.2590941733932969,-0.06460731334304068,1
-0.28333440973333185,-0.15139100521079585,0
-0.363455161834261,0.10159832297617194,0
-0.14953420361342634,-0.31989638794685904,0
-0.3239924677882955,-0.02198270568498606,0
-0.2608186267254811,0.3797821958835687,1
-0.5379499854811395,0.006436738514054699,1
-0.21917473765497944,0.17153866046520097,0
0.37102377690425903,-0.3257170798058123,1
-0.470647281383886,0.1301493877681306,0
-0.21600774728693414,0.3700801571972554,1
0.591192613365706,0.38773314655806224,0
-0.1219569521961987,-0.028206185528296977,1
0.5133666906855974,-0.6809362173498548,0
-0.26429826973776727,0.4218421032331717,1
-0.005554362774505883,-0.056888742030999445,1
-0.8262184150399966,-0.01461871672008884,0
-0.2256550071393142,0.06688322794992971,0
0.5796659295959053,0.5670498879947061,1
0.2152669901728535,-0.4566479100857626,0
-0.11987879426951721,-0.026518384177003612,1
0.25999841204972135,-0.06434244521504942,1
0.3102501880811558,0.5178606081967414,0
0.2814486928427555,-0.14178613138254603,1
-0.2721042043079561,-0.34147351926503305,0
0.2031075416056417,-0.7380387662484744,1
-0.5921878922092308,0.031447145979528884,1
-0.6725363957228923,0.0675994798532806,0
-0.07214232985524399,-0.5363850372877699,1
-0.43664585412463053,0.15079263081770675,0
-0.19920958999748067,0.7270011815183135,1
0.21671351060529953,-0.4961178658588117,0
-0.038133498686262965,0.26405816255693504,0
-0.8474927481176703,0.4032722925104796,1
0.46747986807443676,-0.24722791810662612,0
0.27514107314362485,-0.41592761478862894,0
-0.05650327017389119,-0.10844424431879601,1
-0.012350478402724522,-0.47709502050175423,0
-0.12282968761552213,0.7760840084166679,0
0.030495675681686554,-0.1142255846369652,1
0.31808329561080073,-0.3921078040736085,0
-0.5983941415009976,0.15891528018507325,1
-0.015879031862199904,-0.7202898117116519,1
0.5070266437572294,0.3605286157793922,0
-0.153328148271692,-0.11762744603807412,1
-0.7456420561136062,-0.13519765472877965,0
-0.15813483143851959,0.9019754435136146,1
0.002138479316084893,-0.6165283083739178,1
0.2620411940715543,-0.8392846853961868,1
-0.2786549809965184,-0.6269313319814569,1
0.07395666141571848,-0.26225647475516567,1
0.07076880089627281,-0.6286555577297371,1
0.2918553275414652,-0.021647034340172972,1
-0.01758485773532055,0.18487161677699337,0
-0.6090978112819766,-0.2682361511589735,0
0.10999663824664074,0.39739711280975853,1
-0.43865537587437703,-0.5558697583014355,1
-0.5710471565563184,0.550025057010806,0
-0.19090584977980884,0.21757799515950094,0
0.5215244918896151,-0.4209636147379249,1
-0.5833335358855416,-0.29820745698875295,1
-0.5598679675942071,0.10621972168256844,1
1.1299242495961286,-0.09647703722491068,0
-0.16180373117082236,0.2058863200949995,0
0.5612899064726983,-0.598648667039166,0
0.1698979879705695,0.6055304277386411,0
0.6209017145234077,-0.3518072396731854,1
0.28709508049436205,-0.14483190054647904,1
-0.24414998198666918,-0.1154425314459507,0
0.15421005244964803,-0.6919976102179954,1
0.24592570558204677,-0.626136656365292,1
-0.4190803835362827,-0.2151512918367004,0
-0.4400729506629641,-0.26210652514750693,1
-0.04178899119165318,0.21395709410308741,0
-0.1989656969088328,-0.7042761944288858,1
-0.15931609979995187,0.17082413285427098,0
-0.10200744464930439,0.06916029428320632,1
-0.1455880234484979,-0.622161995368461,0
-0.020388672773193478,-0.6713290748897166,1
-0.06496862960106711,-0.6823773494545798,1
0.3806641188143657,0.15269462759493593,1
0.01730939407420702,0.19220422446437407,0
-0.8719124102779561,0.3725862890242959,1
0.03989658920079235,-0.3659161970360443,1
-0.8139240272825097,-0.20771108603619662,0
-0.9365595349787621,0.248380746859668,1
-0.22148782793961405,0.35630440799280416,1
0.42616466351599164,0.250200228384689,1
-0.0053438939555461445,0.23677980318102637,0
0.686631186237957,0.1294863698447305,0
-0.2405564286533426,-0.17180761447153586,0
-0.4180862019235807,0.7671889116420446,1
-0.47561681971837777,0.7624793656390515,1
0.7924387949774693,-0.40091726458756954,0
-0.32638513085573195,0.25950961941429834,0
0.19688062932541012,0.8017963979717158,1
0.17557016087286711,-1.014296741256675,0
-0.9216928116541968,0.3517159733817768,1
0.6365569099940853,-0.5351822557870682,1
-0.73348398601193,-0.5820534001199295,0
0.8797732448575462,0.5226777672071901,1
-0.819809902355811,-0.02926030938097712,0
0.46024038743933826,0.67360607531692,1
-0.26051429394768066,-0.8374628864119333,0
-0.25695712671887644,0.04203467802225658,0
-0.2798888042643877,0.09905488055292197,0
0.1732590372246206,0.46499217412233024,1
0.16624440586503653,-0.6503733623186588,1
-0.14451778176425015,-0.7412585369112603,0
-0.3849255057715092,0.9414395308785527,1
0.37488485155847107,0.03355881768578714,1
-0.21008507460195022,-0.8478903223572085,0
-0.009306068614970624,-0.2172724822368293,1
0.21153050750540647,0.5990746730650491,0
0.3280512797293256,-0.7690831471196423,0
0.18020825439070154,-0.1516187324268657,1
0.10605803172871446,0.09943467940422954,0
-0.7561308243738751,-0.11608128944290028,0
-0.10737750174217517,-0.1635517593605996,1
-0.5425620009445684,0.6127105488300377,0
-0.20227589246217023,-0.3100754054522278,0
-0.1018213638947598,0.3496689397933931,0
-0.21124518224846492,0.30625533491972734,1
-0.6176701844915622,0.32829293077723753,0
0.40610445008066937,-0.5681109999812486,1
-0.8445567541044185,0.2003718713049814,0
0.12338200152420463,0.73512400214735,0
-0.17210687825458226,-0.11354726715895763,1
-0.21741311252864043,0.8718507602096187,1
0.5957358686665003,-0.5493028996808322,0
0.32843867525007875,0.8565085777771055,1
-0.7443177487015658,0.09045607263045928,0
-0.19248982099865383,-0.6143915780925651,1
-0.2182040640002849,-0.6799263959940394,1
0.14928582784132746,-0.8900448999069935,0
0.11713277445824233,0.0059598800939919955,0
0.38079837519964277,0.62716982510553,0
-0.029495565478534533,-0.0775606439269243,1
-0.6004334135940826,-0.5845444054116402,0
1.0835903865239902,-0.16940648452457818,0
0.41668473880083473,-0.45363593021982984,1
0.7651639602765087,0.036431371875631724,1
-0.4727507625813254,-0.06599588689896563,1
0.07291536658197535,-0.10132744574560604,0
-0.7691503226390961,0.474193626054686,1
-0.5034512144630179,-0.5353322298300977,1
-0.352367697992615,0.1276281145218217,0
0.9159099534850185,0.18900043061245692,1
-0.40612943122712586,0.2206466476572239,1
-1.0290345597453292,0.30471377458762966,1
-0.734652548366541,-0.39293737075250323,0
-0.7012127854669489,-0.5742027216685694,0
0.6779599864289256,0.3011835986695922,1
-0.5668861631983848,0.773164382982653,1
0.24136610513302023,0.22281919621899773,1
-0.13532269028276905,0.20723976934188473,0
-0.23000059797249253,0.7785684058189909,1
0.08750092792081407,-0.26469225506581,1
-0.30594691491171394,0.39958610438144243,1
0.1230136722259352,-0.3469440889038306,0
-0.8150624318488359,0.004698862934227166,0
0.20189911441388778,0.3103414296739946,1
0.08374058713599217,-0.8612148094266278,0
0.8715734795193564,-0.5037191249110701,0
-0.2768881646325107,0.008175397616260613,0
0.5733957077416425,0.6227854087379066,1
0.8415502537873446,-0.5577743648022118,0
-0.262739904589996,-0.46941430085648805,1
0.6113718555539088,-0.7227505286832457,0
-0.13945049185885136,-0.21331206855602375,1
0.35219267494529305,0.21992531116123046,1
0.24276674807268453,0.17815791940219863,1
0.0661695511287663,0.47858478850640934,1
0.265089411287536,0.11323417945852471,1
-0.9382015607021407,0.6817800147527862,1
-0.33197887695148753,-0.6000012182673342,0
0.07376195608443162,-0.0783640728315739,0
-0.40617019196140264,0.5973965225187925,0
0.13110938955517432,0.6441516307980568,0
-0.6636571378919223,-0.0989425398674263,1
0.10604047587986223,0.40240252108450814,1
0.19666362710913193,0.39562882082296774,1
-0.2895613143470945,-0.7832072534283709,0
0.601741287943868,0.4401933621022218,0
-0.9042449362809953,0.4926691832061737,1
-0.21504550685666088,-0.07010141082303148,1
0.1801969157203997,-0.32772234569498626,0
0.04187832016664762,0.18249934156386224,0
0.1963546441948735,0.1726623477827485,1
0.11105580758344867,-0.25612892023592976,1
-0.7734661952769464,-0.4815337540878473,0
-0.9822953861260102,0.23248543725519155,1
-0.3195737939456527,-0.23992270283385536,0
-0.316243456444653,-0.514308236012416,1
0.7214511172770177,-0.2895619013871992,1
-0.08029737690443697,0.9347707602202356,1
0.32026196662957407,-1.1283901584638574,0
-0.6972808198707954,-0.46926590160321185,0
0.08611269697637094,-0.6208307894734125,1
-0.12919181711425376,-0.21151915366051252,1
-0.9313606126554156,0.15208213040733728,0
0.06638677103247656,0.8252964590189852,1
-0.009946267733188838,-0.8544872551795257,1
0.28818689627962507,-0.3839157096019533,0
-0.3860908320192139,-0.11302187687146102,0
-0.7867912612813728,0.6617667060042179,1
0.37841402239656574,-0.5003985238278219,1
-0.5058848103379652,-0.15960587080019767,1
0.004041980196778863,-0.2551787488485313,1
0.003928562737572083,-0.4672971488103818,0
-0.320871435709054,-0.47985617170981715,1
-0.250916107272813,-0.2338865415142405,1
-0.36537608476407807,-0.5398008861643995,1
-0.3110700655947356,0.1273688139293023,0
-0.6879430382028937,0.595360928099402,1
-1.0956911402477967,-0.011581200141764614,1
0.3066146180323142,0.4790279590483254,0
0.14197492421355143,-0.5888802895392186,0
0.6832829957966822,0.15780007017880468,1
-0.4891002924918912,-0.736636052397139,0
0.5550261590805118,-0.11760911885665135,0
1.00398504302805,0.03549006223572886,0
0.6640296653069514,0.4795984072063631,1
0.6487743811229827,-0.3350774310169274,1
0.24705034136676435,0.5676711828112024,0
0.7037829606440389,0.36294079247262423,0
0.47549726310072943,-0.2509565195532105,1
-0.1532322699853006,-0.09764675427653768,1
-0.1871510014350332,-0.17759035010882587,1
0.028696221853798526,-0.24762971181668308,1
0.2013631782077789,0.6250242288675029,0
-0.2961207619149322,0.1392507875397149,0
-0.1845827173729251,-0.41639568838231394,0
0.45769523790818667,-0.7909271160463235,0
0.432874542595616,0.12473898447234888,1
-0.18198148391350172,-0.1622200441826803,1
0.043378214299461496,-0.18061079659648133,1
-0.39449427317920094,0.24070981038446698,0
-0.18389495573625803,-0.13307941137396506,1
-0.11658706941377464,-0.0015224493288890873,1
-0.2496835769912407,-0.12685460226978434,0
-0.11748119939126622,0.921755943848999,1
-0.2924995816195997,-0.2807412089166372,0
-0.3509637066121829,0.1966981653191354,0
0.5518457335673248,-0.7997534200750487,0
-0.4219621321424054,-0.1050157814885149,1
0.5710249223327227,-0.15151138336396416,0
-0.09176882052719389,-0.016081315703599778,0
-0.5849412039731433,0.12982280444492747,1
-0.44498734304356663,-0.24464068201476838,1
-0.2191108309287756,0.4955823378909542,1
0.6059720405333411,-0.475586203400486,0
-0.28488326810309383,0.05185335381174189,0
0.08194870337052679,-0.41481906361431437,0
0.5642048129985264,0.06260239417591029,0
0.5178991081440589,0.6659735587597996,1
-0.0004457111516688733,-0.004545452981863686,0
0.14734836329002968,0.3723708177819431,1
-0.27433232567491395,0.4375920663316426,1
0.40431931166472757,-0.11454971411025297,1
-0.19843898321989498,0.5392742495053715,1
0.12605404327916658,-0.5567465143500933,1
-0.9660213223850328,-0.02915719457129823,1
0.39118077510878024,-0.40332575735547926,0
0.3115721647619546,-0.4011435054339094,0
0.2622309933595811,-0.5418537020660373,1
-0.625542227815731,-0.6020064269648346,0
0.264292553982013,-0.49238122314253235,1
-0.5480112912978736,0.31896249278838623,1
-0.1137328250936794,0.8043103905064641,0
0.0675069521306795,-0.1399651388950561,1
0.0011191805859663562,-0.1182461735933477,1
-0.03855199788449395,-0.2308337762768578,1
-0.6898438482899301,0.7782461106407795,1
0.08499871234362169,0.1240361653819037,0
-0.24206127488011842,-0.060021780114506484,1
0.46516765646440944,-0.8696789692943564,0
-0.5640139328911877,0.8822848761816657,1
-0.30263055997390137,0.30907687060329736,1
-0.2793619131579305,0.46158291837117876,1
0.5282842073425423,0.2664603473700978,0
0.6483996300600473,0.33758644672158555,1
0.22250014590679867,0.42208256078470374,1
0.9137393178787926,-0.47861388993668064,0
-0.24995077711190702,0.49408736300944667,1
0.5645950299946515,0.17537170273886252,0
-0.5960645256775537,-0.5438038416375105,0
-0.4861680251331191,0.1490443446440893,1
-0.5867559433139456,0.3516898715138441,0
0.7474709806528156,0.41058371665643606,1
0.16894245964459303,0.1841414648629985,0
0.3163894053922583,0.8583454408121728,1
-0.6840123106623565,-0.3487555300664288,0
0.09994806589577994,0.10848184073153133,0
-0.23015183059710068,0.7279542401523872,1
0.017119437994575507,0.06553924704511305,1
0.05440170980952573,-0.7728684380140001,1
0.10472943973845443,0.538007104457887,1
-0.5104405515494079,-0.15719520401059264,1
-0.9943032697366136,0.1680780434183688,1
-0.6023116305721196,0.05171019375180663,0
0.021503495883376796,0.6038908776191649,1
0.6977686941045386,-0.09009701296953246,1
-0.6560414230980685,-0.14265822499637604,0
0.6281127439426895,0.15712916301231714,0
-0.7823398354215422,0.10631189264275345,0
-0.27773338535061765,0.027611226588685082,0
-0.05401054963928452,0.4311571699060578,1
-0.7061553966610149,-0.5897568228372716,0
-0.17391638854560107,-0.3893755000477851,0
0.31654162758193327,-0.4444041289795681,0
-0.36878356550995917,-0.4185114529885549,0
-0.3808476198887836,-0.8971013044853042,0
0.7565848548841523,-0.5901009521946983,0
-0.37706458957523986,-0.3158610799145327,0
-0.37843164848418775,-0.26977223854167476,1
-0.07032614933961338,-0.6711070111216851,1
-0.714892116356641,0.2391823938546285,0
0.26944848848212044,0.18730110148868054,1
0.15613053174867142,0.3549048691689108,1
0.20140475632153854,-0.6472817310604437,1
0.17714804932203143,-0.4896391398843608,0
0.7047030831415665,-0.08129423258429508,1
-0.1874836890123464,-0.8560348903837294,0
-0.284607524067942,0.26930003763139354,0
0.3461850221697716,0.1993868526748217,1
0.8710859785340381,0.07800465291248955,1
0.19381021141622384,-0.17945391521002782,1
-0.30336395307945707,0.13502534784272796,0
-0.034497110528805025,-0.6742292330493646,1
-0.0062017970261638855,-0.07898264697040222,0
-0.47330281392539514,0.2472146724513764,1
-0.5264734263149501,-0.2535889373642358,1
0.2523179785685994,0.6238117682905151,0
-0.15232197954120164,0.3495706705404702,1
-0.40797112288175086,0.5569849620253885,1
-0.5568935790423905,0.37367825437970087,0
0.13432538081459522,-0.18385520559818697,1
-0.1993079934292762,0.2893205675279741,1
-0.29446705206349294,-0.009515721456703425,0
0.36399267697636717,0.23366498845878128,1
-0.578865014351391,-0.036416185455725836,1
0.2321203610241378,0.07914876884366998,1
0.22923324105726217,-0.7731625471424218,0
0.5150165537077886,0.1044110558093698,0
0.6244059930123038,-0.6807860100375236,0
-0.292194574822292,-0.08035211745163587,0
-0.34549135479225657,-0.3788252568349563,0
0.8116933261578372,-0.2080210735354464,1
0.7691574031452846,-0.6223861628352889,0
0.21388258492499393,0.6294632579381627,1
-0.7372756342137267,-0.15909499706846186,0
0.3937207029657021,-0.19746740651894426,0
-0.14883530348534674,0.6160000962211073,0
-0.322226701964816,-0.04488452106652133,0
0.3613420450875589,0.7089383542853329,1
0.14125298908586625,0.3627666357382076,0
0.14999545948046467,-0.316198901073894,0
-0.48664700967208313,-0.8172606756214209,0
-0.15799118965613237,-0.12633919437186877,1
0.6175612829206281,0.3079068389276804,1
-0.6129227791677909,-0.20622710876520955,1
-0.009506478247747696,0.15627937618856552,0
-0.7504755003108331,-0.39058820964933966,0
0.2824054058898295,0.20096339255456577,1
0.6317710604849862,-0.04836543490558839,0
-0.03473939366415431,-0.385513997221831,0
0.24550978521962452,0.38467174780401003,1
0.10822812330214375,-0.03147489198012103,0
-0.4427289806278304,-0.31949423726910736,1
0.2119529065897433,-0.14814469932720392,1
-0.16452026096915195,0.0533927066434034,0
0.14631550276994285,-0.20634427609715494,1
-0.4148787715567365,0.8721244579623666,1
-0.04580118795208802,-0.30957054513656024,1
-0.22763817649297308,-0.30407904718703466,0
0.10627298065574363,-0.6890753166532252,1
-0.5052379120389593,0.3474659256846106,0
0.011549028581340784,0.23286182618467122,0
-0.006143261901870367,-0.19185284824605123,1
-0.7463896210199887,-0.07443223136425793,1
-0.14996723823912703,0.1893023629263812,0
0.3230483667577507,0.3417130655322693,1
-0.509188984241197,-0.4454633620235912,1
0.14507290964020392,-0.12925330021284218,1
0.437598977005345,-0.8635463922827039,0
-0.6165976378317478,-0.07268200515104575,1
0.12822874221851327,-0.7702739107061767,1
-0.1256465267472149,0.23678036642075562,0
-0.5620342370365324,-0.3761443925596466,1
0.7969142726672758,-0.5388613665579746,0
0.18128661377779776,0.2881833959038758,1
0.8710144609090207,-0.10256748454813848,1
0.13145171239423606,-0.553111112051704,1
0.24772880339292822,0.20181115422325688,1
0.5546878209842286,0.6108230163927175,1
-0.23086216660935932,-0.9577111189433923,0
0.12296305127831751,0.537797207937075,0
-0.8418879685070262,-0.4038360500763857,0
-0.059423147690906425,-0.11509773298691081,1
0.748446184057184,0.05492036287032135,1
-0.8501000823056506,0.5148995828534428,1
0.2064040694688171,-0.2736998619628951,1
0.5799243157303319,-0.3941114428821992,1
-0.1043755198320794,0.42446101533072544,1
0.36465794512403177,0.3393074991024677,1
0.4646101813329606,0.22482235394612582,0
0.16876250544191124,0.01732829954458981,0
-0.16997964979358493,0.10614376598831997,0
0.05807297493649637,0.11965975412108187,0
-0.5732496219613498,-0.05750950821774663,1
-0.7837242094718861,0.7145599799347049,1
0.2900554066983173,-0.22143062114017137,1
-0.1308392873035265,0.09179835778333137,1
0.179011365488706,0.08262827990302808,0
0.30699983571862816,0.09294917480569127,1
0.4082996650994494,0.8495293743593478,1
0.5944749600298807,0.4904539348988801,1
-0.4002808881052816,0.16606388959881363,0
-0.6285425894418992,0.3400756799652526,0
-0.8028580690487903,-0.10805132405814831,0
-0.46132771478541207,-0.6048976042449083,0
-0.5959979178122705,-0.1725617198118982,1
0.42223068111351575,0.336392540605489,0
-1.087703169837433,0.05798346864270443,1
0.6437305958336151,-0.7926489892922832,0
-0.004199349197971783,0.01222682589668046,1
0.15181121167944575,-0.16828807968285545,0
0.6365049368271153,-0.6688356296665157,0
0.40578051979551866,-0.8438826694218974,0
0.8525907795747548,-0.4708327062985263,0
0.1488694547653935,-0.03783087980247754,1
-0.01053705860145121,0.7879076311691011,0
-0.25902003718549205,-0.33839995923247673,0
-0.10451846235746587,-0.907958442888035,0
0.022769805388918762,0.15770936626256565,0
-0.1309129918000318,-0.2791540397489025,1
-0.4288708438719735,-0.2524455784188862,1
-0.2809817072180757,0.44706921494047946,1
0.02536412627948148,-0.07625273503901173,0
0.06859661044505327,0.07232911147213121,0
0.5289226821453782,0.1783219919264632,0
0.5586666425889881,-0.03033246451026249,0
-0.5443882411103949,-0.17910421697022727,1
-0.18972829091246968,-0.030786642964274108,1
0.06661665029289415,0.47857940638943347,1
0.6374486174153108,-0.03197295208994905,0
-0.40700249028132046,0.4216998707233786,1
-0.7160745523999169,-0.24059296210007197,0
-0.45656117549374026,0.3333279513500546,1
0.17201234217468567,-0.13745507660118128,1
-0.19359741397866584,0.7383065696763358,1
-0.2315357097164807,-0.010782533247642043,1
-0.1490161830453845,-0.1725966012980637,1
0.2558307131512872,-0.7911221934890355,0
0.11327983791983443,0.21782240267959058,0
-0.0037744239062846227,0.7113902190645222,0
0.42093683391345676,-0.26772233984886346,0
-0.32404203322616076,0.19053181839252245,0
0.1290583324543417,1.0278072317358378,1
-0.7061586899643256,-0.018249035109727002,1
-0.7227203948402183,0.15319022497268936,0
-0.21478249371146474,-0.16833461102027716,0
0.5490557287020165,-0.24762842034139493,1
-0.28818074596845167,0.21081234543484634,0
0.3770434825478165,-0.4201955397130289,1
0.29464905525934737,0.3678345555342801,1
0.6219404680062252,-0.12429538609262807,0
-0.28686160494313295,0.08382295340249037,1
-0.5950556876553772,-0.24192369663236785,1
-0.16322926940088595,0.12428399118483645,0
-0.37063447708138986,0.6657988985797376,0
-0.5973545385330978,0.7631395285458895,1
-0.11194238300942048,0.2630907337194812,0
0.41509818141471005,0.39725416807425,0
-0.048247315951398445,0.3481344291417944,1
-0.23355400333773363,-0.2427073722255983,0
0.26219988323584315,-0.7626024829849969,1
-0.1195217486750787,-0.12285615203124539,1
-0.07038707004249452,0.9066897455561768,1
-0.05653562425763868,0.18575341003026952,0
0.10454673772314885,-0.23805878418020088,1
-0.29099512894042656,-0.4913315276348034,1
0.04807362373856654,0.17940687735132715,0
0.22376149324366584,-0.7530241744909563,1
-0.45134512764676293,-0.6767586401792178,0
-0.8603899639376271,0.4567612636739758,1
-0.7893922102214835,-0.4516285842277526,0
0.22763771534174423,0.049015689788289504,1
0.3408301308541396,0.052329504248234765,1
-0.17721417721175595,-0.3753807972965194,0
0.8715628214394759,-0.12268961204577047,1
0.7991141428366519,0.2377505488142394,1
0.9483715670043942,-0.19048684090907483,0
0.7049146969329569,-0.69426525457123,0
-0.19744094602742362,-0.317549108889479,0
-0.46163780631549034,0.45246562343190516,0
0.26090931617778634,-0.14789529454540196,1
0.15904935834374806,0.14704975532685588,0
-0.6228118809857138,0.35378726566322455,0
0.7387533185455913,-0.5054442299874778,1
0.09082018945544576,0.049896685730129176,0
0.04755694581605699,-0.3182451229460068,1
-0.8406356905791108,0.3557669293222552,1
0.5038841730317802,-0.666292337184404,0
0.16611288584810802,-0.8297044020921474,0
-0.29976335617406985,-0.22435919529045306,0
0.5517306138946065,0.5121253042142699,1
0.01718491368378379,-0.05271760845788858,1
-1.0973592034342454,0.16155493088459452,1
-0.2786829636569272,-0.07177897552384027,0
0.41169469317254187,0.6004235922266318,0
0.14361591566616358,-0.7646170843577101,1
0.14994146634503933,-0.6146459580787352,1
-0.6903106517644678,0.15288353365187365,0
0.5622558535279262,0.3183454472768934,0
-0.2533400765950362,0.015997615915887345,0
-0.22027127451571749,0.4758821422674807,1
-0.7617004880669043,-0.20565798376412003,0
0.4894978033675261,-0.17661303868596845,0
0.1294717044929436,0.370032062827355,1
-0.3345305939411322,-0.8795151379814626,0
0.5635223651423231,-0.22428732701009008,1
0.3663663950096336,-0.140034485061596,0
1.0423251652690417,-0.18289624023411175,0
-0.3314765558843543,0.27151674539667886,1
0.16908347869294488,-0.08893187569117385,1
-0.1883901289487594,-0.1197986774804507,1
-0.8994876141072968,0.4528499881661669,1
-0.23862815181770936,-0.34935294281051543,0
0.28782166592540365,0.3743164943541025,1
0.06438678519152692,-0.4375391821455889,0
0.4961410439741905,-0.5426768950232751,1
-0.5244733144652391,-0.07678862825936092,1
-0.7391544286856833,0.5224222369972829,1
0.3669016145066859,-0.30038067470998125,0
-0.22767316742685245,-0.7182216222088258,0
-0.5918182892636985,-0.33411474608626496,1
-0.7072537765832045,0.2583480461855348,0
0.5409246044811253,0.15833666013763123,0
0.7301494586130444,-0.2276107886071571,1
0.14141447676509394,0.10579476864137276,0
0.18464903897803675,-0.5759168673597757,1
0.1560529575776568,0.6630410132565403,0
0.23518807387848684,0.5813410672450526,0
0.5824855247195831,0.1770298583324277,0
0.826369536058829,0.0001686779652169887,1
-0.07554198241622319,0.14213114980033514,0
0.3908125247867056,-0.6159093120712096,1
-0.9389940166860828,0.3147074872877832,1
0.5770838790004528,0.5875812181445886,1
0.18161583096184375,0.3338987505890735,1
0.44969939515167423,0.2303915459025849,1
-0.013067955238577844,0.12303577434357038,0
-0.7996671930515032,-0.15242936456936151,0
0.3182266412063351,-0.6359995098782963,1
0.10616668773801576,0.8154034460236389,1
0.24493600598158569,-0.7067540070103085,1
0.28156828279792884,-0.13485539087817294,1
-0.6767032351451594,0.14264191655404515,1
-0.27923853112154545,-0.4356205070296269,0
0.6426750019105679,0.46081045417805505,1
-0.13873018338044824,-0.25409661154562535,0
-0.0039019441842710993,-0.1276577029601559,1
1.0566122690419102,-0.23841118270201989,0
0.8266978506965488,-0.006374885032272612,1
0.05136798140179383,-0.1737404152632452,1
0.4259069655304145,-0.14215423122691986,1
-0.4189682586832997,-0.7475639566788205,0
-0.10493528833953134,0.033973673959510536,1
-0.14190199692414868,-0.7734295273958965,0
-0.24935100032050223,0.40852991259182586,1
-0.6471816277568687,-0.3579866972228056,0
-0.26241264534829234,-0.5593033352416076,1
0.42553852121634334,0.4840757447257618,0
-0.06929543021843652,-0.1764930916750317,1
-0.3338437292700243,0.9015727245995799,1
0.08413912940155428,-0.24139583404575196,1
0.3159575165716753,0.6464959827411475,0
-0.5729346030902301,0.1683643096272962,1
0.8476956278919854,-0.18440999551381557,1
0.5221773526855593,0.35953717122542106,0
-0.05655685024307246,-0.3915511450912498,0
-0.34171415002025546,0.4282826081893712,1
0.7540103197849949,0.0638764997889945,1
0.08927908893309543,0.01808527448583977,0
0.7171550324968962,-0.145219846956878,1
0.4848549325933387,-0.17944029842200504,0
-0.27103168963931223,0.6339952953562222,0
-0.19623135968462738,-0.633764152748178,1
0.0391512844364028,-0.02666201447177336,0
0.7370127667208102,0.5267256220423582,1
0.1476881010369021,-0.1022976353006806,0
0.8233310227898015,-0.5294274003746994,0
0.33914413236506724,0.8493508117445915,1
0.3729778719016576,0.011384379100698984,1
0.3950138596241006,-0.2637789773321901,0
0.05266667917671454,0.8591389567117359,1
0.5327761997653132,0.23518730064491555,0
-0.04388034118426047,-0.4040870688170611,0
0.2687453538583565,-0.11087491402166472,1
-0.33904050360095284,0.2176653391296235,1
0.5870887576255,0.24446311998871478,0
-0.3896787216748847,0.2606208358911925,1
0.658835698864287,-0.5897987240152708,0
0.3759362647190133,-0.4629444224632452,0
0.262732321155824,0.23094213126180746,0
0.4450549463318787,-0.025974488883534718,0
0.4283302187407453,-0.07253088703675004,1
0.5162390130896253,-0.03554981636113837,0
-0.05274333090313313,0.5836882715440896,1
0.4046033135049571,0.36901708774988473,0
1.076293966318045,0.04490599798708208,0
-0.08043449342801876,0.15918457523706164,0
-0.2758359001493935,-0.9942295601608553,0
0.6209828548835052,-0.7469770362474928,0
0.4863356068467188,-0.02022221682489278,0
0.17394424760681235,0.04438045215314852,0
0.018152448650788466,-0.07891827958965286,0
-0.2244778437174677,0.6744762495185873,0
0.5972640893689422,-0.5197206550466167,1
-0.19705247616998806,0.39473079444287595,1
-0.5082009854511247,0.12518633995972558,1
0.3462563963786225,-0.420283954700419,0
0.15863556872334603,-0.2010147966964452,1
0.1050159214460755,0.10054610660441245,0
-0.030642673482871995,0.9315833863750771,1
-0.020973881367721443,-0.32614685064227555,1
-0.1940273495449471,-0.04132457945075804,1
0.0704118082172836,0.2621640522164218,0
0.2738286947232471,0.29691607574260415,1
0.14239120249530057,0.3385541215703601,1
0.09052192714093796,0.17669492744696236,0
-0.08669091918104899,-0.14451764619676039,1
0.4041757361557069,-0.6140948442401313,1
-0.6536429329773912,-0.5743513450250985,0
0.19782734371061592,0.3340184310676785,1
-0.0772909023876555,0.6609284779929423,0
0.23740928067008082,-0.0713873407441012,1
0.7514985685617007,0.16523995438294733,1
-0.40090230558561113,-0.5343812407251192,1
-0.1441552870118162,-0.014169408895888885,1
-0.7213487773027294,-0.08591178018573843,0
0.6583702392881818,-0.18405268865093735,1
-0.3158569437463716,-0.6554499097642001,1
-0.09170816391450781,-0.573875380334852,1
-0.132621728534918,-0.1857000858790093,1
0.5267802440060729,-0.6225391219829551,1
0.4902606975662495,-0.007890269566391068,0
-0.6845150687111904,0.41946968271003243,0
0.025913932368682238,0.09856932431863087,1
-0.7867011729313075,-0.47555672687332956,0
-0.056573716248872544,-0.6633316967040735,0
0.4298053277524552,0.01381908471964921,1
-0.06644128877017719,-0.06951375361654193,1
0.8331280085187287,0.19553510072395874,1
0.12635349062309503,-0.26664970558925094,1
0.29898119440141563,0.31181898145145803,1
-0.8373296988640697,0.025577791057551452,0
-0.8185797934580561,-0.08606923316060706,1
-0.26666991434247883,0.19908954432528292,0
0.4468757587473804,0.6547702091250215,1
-0.4374266696545033,0.20810014869655794,1
-0.5208637142301645,0.3320379628800949,0
-0.1210282511841643,0.14417865126748017,0
-0.1457188433494529,0.0423764921346971,1
-0.03866974391942685,0.4952073334070052,1
0.2258594301274667,0.9195204773862384,1
-0.22951847217319632,0.0021593314580188594,0
-0.35959508868454,0.3160888409006393,1
0.7140269077228674,-0.37976755645963445,1
0.035078149075648796,0.22375455425538854,0
1.0012060534121328,-0.17208939281925456,0
0.610592675062398,0.29764912791426257,0
-0.26547846552208887,0.1853656211188175,0
-0.4670778859763631,-0.3961653062503441,1
0.007230465962108357,-0.017427594335763588,0
-0.5583598107308714,0.578557990690402,0
0.8802849224893645,0.00020180215152748593,0
-0.54627120665251,-0.017103414864976282,1
-0.6916007112747816,0.5853677239262314,1
0.18142731450240482,0.10498030796201926,1
-0.21052347663315019,-0.21158656681594246,0
0.45377372177698905,0.48597321769830565,0
0.19842679402031563,0.6619010649171764,0
0.02650668721725379,-0.500863775503448,0
0.37471479919740874,-0.25389011799222827,1
0.41910035049144545,-0.49689917506076947,1
0.3116600217940674,0.39430130845723355,0
0.4755097876140932,0.013802516148598662,0
0.5671660639622638,0.05319191554436871,0
0.10068080042651585,-0.5435443227098279,1
0.01507700230419215,-0.2242369265844091,1
0.3934645307436229,0.8029359186119467,1
-0.1124936567046914,0.1151695605198814,0
-0.015316865211737377,-0.2313960399517933,1
0.2507883724926169,-0.19563826657580932,1
-0.0947420378569737,0.08604939784876112,0
-0.45842598900772147,-0.21576531176909472,1
0.304457552905285,-0.07389019818798083,1
1.10265045951687,-0.04266238575394308,0
-0.04401400716828163,-0.3752989187656095,1
0.14326088157644573,-0.15839192767811472,1
0.07030244293120921,0.04763173743316734,0
-0.26673661089747636,0.5503009239202364,0
-0.5113508278420277,0.0028899236145082698,1
0.028128052530736563,0.3420690382323508,1
0.5715839011829742,0.36968236667244786,0
-0.26682708024569396,0.3484618820379856,1
0.8227167203041051,-0.02727734827620651,1
0.3054388317435639,0.4643854705778198,0
-0.4222978613460303,0.22775580474589907,1
0.4345651535783766,-0.26604847309746477,0
0.5685730670057382,0.014956466770649393,0
0.8235134220448366,-0.16461971951101567,1
-0.9280101040418565,0.4748017063131912,1
-0.06139195120868668,-0.14407341013669392,1
0.14068901709817988,-0.10179797339564167,0
-0.15997201361280114,0.2602203594297702,1
-0.1900225976786291,-0.13300352099776716,1
0.47430635925666986,-0.028727477485740782,0
-0.01687804318978365,0.6795408264060301,0
-0.6113093833424696,0.15793302264023956,1
0.793881202747319,-0.2059914027124094,0
-0.1727926656492568,0.6992688640883832,0
-0.3191008373792828,0.3205594008076628,1
-0.6761790548937546,-0.6265561494914144,0
-0.3133703635729782,-0.26531287030424466,0
-0.39955771711751564,0.43240681127112546,1
0.863004745264327,-0.39874955530770934,0
-0.6695337009477925,-0.18362617709455079,0
-0.16297839013235238,-0.6689457352056137,1
0.0038540163338196265,-0.09044786599990257,1
-0.23922412242225097,-0.2371721084480926,0
0.24936819565916224,-0.20965939712683462,1
0.4589436908618568,-0.6007114961566203,1
0.04671626012672872,0.08619141410160235,0
-0.44482990703918596,0.1577475699887914,1
0.425490118991227,-0.4296745720481011,0
0.071102496209873,-0.4528373317505288,0
-0.3422312722834003,-0.6759303085012014,1
0.7076548931116005,0.2638845495130224,1
-0.13257565435258015,-0.03761585115722696,1
0.38760189061310146,0.2735280999368387,0
-0.22971710868232728,-0.4324398207797177,0
0.09614832470315722,0.22661172103660487,0
-1.0238215276767801,-0.018665178558848472,1
-0.12857718943918284,-0.1387515714235022,1
0.22562855194152448,0.8231731262588626,1
-0.016777766925707358,0.12886663162611922,0
0.0925196968181208,0.829296577787821,0
0.18356709531210003,0.3297450102050612,1
-0.034709822627115194,-0.11110521885243639,1
-0.06470323304160042,-0.29992369966504645,0
-0.8768733975851865,-0.02414627412043749,0
0.12669658335081943,0.428231583831074,1
-0.43622704438793886,-0.19580812555173924,0
0.3960872198194007,0.9733135691597542,1
0.09802866039186715,-0.26912849887441187,1
-0.44560583115971697,-0.4482610131280349,1
-0.8498118366253368,0.002169764682669127,0
0.338766660534517,0.2819784325096182,1
-0.2609728184772843,-0.31533333354397364,0
0.17602648605311397,-0.643310791146559,1
0.46774829164418064,-0.8850115889666937,0
-0.4931447790648532,0.4104615949931953,1
0.10286185227457757,-0.18523623673404035,1
0.33213116806932363,0.4000176815337136,0
0.33513910489401094,0.04982929752307742,1
-0.0524164676579687,-0.18775695279470012,1
0.16656191519784172,0.07250066785684446,0
-0.2084928011278018,0.43402826160407115,1
-0.6841250969572201,-0.19726194590470086,0
0.6257871249165131,-0.5667015234796206,1
-0.420962440898937,-0.17971799780198963,0
0.5444310930103196,-0.8738199364069581,0
0.5374569887120685,0.2882031129427694,0
-0.22504386518455124,0.09599370276352315,1
-0.15920552485513542,0.07264352535185237,1
-0.6474457648486892,-0.3279878188006019,0
0.7407780545163491,-0.45531431271528955,1
-0.1062142352817449,-0.12273135975468175,1
0.8893724832748676,-0.253912688538192,0
0.03429877051311936,0.08087727803174974,0
0.11965492280053636,0.0962953804194024,0
0.006667933621460953,0.07222969325890444,0
0.3923914441390548,-0.24925883230814458,0
-0.6914545093962992,-0.09000503300977056,0
-0.5224314487489685,-0.1989063186079464,1
-0.35625127232399484,-0.6958309304397289,1
0.21915980144910122,-0.19626974322418939,1
0.29656766205053786,0.23190384824267857,1
0.3018368223009652,-0.7928190198503016,0
-0.3247040977732599,0.2408101427194414,1
0.05001314236757945,-0.5332561664549373,0
0.7832770021091107,0.3440921343555433,1
0.9785679094633903,-0.061990037546810636,0
-0.24209546242368704,0.6607468287049726,0
-0.2173891703600755,0.6585457643896149,0
0.11474530753346787,-0.1387355463971434,1
-0.7887238873634163,-0.28756046828789505,0
-0.14930141687443949,0.042957937086109045,1
0.011805732228728215,0.13396343694088847,0
0.16629287645978788,0.3085545042779331,1
-0.15029927782868285,0.033119443084735294,1
-0.1597068533523703,0.018007457955533455,0
-0.08968751937507216,-0.8162848288262264,0
0.7252469332992516,0.3120070761510075,1
0.13471526991817268,-0.10272602300614676,1
-0.17145663781969367,-0.6666907795196122,1
0.21385295114133496,0.10742723865918063,0
-0.4445901612001972,-0.19774485592447605,0
-0.5210049276250392,0.6928168253562241,1
-0.355146190069824,-0.2310022253505259,1
0.10561581362607085,-0.6393309232957625,1
-0.3463814812509745,-0.6579720063329163,0
-0.1665126806458323,-0.3461303771773313,0
0.6889277741477106,-0.6157471110263392,0
0.3057375393026198,-0.812218602886967,0
-0.04666119898781716,0.38253301137281187,1
0.5870873397073615,0.30854005710452026,0
0.1630067911975649,0.004434956315424603,0
-0.2363259738058401,-0.14708026736288032,1
-0.5703441585829526,-0.29211225319306955,0
0.2704669558627538,-0.30521808722128846,0
-0.16731365706842613,-0.007495581727620493,1
0.03280880280028421,-0.10554450667783583,1
0.05032130868223312,-0.05378345576149454,0
0.25519237045363696,0.6598096516688761,0
0.8577564188121172,-0.25105143864140056,1
-0.4015406746156813,0.8348268857186181,1
-0.5701884870284848,-0.23232124915050129,1
0.009878611939425675,0.287079906002163,0
-0.054393674139162344,0.6140983553636916,1
0.05795156989228312,-0.1140347964931116,1
-0.47885848353886845,0.1667675641675499,1
-0.16886426342048186,-0.38424013018866865,0
0.8895147963542778,-0.5417607465838891,0
0.509200222641971,0.49723700693464384,0
-0.2954673947650973,0.09322434416440473,0
0.22360421755608254,-0.10289181763286712,1
0.02068046551917844,0.08490240321750271,0
-0.2072592685655212,0.3077274890256672,0
-0.3240228122981809,-0.09148284959425375,0
-0.0015295759834386205,0.197651194717482,0
-0.14057927028274997,-0.05471876248772714,0
0.6362833484978343,0.3402207222931979,1
-0.26602448215156616,-0.5679430046724405,1
-0.23630472215291995,-0.13761487224377783,0
0.46899357494555965,0.44108733713629655,0
0.330722481604526,-0.1838118788203802,1
0.7073648985947243,0.479134414409759,1
-0.33352288518775164,0.1502887219776615,0
0.479812118692364,0.700981165056784,1
0.21928656966100812,0.07626961747023589,1
-0.3292415743737869,0.2651043841694574,1
0.64919889984866,0.24919827286163249,1
-0.6645660308092015,0.44689076549901474,0
-0.32066760016811935,0.36026081396305376,1
0.03649839073899285,-0.3711032106419495,1
0.12327153814046836,0.03868838047683787,0
-0.340721604238645,0.1985400072358898,0
-0.5046065279433135,0.4559311875484573,0
0.37491365978150176,-0.6068235165282879,1
0.21786156735186915,-0.5555491206188123,0
0.7921352139535952,0.16329420457644392,1
-0.28408743409053244,0.113420416949614,0
0.5056337199745473,-0.039391998175539567,0
0.0810919370845365,0.05885461275414552,0
-0.48479796708966844,-0.6633128678802811,0
-0.2233235879745435,0.027762590866749294,1
0.8064800075997255,0.2058691777852804,1
0.6788906528138109,0.011321425644526584,1
0.8352312138977536,0.017263588714631607,1
-0.3681352452101599,-0.7729902948855821,0
-0.6567391129553082,0.16264997745112192,0
-0.3874786804013327,-0.6686649707818247,0
-0.19806494867845487,-0.5010518470736857,1
0.5028331181820757,0.3632604489626484,0
0.3144988936126287,-0.07410582122112785,1
0.1810284240422752,0.33262204529791123,1
-0.3835248286589339,-0.8302843324528998,0
-0.745167155798045,-0.252709904507111,0
0.4104611827079717,-0.08465061455415289,1
-0.5009044054865811,-0.08737286625091605,1
-0.32983642411671676,0.8633361847129362,1
0.3563790362570765,0.1474251107613186,1
0.33362141923400357,0.9804204844996085,1
0.0694965602604336,0.5844188539812291,0
-0.0045213916183449495,0.10934438251460683,0
-0.14016625297197266,-0.5012904743238032,0
0.015737745842248622,0.15925329236022723,0
0.794850820173025,-0.5956433161405014,0
-0.13849457235467075,-0.40103499924151864,0
-0.2441199054295618,-0.6658685978960877,1
0.15224836654703328,0.08410399751191874,0
-0.12647304381945113,0.7567898076988191,0
0.5831313896113923,0.4474032488232371,1
-0.6169528223493164,-0.009684357403390333,1
0.28796703030185455,-0.6453058583395257,0
-0.7407115864799456,-0.43452925897965966,0
-0.1754534059515361,0.555330838606519,0
0.008925178600582145,0.8061330203537822,1
-0.25161309435342866,-0.9136213961710138,0
0.138689134627895,0.22808940470944578,0
-0.2862857641112197,-0.010986802906249545,0
-0.6305311531471302,-0.3938644401293747,0
-0.003636658380953714,-0.9699087702860633,0
0.2415718901743639,0.002658424485497926,0
-0.02450355153706564,-0.37327297164986145,0
0.49942319959012077,-0.5767553395079448,1
-0.514491256779035,-0.4998808595470521,0
-0.22097541025904488,-0.11458571474203118,0
-0.13192740816462684,0.6124750799853456,0
0.5747337554464739,-0.6754545433988001,0
0.443876503790964,0.36379486277533174,0
0.810600797370339,-0.4055612132667139,0
0.3433991635457139,-0.08606896800264079,1
-0.3234096986039963,-0.5356244318415531,1
0.7828937250640868,-0.09923417533872579,1
-0.9103476520791035,0.17824764646204072,0
